temperature_c,humidity_pct,rainfall_mm,estimated_soil_moisture_pct,soil_type,growth_stage,irrigation_label
27.0,91.6,0.0,77.2,clay,seedling,LOW
18.5,92.9,0.0,54.4,sandy,flowering,LOW
28.4,45.4,0.0,74.4,sandy,vegetative,MEDIUM
22.8,61.0,0.0,39.2,sandy,seedling,HIGH
34.4,55.8,10.0,67.1,clay,seedling,LOW
25.5,61.4,3.0,65.4,clay,fruiting,LOW
20.1,38.7,0.0,41.7,sandy,seedling,HIGH
24.7,63.0,16.9,51.3,sandy,vegetative,LOW
18.1,82.1,0.0,34.9,sandy,seedling,MEDIUM
38.7,68.6,0.0,56.4,clay,vegetative,MEDIUM
39.3,58.1,0.0,40.8,clay,fruiting,HIGH
30.5,54.9,0.6,48.8,sandy,fruiting,MEDIUM
39.8,42.5,0.0,26.6,clay,flowering,MEDIUM
40.3,81.6,0.0,42.6,sandy,vegetative,HIGH
37.4,87.7,0.0,47.9,clay,fruiting,MEDIUM
18.2,60.8,0.0,47.1,loamy,flowering,MEDIUM
30.5,74.2,0.0,12.2,sandy,vegetative,HIGH
24.8,27.6,0.0,46.5,loamy,seedling,MEDIUM
21.5,59.3,4.9,68.2,sandy,fruiting,LOW
26.8,69.3,10.4,39.4,sandy,flowering,LOW
19.0,66.4,0.0,30.9,loamy,flowering,MEDIUM
34.6,52.1,0.0,58.9,sandy,fruiting,MEDIUM
37.6,63.9,7.4,53.0,clay,seedling,MEDIUM
26.1,49.4,3.8,40.1,loamy,seedling,MEDIUM
21.9,87.9,3.2,86.2,clay,flowering,LOW
33.6,40.7,3.7,65.1,clay,flowering,MEDIUM
33.8,64.8,0.0,43.3,clay,vegetative,MEDIUM
39.4,69.2,0.0,52.6,clay,seedling,MEDIUM
24.7,26.7,38.5,76.8,sandy,vegetative,LOW
18.4,90.0,14.7,46.5,loamy,seedling,LOW
38.4,47.2,1.3,27.0,sandy,seedling,HIGH
32.8,94.3,1.1,65.7,loamy,flowering,MEDIUM
26.6,45.6,13.1,68.8,loamy,flowering,LOW
37.2,70.5,0.0,28.8,sandy,flowering,HIGH
31.9,27.5,0.0,37.4,loamy,vegetative,HIGH
21.0,61.6,0.0,50.8,clay,flowering,LOW
31.0,69.6,0.0,34.5,clay,seedling,MEDIUM
28.5,30.5,0.6,26.8,clay,vegetative,MEDIUM
21.8,42.5,0.0,88.2,clay,vegetative,LOW
28.1,42.3,0.0,56.1,sandy,fruiting,HIGH
29.4,31.8,0.0,76.8,loamy,flowering,MEDIUM
33.2,28.2,11.3,36.4,clay,vegetative,LOW
19.7,70.0,0.0,78.5,clay,flowering,LOW
29.0,63.2,8.9,59.7,sandy,vegetative,LOW
19.7,47.3,0.0,56.4,sandy,flowering,MEDIUM
33.1,86.4,0.0,58.6,loamy,flowering,MEDIUM
41.8,53.9,23.5,54.8,sandy,vegetative,LOW
36.0,77.8,14.0,66.9,clay,flowering,LOW
27.3,25.8,23.0,68.7,sandy,fruiting,LOW
33.2,56.4,1.8,57.8,loamy,fruiting,MEDIUM
20.2,59.6,10.5,43.5,sandy,flowering,LOW
21.4,78.3,3.3,44.1,sandy,vegetative,MEDIUM
20.0,94.1,35.3,65.3,clay,flowering,LOW
36.7,64.1,0.0,42.7,clay,fruiting,MEDIUM
19.4,33.3,0.0,48.0,clay,fruiting,MEDIUM
24.9,85.8,15.3,66.3,loamy,vegetative,LOW
19.8,63.8,4.9,92.6,sandy,fruiting,LOW
32.0,88.1,7.8,91.5,sandy,seedling,LOW
24.7,38.2,0.0,56.2,sandy,vegetative,MEDIUM
25.4,82.0,6.6,31.3,clay,vegetative,LOW
40.4,85.6,5.3,14.1,clay,fruiting,MEDIUM
41.3,83.9,0.0,40.3,clay,seedling,MEDIUM
36.5,91.1,0.0,45.3,loamy,fruiting,MEDIUM
23.5,72.0,3.3,80.5,clay,fruiting,LOW
30.5,84.7,0.0,58.3,clay,flowering,MEDIUM
34.9,39.9,0.0,22.8,clay,seedling,MEDIUM
39.7,49.4,2.8,12.8,clay,seedling,HIGH
29.0,93.6,0.0,54.2,clay,flowering,LOW
22.4,49.2,0.0,40.5,clay,flowering,MEDIUM
22.2,31.2,0.0,85.4,sandy,flowering,MEDIUM
18.9,81.0,5.8,52.6,loamy,vegetative,LOW
37.3,77.4,0.0,15.3,loamy,seedling,HIGH
29.1,77.3,7.5,95.0,clay,flowering,LOW
20.6,56.3,0.0,38.4,clay,vegetative,LOW
20.9,87.3,0.0,51.4,clay,seedling,LOW
32.1,77.2,0.0,62.4,clay,flowering,MEDIUM
26.5,94.1,0.0,37.4,clay,vegetative,LOW
22.5,45.0,0.0,54.9,sandy,flowering,MEDIUM
20.7,52.8,0.0,59.0,sandy,seedling,MEDIUM
40.3,64.0,0.0,27.1,clay,flowering,MEDIUM
30.2,42.0,0.0,45.7,loamy,seedling,MEDIUM
30.8,28.6,16.6,77.9,sandy,flowering,LOW
24.1,72.7,0.0,60.4,loamy,vegetative,LOW
37.9,92.6,0.0,43.8,sandy,vegetative,MEDIUM
31.8,83.9,0.0,53.0,clay,seedling,MEDIUM
34.0,61.6,13.8,19.0,sandy,fruiting,MEDIUM
29.1,46.1,10.0,70.5,sandy,vegetative,LOW
39.8,68.7,0.0,47.2,sandy,fruiting,HIGH
32.9,62.3,0.0,60.2,clay,vegetative,LOW
18.8,64.9,13.8,56.2,loamy,fruiting,LOW
37.1,35.5,1.5,51.4,sandy,vegetative,HIGH
24.0,49.2,0.0,61.8,clay,flowering,LOW
21.7,66.0,11.1,60.9,loamy,flowering,LOW
34.7,89.6,3.7,75.8,loamy,fruiting,LOW
40.4,89.8,6.1,46.7,sandy,vegetative,MEDIUM
32.2,52.9,0.0,27.5,sandy,seedling,HIGH
30.9,89.4,0.0,41.8,loamy,seedling,MEDIUM
21.4,37.3,0.0,83.3,clay,vegetative,LOW
18.3,71.4,0.0,95.0,clay,vegetative,LOW
19.6,77.5,0.0,49.4,sandy,seedling,MEDIUM
31.6,29.6,0.0,68.5,clay,seedling,LOW
21.7,37.7,0.0,30.0,sandy,seedling,HIGH
18.6,35.9,0.0,63.0,sandy,flowering,MEDIUM
18.5,32.3,0.0,45.7,sandy,vegetative,MEDIUM
35.3,84.9,0.0,54.5,loamy,fruiting,MEDIUM
18.3,31.0,0.0,66.6,sandy,vegetative,MEDIUM
37.6,48.9,0.0,19.4,clay,fruiting,HIGH
31.2,55.5,0.0,45.6,sandy,fruiting,HIGH
39.5,81.0,0.0,17.1,loamy,vegetative,HIGH
21.3,83.4,0.0,53.5,sandy,seedling,MEDIUM
24.6,63.8,0.0,54.6,clay,fruiting,MEDIUM
32.4,71.6,0.0,34.3,loamy,fruiting,MEDIUM
22.0,76.7,0.0,33.4,loamy,fruiting,MEDIUM
35.3,45.8,31.6,53.7,clay,seedling,LOW
18.7,43.4,0.0,70.7,clay,seedling,LOW
20.6,30.3,0.0,62.7,sandy,fruiting,MEDIUM
37.2,73.6,0.0,41.3,clay,flowering,MEDIUM
22.4,62.9,4.4,68.6,sandy,vegetative,LOW
24.0,59.3,0.0,57.7,sandy,vegetative,MEDIUM
22.3,64.8,0.0,49.3,clay,fruiting,MEDIUM
38.7,84.1,0.0,34.0,sandy,fruiting,HIGH
19.8,73.7,0.0,76.0,sandy,flowering,LOW
25.7,68.8,0.0,51.1,loamy,vegetative,MEDIUM
40.5,80.9,0.0,82.1,sandy,fruiting,MEDIUM
39.0,93.9,4.0,37.2,clay,seedling,MEDIUM
26.5,45.1,0.0,48.5,sandy,seedling,HIGH
27.2,72.6,0.0,66.4,sandy,vegetative,MEDIUM
40.7,57.7,0.0,43.6,sandy,fruiting,HIGH
32.6,60.9,0.0,34.0,loamy,fruiting,HIGH
19.4,92.8,0.0,75.6,sandy,fruiting,LOW
34.7,35.8,0.0,72.0,sandy,vegetative,MEDIUM
20.2,86.4,37.2,84.9,loamy,seedling,LOW
33.7,63.6,0.0,44.2,loamy,flowering,HIGH
19.9,40.4,0.0,95.0,loamy,flowering,LOW
37.8,49.3,10.7,61.5,loamy,fruiting,MEDIUM
38.4,85.7,3.7,69.8,sandy,vegetative,MEDIUM
21.8,86.7,0.0,71.7,loamy,vegetative,LOW
21.9,82.3,0.0,53.4,sandy,seedling,MEDIUM
33.2,43.2,0.0,49.6,clay,flowering,MEDIUM
41.1,48.9,17.6,46.3,sandy,seedling,MEDIUM
25.2,74.6,0.8,40.4,clay,fruiting,MEDIUM
36.2,26.7,0.6,33.8,clay,vegetative,MEDIUM
24.6,94.8,2.4,33.6,sandy,seedling,MEDIUM
20.0,72.6,0.0,61.7,sandy,seedling,MEDIUM
28.1,69.7,0.0,43.8,clay,seedling,MEDIUM
23.1,27.2,0.0,56.2,clay,vegetative,LOW
36.5,84.1,0.0,46.6,loamy,seedling,HIGH
37.1,58.7,0.0,42.0,clay,vegetative,MEDIUM
19.5,65.7,0.0,41.9,clay,seedling,LOW
32.4,45.4,0.0,28.2,clay,seedling,MEDIUM
23.8,94.1,1.1,46.9,loamy,flowering,LOW
25.8,61.2,0.0,31.5,loamy,vegetative,MEDIUM
31.6,73.3,0.0,71.2,clay,flowering,LOW
18.8,90.5,10.4,74.4,sandy,flowering,LOW
26.1,82.0,13.9,95.0,loamy,vegetative,LOW
30.6,76.2,0.0,40.9,clay,flowering,MEDIUM
41.4,48.6,0.0,71.2,loamy,flowering,MEDIUM
23.5,94.7,4.9,49.3,sandy,seedling,LOW
38.8,75.9,0.0,45.7,loamy,seedling,HIGH
28.5,75.8,0.0,59.6,sandy,vegetative,LOW
39.9,39.7,0.0,50.0,clay,flowering,MEDIUM
22.3,41.6,0.0,59.8,sandy,flowering,MEDIUM
28.7,61.0,0.0,24.5,sandy,vegetative,HIGH
36.6,34.2,0.0,44.4,loamy,flowering,MEDIUM
26.1,83.0,2.4,45.0,sandy,fruiting,MEDIUM
18.9,76.5,9.7,76.3,clay,flowering,LOW
22.9,32.8,28.3,85.8,clay,seedling,LOW
25.6,60.5,39.7,95.0,clay,flowering,LOW
28.9,61.1,0.0,67.6,clay,seedling,LOW
22.8,72.1,0.0,46.6,sandy,flowering,MEDIUM
34.6,83.7,4.8,51.6,sandy,seedling,MEDIUM
18.7,90.2,3.6,82.3,clay,vegetative,LOW
20.6,71.0,0.0,55.8,loamy,flowering,MEDIUM
31.6,76.7,4.5,60.4,clay,vegetative,LOW
37.1,55.5,0.0,23.0,clay,flowering,MEDIUM
27.5,73.7,0.0,78.1,sandy,flowering,MEDIUM
32.9,57.4,0.0,20.3,clay,fruiting,MEDIUM
31.9,62.4,3.2,62.1,loamy,seedling,MEDIUM
23.8,89.9,0.0,19.5,sandy,fruiting,HIGH
24.8,46.5,4.1,35.5,loamy,seedling,MEDIUM
27.9,33.5,0.0,37.4,sandy,flowering,HIGH
31.6,43.0,0.0,48.3,sandy,flowering,HIGH
40.8,67.1,0.0,15.3,sandy,fruiting,HIGH
38.2,88.0,0.0,36.8,clay,fruiting,MEDIUM
34.0,31.7,0.0,56.0,clay,seedling,MEDIUM
23.2,31.7,0.0,40.0,sandy,seedling,HIGH
32.3,59.8,0.0,75.8,clay,vegetative,LOW
34.6,94.4,0.0,37.4,clay,seedling,MEDIUM
20.1,87.6,0.0,50.6,loamy,vegetative,LOW
19.6,81.0,1.6,15.4,loamy,vegetative,MEDIUM
26.0,71.9,5.0,40.7,sandy,flowering,MEDIUM
31.5,92.0,0.0,44.1,loamy,seedling,MEDIUM
36.1,49.3,0.0,23.6,loamy,vegetative,HIGH
41.8,89.9,2.9,45.7,clay,vegetative,LOW
21.1,82.8,0.0,35.9,clay,seedling,LOW
20.1,90.6,0.0,57.0,loamy,fruiting,MEDIUM
40.1,59.8,20.2,58.6,clay,vegetative,LOW
27.1,86.5,0.0,45.6,sandy,vegetative,MEDIUM
22.2,73.6,14.8,61.4,sandy,fruiting,LOW
32.6,78.5,0.0,34.5,sandy,vegetative,MEDIUM
18.6,34.5,0.0,51.2,clay,flowering,LOW
28.5,32.4,3.4,46.7,loamy,vegetative,MEDIUM
19.4,94.6,0.0,39.0,loamy,vegetative,LOW
34.6,29.4,2.8,63.6,clay,seedling,LOW
30.6,54.8,0.0,25.5,loamy,seedling,MEDIUM
37.9,76.4,0.0,32.5,loamy,vegetative,MEDIUM
30.8,40.1,7.4,52.1,sandy,fruiting,MEDIUM
20.6,63.4,0.0,42.0,loamy,flowering,MEDIUM
35.7,58.3,2.2,33.3,sandy,vegetative,HIGH
34.5,55.6,13.4,93.8,sandy,vegetative,LOW
33.8,87.7,0.0,53.0,loamy,flowering,MEDIUM
30.3,72.6,0.0,22.6,loamy,seedling,HIGH
26.4,79.2,0.0,70.5,loamy,flowering,LOW
24.4,26.5,0.9,25.1,clay,fruiting,MEDIUM
22.9,33.5,0.0,38.4,clay,flowering,MEDIUM
41.5,67.1,3.1,36.0,sandy,seedling,HIGH
40.3,40.7,2.2,38.6,loamy,vegetative,MEDIUM
39.3,70.2,13.2,48.9,clay,flowering,LOW
36.1,57.2,4.3,50.0,sandy,seedling,MEDIUM
41.6,90.6,0.7,31.1,clay,fruiting,MEDIUM
30.1,83.8,0.0,57.1,loamy,flowering,LOW
34.5,86.1,0.0,40.5,loamy,seedling,MEDIUM
37.2,39.3,0.0,64.2,loamy,vegetative,MEDIUM
31.3,25.4,0.0,44.0,loamy,seedling,HIGH
25.8,35.4,0.0,80.6,clay,fruiting,LOW
39.3,66.5,0.0,14.0,sandy,vegetative,HIGH
37.1,31.5,0.0,70.5,loamy,fruiting,HIGH
31.5,67.2,13.0,41.8,sandy,flowering,LOW
19.4,48.4,0.0,29.4,clay,flowering,MEDIUM
25.9,55.4,0.9,31.8,clay,seedling,MEDIUM
33.3,80.0,0.0,79.0,clay,flowering,MEDIUM
22.4,50.4,5.3,56.7,clay,flowering,LOW
25.2,90.8,9.3,66.6,clay,fruiting,LOW
29.0,58.8,0.0,77.5,loamy,fruiting,LOW
36.4,36.1,3.2,44.0,clay,flowering,MEDIUM
24.3,42.3,4.6,80.5,clay,vegetative,LOW
19.6,59.1,0.0,6.4,sandy,fruiting,HIGH
26.3,88.0,0.0,21.1,clay,fruiting,MEDIUM
35.5,93.7,0.0,52.1,clay,vegetative,LOW
32.6,49.5,0.0,49.0,clay,flowering,MEDIUM
30.6,33.0,4.4,35.3,loamy,seedling,MEDIUM
29.0,58.9,1.2,6.1,loamy,flowering,HIGH
33.6,63.2,0.0,33.2,sandy,fruiting,HIGH
22.0,48.1,10.2,52.9,clay,flowering,LOW
41.6,79.0,5.7,41.3,loamy,fruiting,HIGH
20.5,71.0,34.4,79.6,loamy,vegetative,LOW
24.9,80.5,0.0,51.2,clay,fruiting,MEDIUM
21.8,73.7,8.2,50.5,clay,vegetative,LOW
22.4,87.6,3.4,53.2,clay,seedling,LOW
41.2,54.2,0.0,36.9,loamy,flowering,HIGH
21.9,25.9,10.3,61.7,sandy,vegetative,LOW
22.5,85.1,0.0,73.7,clay,flowering,LOW
29.0,50.0,0.0,62.7,sandy,vegetative,MEDIUM
20.4,41.8,1.1,72.8,sandy,seedling,MEDIUM
26.5,83.9,0.0,27.9,sandy,vegetative,MEDIUM
34.5,29.9,13.6,70.8,loamy,seedling,LOW
34.7,60.9,0.0,53.5,loamy,fruiting,MEDIUM
38.9,78.6,11.6,63.1,clay,vegetative,LOW
20.7,56.3,0.0,40.4,clay,fruiting,MEDIUM
35.8,89.3,13.6,67.7,loamy,fruiting,LOW
18.4,92.4,0.0,56.6,sandy,vegetative,MEDIUM
20.3,41.9,0.0,31.0,clay,seedling,MEDIUM
35.8,28.4,0.0,41.6,sandy,fruiting,HIGH
37.1,27.4,0.0,26.1,sandy,vegetative,HIGH
20.3,88.7,0.0,5.0,clay,fruiting,MEDIUM
25.6,55.4,0.0,78.7,sandy,vegetative,MEDIUM
32.2,74.2,0.0,84.8,sandy,fruiting,MEDIUM
40.8,67.0,0.0,27.1,sandy,fruiting,HIGH
29.3,28.2,0.0,22.1,clay,flowering,MEDIUM
32.7,44.6,0.0,39.8,loamy,fruiting,MEDIUM
37.3,65.0,0.0,46.5,clay,fruiting,MEDIUM
20.7,49.2,2.8,39.5,sandy,fruiting,MEDIUM
28.1,53.8,0.0,39.4,loamy,flowering,MEDIUM
24.2,29.2,0.0,11.3,sandy,flowering,HIGH
20.9,54.3,0.0,53.0,clay,fruiting,MEDIUM
34.3,50.3,5.1,65.7,clay,vegetative,LOW
35.4,33.4,0.0,43.2,loamy,fruiting,HIGH
25.1,59.0,0.0,72.7,sandy,flowering,LOW
33.7,84.2,0.0,62.8,sandy,flowering,MEDIUM
28.7,80.9,0.0,62.1,loamy,flowering,LOW
26.9,67.1,0.0,29.0,clay,seedling,MEDIUM
39.4,49.2,1.2,32.2,sandy,vegetative,HIGH
27.8,46.8,0.0,47.8,sandy,fruiting,HIGH
34.5,34.8,27.6,58.5,clay,vegetative,LOW
18.7,52.2,0.0,60.1,clay,vegetative,LOW
20.8,91.9,13.9,59.2,sandy,fruiting,LOW
27.3,48.8,0.0,60.1,loamy,flowering,MEDIUM
28.6,46.2,0.0,12.2,clay,fruiting,HIGH
31.9,34.7,0.0,65.7,loamy,seedling,HIGH
32.9,39.1,0.0,49.8,sandy,fruiting,HIGH
30.8,85.9,1.1,58.6,loamy,seedling,MEDIUM
40.7,35.4,14.8,20.5,clay,fruiting,MEDIUM
24.9,39.2,0.0,69.0,loamy,seedling,MEDIUM
41.5,53.5,29.3,60.0,loamy,flowering,LOW
38.5,55.7,13.9,63.7,loamy,fruiting,LOW
33.0,89.8,0.6,31.7,clay,vegetative,MEDIUM
25.2,50.1,20.3,83.3,loamy,vegetative,LOW
25.1,26.0,0.0,64.4,loamy,fruiting,MEDIUM
33.8,78.6,0.0,41.8,loamy,seedling,MEDIUM
27.8,29.6,35.2,42.4,loamy,flowering,LOW
19.8,60.0,0.0,21.1,clay,fruiting,MEDIUM
23.6,44.7,14.3,56.7,clay,vegetative,LOW
23.4,69.8,4.9,5.0,loamy,vegetative,MEDIUM
32.1,68.7,0.8,55.0,clay,seedling,MEDIUM
31.3,61.4,0.0,33.7,loamy,seedling,HIGH
33.1,28.8,0.0,39.2,sandy,fruiting,HIGH
38.1,25.3,0.0,17.9,sandy,fruiting,HIGH
38.2,46.9,13.9,60.2,sandy,seedling,MEDIUM
20.1,73.1,2.7,69.6,loamy,fruiting,LOW
41.2,78.3,0.0,51.4,loamy,vegetative,MEDIUM
19.2,50.2,0.0,40.1,loamy,flowering,MEDIUM
26.9,28.7,9.2,67.4,loamy,fruiting,LOW
29.3,86.6,0.0,54.2,loamy,fruiting,MEDIUM
35.7,47.1,0.0,37.6,loamy,seedling,HIGH
26.8,29.1,10.2,52.9,loamy,seedling,LOW
29.8,53.3,0.0,47.5,clay,seedling,MEDIUM
34.3,46.8,28.0,79.0,loamy,vegetative,LOW
20.9,43.6,0.0,27.7,clay,seedling,MEDIUM
18.0,46.0,0.0,53.1,clay,seedling,MEDIUM
36.7,57.1,0.0,41.1,sandy,vegetative,MEDIUM
35.9,58.2,0.8,44.4,sandy,seedling,HIGH
41.1,30.3,0.0,63.4,clay,vegetative,MEDIUM
31.9,35.3,4.2,34.6,sandy,vegetative,MEDIUM
40.0,45.3,0.0,26.0,loamy,seedling,HIGH
21.2,92.1,2.9,48.9,clay,vegetative,LOW
37.4,57.2,0.0,16.9,loamy,flowering,HIGH
19.2,84.1,0.0,21.2,loamy,vegetative,MEDIUM
28.5,66.5,0.0,55.6,clay,seedling,MEDIUM
36.2,36.3,2.6,28.2,sandy,flowering,HIGH
31.6,79.0,0.0,23.6,sandy,seedling,HIGH
25.7,84.4,0.0,87.4,loamy,fruiting,LOW
20.8,45.2,0.0,38.3,loamy,vegetative,MEDIUM
27.4,77.8,0.0,36.2,sandy,vegetative,MEDIUM
31.5,50.1,7.4,52.3,sandy,flowering,MEDIUM
23.3,27.7,0.0,51.9,clay,seedling,MEDIUM
28.5,65.6,0.0,44.5,clay,seedling,MEDIUM
36.7,58.3,0.0,58.9,loamy,fruiting,MEDIUM
23.0,30.0,0.0,57.9,clay,flowering,MEDIUM
26.0,73.6,11.5,26.6,sandy,flowering,MEDIUM
28.2,27.6,0.0,35.9,sandy,fruiting,HIGH
41.4,40.8,0.0,52.4,loamy,seedling,HIGH
35.8,84.4,2.4,37.1,loamy,flowering,MEDIUM
26.9,88.1,0.0,80.2,clay,fruiting,LOW
19.9,63.1,0.0,61.7,clay,vegetative,LOW
25.1,75.0,0.0,60.9,loamy,vegetative,LOW
37.9,73.8,3.7,57.2,clay,flowering,MEDIUM
24.6,81.5,23.4,76.6,clay,fruiting,LOW
35.4,64.3,0.0,56.3,loamy,fruiting,MEDIUM
27.2,26.8,32.6,47.4,clay,flowering,LOW
34.9,82.2,0.0,56.6,loamy,vegetative,MEDIUM
22.3,81.0,9.0,48.6,sandy,flowering,LOW
25.0,86.0,3.5,74.6,loamy,vegetative,LOW
39.7,25.9,0.0,22.6,loamy,fruiting,HIGH
32.9,48.4,3.8,38.6,loamy,seedling,MEDIUM
34.5,48.3,0.8,65.0,loamy,flowering,MEDIUM
22.8,54.3,0.0,56.2,sandy,fruiting,MEDIUM
19.6,61.3,0.0,66.0,sandy,flowering,MEDIUM
28.1,49.3,0.0,31.5,loamy,flowering,MEDIUM
33.8,92.8,16.9,48.4,loamy,flowering,LOW
32.4,68.7,15.4,72.5,clay,seedling,LOW
35.0,67.7,7.7,60.1,clay,vegetative,LOW
22.9,66.1,0.0,22.4,sandy,vegetative,MEDIUM
28.8,92.0,2.3,49.1,clay,fruiting,LOW
20.2,77.4,0.0,81.5,loamy,vegetative,LOW
33.3,41.9,5.9,35.6,clay,fruiting,MEDIUM
24.5,42.3,0.8,40.2,clay,fruiting,MEDIUM
40.8,83.7,0.0,49.2,loamy,seedling,MEDIUM
35.8,76.7,5.7,67.4,sandy,flowering,MEDIUM
24.5,50.8,0.0,25.9,sandy,fruiting,HIGH
34.9,54.9,0.0,34.1,clay,vegetative,MEDIUM
28.7,26.5,0.0,38.9,loamy,flowering,HIGH
33.7,43.2,0.0,59.0,loamy,flowering,MEDIUM
37.5,73.0,0.0,95.0,loamy,flowering,MEDIUM
26.6,49.8,12.9,57.1,loamy,fruiting,LOW
26.5,60.4,0.0,52.3,loamy,flowering,MEDIUM
22.7,85.1,3.5,89.9,loamy,vegetative,LOW
21.8,72.2,0.0,67.6,sandy,vegetative,MEDIUM
30.4,36.3,5.2,38.2,loamy,seedling,MEDIUM
20.5,40.6,0.0,25.2,clay,vegetative,MEDIUM
23.3,92.2,0.0,83.7,sandy,vegetative,LOW
34.9,37.0,2.8,28.0,clay,fruiting,MEDIUM
32.5,33.2,0.0,60.9,loamy,flowering,MEDIUM
22.9,60.5,0.0,95.0,sandy,vegetative,LOW
33.1,73.2,0.0,51.8,loamy,vegetative,MEDIUM
38.2,59.0,0.0,27.7,loamy,vegetative,MEDIUM
27.3,81.2,7.0,69.5,loamy,seedling,LOW
41.2,29.7,5.7,11.1,clay,vegetative,MEDIUM
23.3,49.5,0.0,66.1,loamy,seedling,MEDIUM
35.0,25.6,0.0,54.8,sandy,flowering,HIGH
31.2,29.7,3.9,51.0,clay,vegetative,MEDIUM
21.4,72.0,0.0,55.3,clay,fruiting,LOW
39.8,78.1,0.0,22.5,sandy,seedling,HIGH
29.4,75.1,0.0,40.7,clay,flowering,LOW
39.8,60.5,0.0,50.3,loamy,fruiting,HIGH
37.1,44.0,3.6,24.5,loamy,flowering,HIGH
22.6,73.6,1.5,61.1,sandy,seedling,MEDIUM
36.3,38.1,0.0,49.5,loamy,fruiting,MEDIUM
18.9,71.7,0.0,56.0,sandy,seedling,MEDIUM
24.0,65.4,0.0,63.6,loamy,fruiting,MEDIUM
38.6,94.8,0.0,41.1,sandy,seedling,HIGH
36.8,64.6,0.0,54.1,sandy,vegetative,HIGH
36.3,27.7,4.3,51.1,clay,flowering,MEDIUM
31.9,94.3,0.0,54.8,sandy,vegetative,MEDIUM
40.3,90.0,20.3,68.3,sandy,fruiting,LOW
32.2,28.7,0.0,81.0,clay,vegetative,LOW
34.7,70.4,0.0,54.3,clay,fruiting,MEDIUM
28.9,71.7,4.3,79.0,loamy,fruiting,LOW
38.1,81.2,0.0,46.5,loamy,fruiting,MEDIUM
24.6,89.5,0.0,48.7,loamy,seedling,MEDIUM
20.0,67.5,0.0,61.3,clay,seedling,LOW
24.9,81.2,5.0,53.4,sandy,vegetative,LOW
38.3,29.4,5.7,42.8,loamy,seedling,MEDIUM
19.7,39.8,0.0,45.4,sandy,vegetative,MEDIUM
41.4,78.2,4.9,22.4,sandy,seedling,HIGH
23.6,34.1,0.0,60.7,sandy,seedling,MEDIUM
21.5,49.0,0.0,60.3,loamy,fruiting,LOW
37.3,34.6,3.1,43.4,clay,fruiting,MEDIUM
20.0,57.2,0.0,81.3,loamy,seedling,LOW
31.8,71.7,0.0,40.9,sandy,flowering,HIGH
22.7,59.3,9.9,75.1,clay,flowering,LOW
27.8,48.0,0.0,82.6,clay,fruiting,MEDIUM
29.8,70.1,1.5,52.3,sandy,vegetative,MEDIUM
22.4,44.5,0.0,30.1,loamy,vegetative,MEDIUM
27.0,80.8,5.9,43.9,loamy,seedling,MEDIUM
34.1,40.4,0.0,54.1,clay,vegetative,MEDIUM
36.0,35.6,0.0,26.5,clay,vegetative,MEDIUM
23.7,88.6,0.0,5.0,loamy,vegetative,MEDIUM
32.3,95.0,0.0,48.1,sandy,seedling,MEDIUM
32.8,88.7,0.0,7.8,sandy,flowering,HIGH
38.1,36.2,0.0,31.9,clay,flowering,MEDIUM
32.6,44.7,0.0,35.8,loamy,seedling,HIGH
36.5,41.6,0.0,44.8,loamy,flowering,HIGH
36.6,41.4,2.1,42.6,clay,fruiting,MEDIUM
32.7,72.5,13.5,40.2,loamy,fruiting,LOW
24.8,92.4,0.5,39.6,loamy,seedling,MEDIUM
28.6,43.3,0.0,59.4,clay,seedling,MEDIUM
19.5,31.5,18.8,66.5,loamy,flowering,LOW
23.9,58.0,0.0,32.9,clay,flowering,MEDIUM
27.7,86.9,4.5,37.2,sandy,seedling,MEDIUM
22.4,48.9,2.4,19.2,sandy,seedling,HIGH
29.8,46.0,0.0,63.5,clay,flowering,MEDIUM
26.3,76.3,0.0,62.4,clay,seedling,LOW
27.6,47.9,0.0,28.1,sandy,fruiting,HIGH
20.8,93.6,1.5,52.5,clay,fruiting,LOW
30.8,32.2,22.4,30.1,loamy,vegetative,LOW
19.2,28.7,3.6,61.6,clay,fruiting,LOW
26.6,82.6,0.0,38.5,clay,fruiting,MEDIUM
23.0,30.9,0.0,71.6,sandy,fruiting,MEDIUM
37.8,51.9,0.0,45.8,loamy,fruiting,HIGH
30.8,27.3,2.6,49.7,loamy,flowering,MEDIUM
35.2,29.8,30.3,57.6,clay,seedling,LOW
26.5,63.5,2.3,26.3,sandy,flowering,MEDIUM
20.5,49.8,0.0,28.4,loamy,fruiting,MEDIUM
21.8,82.9,9.2,30.1,loamy,fruiting,LOW
30.1,76.2,37.2,80.7,clay,seedling,LOW
33.1,53.2,0.0,59.1,loamy,seedling,MEDIUM
21.5,83.3,0.0,46.7,loamy,flowering,MEDIUM
38.3,58.9,0.0,40.3,loamy,seedling,HIGH
35.5,49.2,0.0,31.0,loamy,seedling,HIGH
41.8,26.8,0.0,16.7,clay,fruiting,HIGH
25.4,63.3,0.0,56.8,loamy,seedling,MEDIUM
20.0,52.5,1.0,42.1,sandy,flowering,MEDIUM
18.6,83.4,6.4,52.6,clay,fruiting,LOW
19.2,27.8,0.0,48.4,clay,fruiting,MEDIUM
32.1,52.8,4.9,58.2,sandy,vegetative,MEDIUM
27.0,63.5,9.3,43.5,loamy,vegetative,LOW
37.6,90.1,9.5,5.0,loamy,fruiting,MEDIUM
26.0,52.6,6.6,43.8,clay,fruiting,LOW
21.6,43.8,0.0,48.3,sandy,seedling,MEDIUM
34.7,38.5,7.6,32.2,clay,vegetative,LOW
27.9,41.8,13.3,39.0,clay,vegetative,LOW
35.7,50.2,17.0,73.3,loamy,seedling,LOW
38.8,45.3,0.0,54.6,clay,fruiting,MEDIUM
38.4,39.1,0.0,24.8,sandy,vegetative,HIGH
36.4,42.7,18.1,73.9,sandy,fruiting,LOW
25.8,72.4,0.0,19.7,sandy,vegetative,MEDIUM
36.4,40.8,3.6,51.1,loamy,flowering,MEDIUM
38.4,28.1,8.4,41.2,clay,flowering,LOW
18.3,30.7,0.0,27.0,loamy,fruiting,HIGH
25.1,71.5,0.0,50.2,loamy,vegetative,MEDIUM
19.7,31.3,0.0,57.9,loamy,vegetative,MEDIUM
25.0,61.8,3.6,59.5,loamy,vegetative,LOW
25.1,25.1,1.7,47.0,clay,vegetative,LOW
35.5,47.6,0.0,47.9,sandy,flowering,HIGH
20.5,53.1,0.0,33.5,loamy,flowering,MEDIUM
24.1,25.9,0.0,34.5,clay,flowering,MEDIUM
31.2,51.6,0.0,35.0,sandy,flowering,HIGH
22.2,94.1,36.8,95.0,clay,flowering,LOW
25.8,46.4,0.0,55.6,clay,fruiting,LOW
21.1,65.5,12.0,91.3,sandy,fruiting,LOW
32.9,38.1,0.6,39.3,clay,fruiting,MEDIUM
21.0,92.4,0.0,53.5,loamy,flowering,LOW
31.1,41.4,0.0,26.7,clay,fruiting,MEDIUM
25.4,68.0,4.5,78.6,loamy,flowering,LOW
29.2,38.3,10.6,37.5,sandy,vegetative,MEDIUM
34.2,52.7,25.3,55.4,clay,fruiting,LOW
32.0,92.9,0.0,54.0,sandy,fruiting,MEDIUM
41.9,56.6,9.0,14.7,sandy,flowering,HIGH
33.8,55.9,35.3,80.2,clay,fruiting,LOW
21.6,58.4,0.0,45.0,clay,fruiting,LOW
21.9,76.4,0.0,53.8,loamy,vegetative,MEDIUM
26.3,81.2,5.8,25.5,loamy,seedling,MEDIUM
21.4,35.6,17.0,72.7,sandy,flowering,LOW
37.9,30.6,2.6,47.9,sandy,fruiting,HIGH
21.0,86.3,0.0,57.8,sandy,fruiting,LOW
31.9,90.5,35.2,61.9,sandy,vegetative,LOW
28.6,70.1,5.5,29.0,loamy,vegetative,MEDIUM
28.6,28.4,0.0,52.4,sandy,fruiting,HIGH
37.8,69.2,25.4,95.0,loamy,flowering,LOW
23.3,68.8,3.1,55.0,clay,fruiting,LOW
23.4,71.7,0.0,41.4,clay,seedling,LOW
19.2,52.8,9.8,58.2,loamy,fruiting,LOW
19.5,30.0,0.0,53.2,loamy,fruiting,MEDIUM
33.5,28.2,0.0,43.3,clay,seedling,MEDIUM
21.0,61.3,1.6,68.9,clay,seedling,LOW
19.8,25.3,0.0,43.5,sandy,flowering,HIGH
26.0,37.4,0.9,33.5,sandy,seedling,HIGH
23.7,31.8,0.0,64.7,loamy,seedling,MEDIUM
19.7,44.6,0.0,50.8,clay,seedling,MEDIUM
23.4,53.0,2.3,73.8,loamy,vegetative,LOW
28.1,65.5,0.0,33.8,clay,flowering,MEDIUM
28.0,63.4,0.0,30.8,sandy,seedling,HIGH
21.2,36.1,37.7,69.7,loamy,seedling,LOW
34.1,58.9,0.0,42.7,loamy,flowering,MEDIUM
31.3,64.9,0.0,52.2,loamy,fruiting,MEDIUM
24.3,73.6,3.1,32.4,sandy,vegetative,MEDIUM
24.3,54.3,0.0,16.9,clay,fruiting,MEDIUM
35.6,26.7,0.0,47.8,clay,vegetative,MEDIUM
31.2,53.5,0.0,50.4,sandy,vegetative,MEDIUM
39.4,66.8,9.3,26.0,sandy,fruiting,HIGH
24.5,38.9,0.0,84.6,clay,vegetative,LOW
20.0,31.1,0.0,72.3,loamy,vegetative,LOW
18.3,70.5,0.0,91.5,sandy,fruiting,LOW
33.9,72.5,0.0,50.7,clay,flowering,MEDIUM
24.1,40.4,1.1,65.0,loamy,flowering,LOW
36.2,46.9,2.3,41.9,clay,seedling,MEDIUM
36.8,78.6,0.0,64.4,loamy,flowering,MEDIUM
31.8,39.5,2.8,33.1,clay,vegetative,MEDIUM
27.7,43.8,0.0,56.0,sandy,fruiting,HIGH
38.3,37.8,0.0,24.2,loamy,flowering,HIGH
24.0,47.2,13.8,68.3,clay,fruiting,LOW
21.5,73.3,0.0,52.9,clay,flowering,MEDIUM
20.9,46.8,18.4,86.2,loamy,flowering,LOW
36.0,81.8,0.0,61.9,sandy,fruiting,HIGH
34.3,42.7,4.4,69.4,loamy,seedling,MEDIUM
27.2,36.8,4.3,95.0,sandy,fruiting,LOW
29.1,83.0,12.1,79.2,clay,flowering,LOW
26.7,86.5,6.1,73.0,clay,flowering,LOW
24.5,42.4,0.0,57.6,clay,flowering,MEDIUM
26.9,50.0,10.2,95.0,sandy,fruiting,LOW
21.3,93.8,0.0,20.5,loamy,seedling,MEDIUM
36.8,38.7,0.0,58.3,clay,seedling,MEDIUM
30.3,47.5,15.0,50.5,clay,fruiting,LOW
22.9,54.3,5.0,41.1,loamy,vegetative,MEDIUM
20.9,29.7,0.0,10.8,clay,flowering,MEDIUM
27.0,68.5,15.9,84.1,sandy,vegetative,LOW
26.2,56.1,10.1,62.3,clay,flowering,LOW
29.6,94.1,28.5,52.5,clay,vegetative,LOW
18.2,53.2,13.2,46.5,clay,seedling,LOW
19.6,38.1,0.0,12.6,clay,seedling,MEDIUM
20.6,91.7,0.0,58.4,loamy,fruiting,LOW
20.9,69.4,0.0,53.3,sandy,flowering,MEDIUM
19.9,91.9,13.6,61.0,clay,vegetative,LOW
36.5,90.4,0.0,25.2,sandy,flowering,HIGH
27.0,52.5,0.0,49.4,loamy,fruiting,MEDIUM
37.1,76.8,0.0,20.0,sandy,vegetative,HIGH
19.0,44.2,0.0,42.8,sandy,flowering,MEDIUM
40.7,34.9,0.0,28.5,clay,flowering,HIGH
33.1,38.4,14.4,77.9,sandy,flowering,LOW
19.7,48.4,0.0,72.3,loamy,flowering,MEDIUM
27.2,34.3,1.4,78.8,clay,flowering,LOW
26.7,82.7,0.0,72.3,sandy,fruiting,LOW
18.6,73.3,0.0,37.0,sandy,vegetative,MEDIUM
21.5,45.9,0.0,43.3,sandy,fruiting,MEDIUM
40.2,36.3,0.0,43.4,clay,flowering,MEDIUM
30.8,38.7,0.0,33.2,sandy,fruiting,HIGH
40.8,76.7,0.0,12.9,sandy,flowering,HIGH
35.9,89.3,0.0,5.0,clay,seedling,MEDIUM
39.8,64.8,0.0,34.0,loamy,flowering,HIGH
37.1,90.9,12.4,42.7,clay,flowering,LOW
27.6,72.2,2.5,61.0,clay,fruiting,LOW
31.1,39.3,0.0,44.8,clay,flowering,MEDIUM
29.4,87.9,0.0,42.6,sandy,vegetative,MEDIUM
18.0,27.7,7.4,34.7,loamy,seedling,MEDIUM
35.5,67.0,0.0,66.2,clay,flowering,LOW
19.6,87.8,0.0,39.3,clay,vegetative,LOW
38.5,48.8,5.9,41.6,clay,seedling,MEDIUM
22.0,74.5,0.0,48.3,clay,fruiting,LOW
31.4,85.1,3.5,49.8,clay,flowering,MEDIUM
24.2,28.7,0.0,86.3,clay,fruiting,LOW
22.0,51.6,14.7,70.9,sandy,vegetative,LOW
22.6,71.7,0.0,54.4,sandy,seedling,MEDIUM
22.7,81.4,1.3,20.7,loamy,fruiting,MEDIUM
31.4,49.3,0.0,8.8,sandy,seedling,HIGH
40.1,25.8,0.0,41.3,sandy,vegetative,HIGH
32.7,41.6,0.0,36.6,loamy,fruiting,HIGH
22.7,60.3,0.0,48.6,loamy,fruiting,MEDIUM
38.3,43.4,0.0,8.7,clay,vegetative,MEDIUM
25.6,32.5,34.2,95.0,loamy,seedling,LOW
24.8,69.2,0.0,59.3,loamy,fruiting,MEDIUM
19.3,59.0,0.0,66.8,loamy,seedling,MEDIUM
31.4,61.0,0.0,32.9,clay,flowering,MEDIUM
34.4,90.3,3.1,64.2,sandy,fruiting,MEDIUM
33.6,87.9,0.0,48.3,loamy,vegetative,MEDIUM
34.2,46.1,0.0,36.4,loamy,seedling,HIGH
25.8,57.8,0.0,60.9,clay,flowering,LOW
28.2,64.6,5.3,67.8,clay,flowering,LOW
27.3,83.1,33.8,55.9,sandy,fruiting,LOW
40.5,44.3,12.0,61.0,loamy,vegetative,LOW
35.7,29.5,22.6,86.0,sandy,fruiting,LOW
41.4,51.4,0.0,60.8,sandy,vegetative,MEDIUM
27.5,67.6,0.0,44.2,clay,seedling,LOW
22.0,49.8,5.6,60.0,sandy,flowering,LOW
34.0,54.4,0.0,63.9,sandy,vegetative,MEDIUM
18.9,50.8,9.2,68.5,clay,vegetative,LOW
37.1,85.5,24.7,53.2,sandy,vegetative,LOW
38.7,58.6,10.5,59.6,clay,vegetative,LOW
31.4,28.8,0.0,38.4,sandy,flowering,HIGH
22.6,34.0,0.0,41.3,sandy,seedling,HIGH
40.6,49.0,9.9,81.2,loamy,vegetative,LOW
41.6,28.5,0.0,31.4,sandy,flowering,HIGH
29.2,67.4,0.0,54.6,sandy,seedling,MEDIUM
28.4,62.5,8.9,74.8,clay,seedling,LOW
40.2,92.3,22.0,62.8,sandy,seedling,LOW
24.8,44.5,0.0,58.9,loamy,vegetative,LOW
24.2,47.2,39.2,95.0,clay,flowering,LOW
39.8,25.4,0.0,41.9,sandy,vegetative,HIGH
18.3,43.0,33.3,82.5,loamy,seedling,LOW
30.8,53.4,0.0,21.8,sandy,fruiting,HIGH
31.1,73.6,0.0,35.4,clay,seedling,MEDIUM
27.2,49.3,2.4,17.5,clay,seedling,MEDIUM
37.4,41.7,0.0,45.5,loamy,fruiting,HIGH
28.7,92.7,0.0,52.0,loamy,seedling,MEDIUM
35.2,51.0,9.6,65.2,loamy,vegetative,LOW
41.2,56.0,0.0,37.9,clay,seedling,MEDIUM
26.5,47.1,0.0,47.9,clay,flowering,MEDIUM
28.7,65.4,4.9,37.7,loamy,seedling,MEDIUM
34.2,29.5,12.4,27.7,sandy,fruiting,MEDIUM
21.2,91.7,0.8,31.7,loamy,fruiting,MEDIUM
25.0,41.7,0.0,26.5,clay,seedling,MEDIUM
41.4,91.8,0.0,40.9,loamy,fruiting,MEDIUM
36.7,85.1,0.0,45.8,sandy,seedling,HIGH
18.2,53.6,0.0,39.3,loamy,vegetative,MEDIUM
28.7,75.9,3.6,64.3,sandy,vegetative,LOW
21.8,77.6,0.0,66.9,loamy,flowering,LOW
31.7,69.2,0.0,29.1,loamy,flowering,MEDIUM
30.1,47.6,9.6,61.9,loamy,fruiting,LOW
20.5,79.3,4.1,58.3,sandy,seedling,MEDIUM
33.5,57.1,0.0,13.5,clay,vegetative,MEDIUM
31.1,34.3,0.0,5.0,loamy,fruiting,HIGH
20.6,70.5,0.0,39.1,sandy,fruiting,MEDIUM
24.2,52.0,4.7,59.6,loamy,fruiting,LOW
24.6,69.7,0.0,69.4,loamy,fruiting,MEDIUM
38.1,93.2,4.9,30.2,clay,seedling,MEDIUM
33.6,93.8,0.0,54.6,loamy,fruiting,MEDIUM
29.0,28.9,2.4,54.2,loamy,flowering,MEDIUM
19.6,93.1,2.1,74.3,loamy,vegetative,LOW
24.4,47.1,0.0,17.9,clay,fruiting,MEDIUM
19.8,72.0,7.4,49.8,sandy,seedling,LOW
31.2,38.5,1.0,12.2,sandy,seedling,HIGH
31.1,31.4,0.0,67.0,loamy,seedling,MEDIUM
18.4,28.4,0.0,22.1,clay,flowering,MEDIUM
18.6,76.5,3.3,42.2,sandy,seedling,MEDIUM
21.0,34.1,3.5,58.7,clay,flowering,MEDIUM
32.8,79.7,3.7,39.9,clay,seedling,MEDIUM
33.4,47.0,0.0,29.8,loamy,flowering,HIGH
23.6,59.6,4.6,69.6,clay,fruiting,LOW
21.5,70.2,0.0,35.5,clay,seedling,MEDIUM
28.8,53.4,0.0,19.2,loamy,flowering,HIGH
40.0,43.6,6.0,57.7,loamy,seedling,MEDIUM
34.2,46.1,0.0,41.3,clay,vegetative,MEDIUM
37.1,34.9,0.0,34.0,sandy,fruiting,HIGH
33.7,62.6,0.0,43.8,sandy,seedling,HIGH
39.4,64.9,4.2,58.1,loamy,flowering,MEDIUM
20.6,79.6,0.0,17.2,sandy,flowering,HIGH
36.3,90.5,4.7,45.2,clay,vegetative,LOW
24.4,88.9,3.3,51.3,loamy,seedling,LOW
33.0,35.2,0.0,29.0,clay,flowering,MEDIUM
18.4,88.7,0.0,65.3,sandy,vegetative,LOW
41.2,89.1,18.4,44.3,loamy,flowering,LOW
24.5,82.1,23.6,47.7,loamy,flowering,LOW
22.0,94.0,0.0,53.8,sandy,vegetative,LOW
40.3,59.8,4.3,36.0,sandy,fruiting,HIGH
33.3,29.9,0.0,40.0,sandy,vegetative,HIGH
37.1,66.7,4.5,26.7,clay,seedling,MEDIUM
20.2,26.2,4.4,54.8,sandy,vegetative,LOW
21.9,92.2,4.3,54.5,loamy,fruiting,LOW
28.9,61.3,0.0,31.7,loamy,flowering,HIGH
37.5,66.2,7.4,20.6,sandy,flowering,HIGH
38.8,71.8,2.5,7.4,loamy,flowering,HIGH
31.6,89.2,0.0,21.0,clay,seedling,MEDIUM
29.1,42.2,0.0,60.2,sandy,vegetative,MEDIUM
21.1,51.3,0.9,40.6,sandy,seedling,MEDIUM
27.8,89.9,0.0,60.1,clay,seedling,LOW
20.6,92.6,1.3,63.5,loamy,fruiting,LOW
32.7,87.5,21.2,88.8,clay,fruiting,LOW
34.4,39.8,0.0,42.9,loamy,fruiting,HIGH
26.1,25.5,0.0,58.5,loamy,flowering,MEDIUM
19.1,68.6,8.7,67.3,sandy,seedling,LOW
27.8,79.0,0.0,37.4,loamy,fruiting,MEDIUM
37.3,84.5,0.0,85.6,sandy,flowering,MEDIUM
33.5,26.2,0.0,57.9,clay,fruiting,MEDIUM
34.0,82.6,0.0,48.4,clay,flowering,MEDIUM
30.1,78.6,0.0,52.2,sandy,vegetative,MEDIUM
21.8,92.4,0.0,59.3,loamy,seedling,MEDIUM
41.5,60.1,0.0,24.5,sandy,vegetative,HIGH
28.0,84.7,0.0,38.6,loamy,vegetative,MEDIUM
33.0,49.9,0.0,57.3,sandy,flowering,HIGH
21.0,85.7,0.0,68.5,loamy,flowering,LOW
20.5,60.4,27.8,30.5,sandy,seedling,LOW
38.4,59.5,9.9,19.5,loamy,fruiting,MEDIUM
29.8,65.1,0.0,42.3,sandy,vegetative,MEDIUM
40.8,46.4,0.0,49.3,loamy,vegetative,MEDIUM
31.2,50.0,0.0,41.5,clay,flowering,MEDIUM
36.2,39.4,3.7,59.8,sandy,fruiting,MEDIUM
22.9,76.9,13.5,84.6,clay,seedling,LOW
25.7,88.4,0.0,48.5,loamy,seedling,MEDIUM
40.2,63.1,31.5,81.7,loamy,seedling,LOW
19.2,33.0,0.5,16.0,loamy,fruiting,HIGH
21.6,44.9,0.0,62.3,clay,fruiting,LOW
33.3,81.1,8.6,41.8,clay,fruiting,LOW
30.3,59.1,0.0,62.5,loamy,seedling,MEDIUM
21.3,83.5,0.0,48.6,loamy,seedling,LOW
27.8,94.1,0.8,95.0,loamy,vegetative,LOW
31.5,37.0,0.0,33.8,clay,fruiting,MEDIUM
21.3,35.2,34.6,62.3,clay,flowering,LOW
23.8,84.0,0.0,54.1,sandy,fruiting,MEDIUM
20.2,91.3,0.0,30.8,sandy,vegetative,MEDIUM
27.6,49.5,0.0,29.9,loamy,fruiting,MEDIUM
37.2,74.5,1.4,34.5,clay,seedling,MEDIUM
31.9,88.8,6.7,75.6,loamy,flowering,LOW
38.8,87.6,4.6,56.0,clay,flowering,MEDIUM
22.0,80.8,0.0,69.7,sandy,flowering,LOW
32.9,71.4,7.2,51.1,sandy,seedling,MEDIUM
41.6,31.8,11.4,50.7,clay,seedling,MEDIUM
32.2,70.7,0.0,50.0,clay,vegetative,MEDIUM
36.3,75.0,0.0,42.3,loamy,flowering,MEDIUM
21.4,52.3,8.2,44.8,clay,vegetative,LOW
35.4,46.8,4.0,28.8,sandy,seedling,HIGH
27.0,50.7,0.0,27.2,sandy,flowering,HIGH
24.7,90.3,0.0,53.5,sandy,vegetative,MEDIUM
31.1,50.2,0.0,34.5,clay,vegetative,MEDIUM
18.9,75.2,2.9,44.7,clay,seedling,LOW
29.1,45.0,11.5,43.5,sandy,fruiting,MEDIUM
24.6,93.6,0.0,51.4,loamy,fruiting,LOW
40.1,92.8,2.9,42.2,clay,flowering,MEDIUM
23.8,57.9,0.0,73.2,clay,flowering,LOW
33.9,48.7,0.0,57.8,sandy,fruiting,HIGH
41.2,87.3,0.0,79.6,sandy,fruiting,MEDIUM
31.4,77.0,0.0,61.1,loamy,flowering,MEDIUM
41.8,44.5,8.3,59.7,loamy,seedling,MEDIUM
22.9,86.1,0.0,62.8,loamy,seedling,LOW
19.1,49.7,0.0,63.4,loamy,fruiting,MEDIUM
36.3,60.4,0.0,22.0,loamy,seedling,HIGH
40.7,78.7,33.0,67.7,sandy,flowering,LOW
36.6,64.4,0.0,60.3,loamy,seedling,HIGH
41.3,58.9,36.0,36.3,clay,seedling,LOW
39.8,38.4,0.0,57.1,clay,fruiting,MEDIUM
40.8,43.8,0.0,59.1,loamy,seedling,HIGH
33.5,92.8,0.0,25.5,loamy,vegetative,MEDIUM
32.2,58.8,0.0,43.3,loamy,fruiting,HIGH
28.2,75.0,0.0,43.5,clay,vegetative,LOW
23.3,79.6,0.0,52.7,sandy,fruiting,MEDIUM
38.5,72.8,0.7,14.0,sandy,flowering,HIGH
38.3,75.9,0.0,31.7,clay,seedling,MEDIUM
19.6,94.9,13.4,77.0,clay,vegetative,LOW
40.2,25.6,7.5,87.8,sandy,vegetative,LOW
22.5,81.3,0.0,52.5,clay,fruiting,MEDIUM
21.5,55.9,0.0,64.3,loamy,vegetative,MEDIUM
26.8,28.7,0.0,54.5,loamy,flowering,MEDIUM
21.7,49.9,0.0,47.8,loamy,fruiting,MEDIUM
19.9,86.7,0.0,68.7,loamy,flowering,LOW
39.2,90.9,0.0,30.1,clay,seedling,MEDIUM
22.6,80.3,8.0,41.2,clay,flowering,LOW
20.8,42.6,0.0,70.9,sandy,flowering,MEDIUM
30.6,33.2,0.0,53.2,sandy,fruiting,HIGH
23.9,27.5,0.0,82.1,loamy,flowering,LOW
20.7,53.4,0.0,60.8,clay,vegetative,LOW
31.3,74.0,0.0,21.0,loamy,seedling,HIGH
39.8,66.1,0.9,59.3,clay,vegetative,MEDIUM
24.4,53.7,14.0,43.8,loamy,flowering,LOW
23.7,54.3,0.0,20.7,clay,fruiting,MEDIUM
26.3,77.3,4.5,72.5,sandy,seedling,LOW
23.9,29.4,0.0,73.2,loamy,fruiting,MEDIUM
33.7,41.3,0.0,18.3,clay,flowering,MEDIUM
31.0,30.1,7.2,81.3,sandy,seedling,MEDIUM
33.9,49.9,4.1,21.1,clay,fruiting,MEDIUM
29.0,82.3,10.5,52.2,clay,flowering,LOW
35.0,82.7,0.0,30.3,sandy,flowering,HIGH
36.5,30.3,0.0,31.3,loamy,vegetative,HIGH
41.1,81.5,0.0,44.4,sandy,flowering,HIGH
40.7,25.3,0.0,60.1,loamy,vegetative,MEDIUM
29.5,94.6,0.0,55.9,sandy,vegetative,LOW
25.3,31.1,0.0,35.9,sandy,seedling,HIGH
21.9,45.0,0.0,43.8,loamy,seedling,MEDIUM
20.7,85.9,0.0,44.1,clay,seedling,MEDIUM
41.7,28.8,0.0,51.0,clay,flowering,MEDIUM
40.5,81.4,0.0,11.3,clay,vegetative,MEDIUM
29.2,45.0,0.0,44.0,clay,fruiting,MEDIUM
28.4,81.0,0.0,28.2,sandy,vegetative,MEDIUM
23.7,90.3,0.0,61.0,sandy,vegetative,LOW
22.7,39.9,0.0,65.2,clay,fruiting,LOW
39.7,36.0,19.0,32.4,sandy,fruiting,MEDIUM
32.4,30.0,1.5,21.4,loamy,vegetative,HIGH
39.8,69.4,0.0,7.0,loamy,flowering,HIGH
27.4,37.6,0.0,21.0,clay,fruiting,MEDIUM
38.5,55.4,0.0,29.1,sandy,vegetative,HIGH
25.7,57.6,0.0,50.2,loamy,fruiting,MEDIUM
29.1,88.1,8.8,40.8,sandy,flowering,LOW
23.5,39.0,0.0,62.4,clay,fruiting,LOW
38.4,58.8,0.0,26.6,loamy,flowering,HIGH
27.1,88.8,0.0,54.5,loamy,fruiting,LOW
32.8,27.8,2.3,35.9,sandy,vegetative,HIGH
28.3,34.0,4.8,16.4,clay,vegetative,MEDIUM
37.5,85.7,3.5,38.6,loamy,seedling,MEDIUM
39.2,26.4,0.0,32.8,clay,fruiting,HIGH
31.0,72.4,0.0,48.8,loamy,seedling,MEDIUM
25.2,33.9,0.0,57.7,clay,seedling,LOW
19.5,53.9,9.4,60.5,loamy,seedling,LOW
40.4,83.4,0.0,36.7,sandy,flowering,HIGH
40.3,65.6,3.5,52.7,loamy,vegetative,MEDIUM
26.4,51.4,0.0,62.7,loamy,seedling,MEDIUM
24.7,38.4,0.0,73.3,sandy,fruiting,MEDIUM
31.2,82.2,0.0,27.3,loamy,seedling,MEDIUM
34.0,44.9,10.9,46.7,loamy,seedling,LOW
30.9,71.5,0.0,43.3,loamy,flowering,MEDIUM
35.5,26.4,0.0,43.2,sandy,fruiting,HIGH
29.8,33.4,7.5,53.7,sandy,flowering,MEDIUM
34.3,79.5,0.0,38.3,sandy,seedling,HIGH
26.8,55.3,0.0,83.1,loamy,seedling,MEDIUM
31.4,76.7,0.0,67.5,clay,flowering,MEDIUM
25.4,31.0,0.0,70.0,sandy,vegetative,LOW
38.1,28.1,0.0,44.2,sandy,flowering,HIGH
24.3,29.7,0.0,57.5,loamy,vegetative,MEDIUM
27.8,38.4,0.0,60.2,clay,fruiting,MEDIUM
39.8,33.6,0.0,38.1,loamy,seedling,HIGH
25.8,91.2,0.0,80.4,sandy,seedling,LOW
38.8,68.8,0.0,28.4,loamy,vegetative,HIGH
40.4,75.4,3.9,37.8,sandy,fruiting,HIGH
41.1,87.3,0.0,54.0,sandy,flowering,MEDIUM
35.5,53.8,0.0,41.3,sandy,flowering,HIGH
24.3,41.9,2.7,51.2,sandy,seedling,MEDIUM
41.8,78.9,0.0,52.4,sandy,fruiting,HIGH
23.5,89.6,3.2,41.0,clay,fruiting,MEDIUM
30.1,37.3,4.2,33.1,sandy,seedling,HIGH
30.4,32.9,0.0,69.3,loamy,seedling,MEDIUM
29.0,37.0,1.7,79.8,clay,vegetative,LOW
40.5,88.9,0.0,38.8,clay,vegetative,MEDIUM
18.2,56.0,0.0,67.5,loamy,fruiting,MEDIUM
33.9,55.4,0.0,60.1,sandy,flowering,HIGH
21.9,81.9,14.1,71.3,sandy,fruiting,LOW
19.2,28.1,0.0,41.9,sandy,seedling,HIGH
29.6,49.8,0.0,65.6,clay,flowering,LOW
25.2,31.6,0.0,55.9,sandy,seedling,MEDIUM
23.0,60.3,7.8,49.4,loamy,fruiting,LOW
20.5,59.5,0.0,75.0,sandy,fruiting,LOW
21.1,55.1,13.9,51.8,loamy,flowering,LOW
36.9,27.2,0.0,44.8,clay,seedling,MEDIUM
28.6,91.4,1.6,61.7,loamy,seedling,LOW
22.5,65.1,0.0,27.8,loamy,vegetative,MEDIUM
19.2,43.8,0.0,48.1,clay,seedling,MEDIUM
30.3,43.7,32.7,67.8,clay,flowering,LOW
29.9,63.1,39.6,84.1,sandy,seedling,LOW
34.9,56.8,0.0,92.7,loamy,flowering,LOW
22.5,88.1,3.5,9.0,clay,vegetative,MEDIUM
32.1,31.2,0.0,25.7,clay,fruiting,HIGH
20.3,93.3,0.0,52.9,clay,fruiting,LOW
24.7,29.3,0.0,53.3,clay,vegetative,LOW
31.7,53.3,31.7,77.8,sandy,seedling,LOW
28.2,56.3,0.0,31.5,clay,fruiting,MEDIUM
20.1,75.0,0.0,10.0,sandy,flowering,HIGH
20.4,46.7,0.0,39.8,sandy,seedling,HIGH
18.6,87.8,0.0,38.6,sandy,seedling,MEDIUM
21.2,70.1,0.0,35.3,loamy,flowering,MEDIUM
30.9,55.6,36.8,49.3,clay,fruiting,LOW
23.4,43.0,0.0,24.8,clay,fruiting,MEDIUM
38.1,70.6,0.0,42.8,loamy,seedling,HIGH
27.6,59.8,0.0,32.4,clay,vegetative,MEDIUM
28.5,59.7,25.5,90.9,loamy,flowering,LOW
20.6,52.8,0.0,61.6,sandy,flowering,MEDIUM
31.0,83.3,28.9,38.0,loamy,seedling,LOW
32.6,90.1,0.0,66.7,loamy,fruiting,MEDIUM
24.8,41.7,0.0,80.1,loamy,fruiting,MEDIUM
26.5,67.9,0.0,49.1,loamy,flowering,MEDIUM
38.2,74.1,0.0,44.6,sandy,fruiting,HIGH
22.0,28.3,4.0,51.0,clay,fruiting,MEDIUM
33.9,57.5,0.0,69.3,loamy,flowering,MEDIUM
35.7,71.5,12.2,65.7,sandy,fruiting,LOW
21.6,77.2,0.5,54.7,sandy,fruiting,MEDIUM
34.1,52.6,0.5,73.6,clay,vegetative,LOW
30.5,30.2,13.4,39.4,clay,flowering,LOW
31.9,88.3,1.9,27.3,loamy,seedling,MEDIUM
25.5,37.5,0.0,70.2,sandy,flowering,MEDIUM
41.3,55.7,4.4,82.9,clay,flowering,LOW
39.4,55.8,4.6,39.3,loamy,fruiting,MEDIUM
25.8,68.6,0.0,20.1,clay,fruiting,MEDIUM
22.0,73.2,0.0,64.8,sandy,fruiting,MEDIUM
35.2,71.9,2.6,46.0,loamy,fruiting,MEDIUM
26.6,44.4,0.0,55.2,sandy,flowering,HIGH
39.2,61.9,33.7,69.4,clay,fruiting,LOW
32.8,58.8,0.0,61.0,loamy,seedling,MEDIUM
19.7,86.7,1.7,82.1,sandy,fruiting,LOW
26.3,44.4,0.0,77.1,loamy,vegetative,LOW
30.9,83.9,0.0,51.2,sandy,vegetative,MEDIUM
31.3,90.2,0.0,43.3,clay,fruiting,MEDIUM
40.4,63.0,6.4,50.1,sandy,vegetative,MEDIUM
40.0,39.6,0.0,24.9,sandy,vegetative,HIGH
29.1,67.0,1.3,57.2,clay,flowering,LOW
21.1,54.8,12.5,57.9,loamy,fruiting,LOW
32.7,31.1,2.3,32.5,clay,seedling,MEDIUM
20.5,75.3,0.0,69.6,clay,vegetative,LOW
39.5,61.3,0.0,41.0,clay,fruiting,MEDIUM
26.2,89.7,0.0,83.3,loamy,flowering,LOW
35.5,25.1,0.0,56.8,loamy,seedling,HIGH
24.2,26.5,0.0,51.7,clay,vegetative,LOW
24.1,90.8,0.0,78.4,clay,flowering,LOW
28.8,85.0,0.0,40.8,loamy,flowering,MEDIUM
22.9,86.4,1.2,68.3,clay,flowering,LOW
31.6,55.8,0.8,46.2,sandy,seedling,HIGH
20.8,26.0,0.0,5.0,sandy,vegetative,HIGH
27.9,41.2,0.0,38.3,loamy,fruiting,MEDIUM
26.6,25.6,5.3,94.6,clay,seedling,LOW
33.7,52.1,0.0,62.5,loamy,flowering,MEDIUM
20.5,82.6,0.0,50.2,clay,fruiting,LOW
37.2,55.9,0.0,52.0,sandy,flowering,HIGH
31.8,40.5,16.1,64.0,clay,fruiting,LOW
27.5,59.5,0.0,34.9,sandy,seedling,HIGH
20.7,53.8,0.0,39.1,sandy,seedling,HIGH
37.7,78.8,0.0,89.8,loamy,vegetative,LOW
26.6,58.3,0.0,31.0,clay,fruiting,MEDIUM
33.0,76.0,0.0,34.4,sandy,flowering,HIGH
39.5,62.1,0.0,34.8,clay,flowering,MEDIUM
21.1,57.8,0.0,66.4,clay,seedling,LOW
41.6,69.6,0.0,42.1,clay,flowering,MEDIUM
35.6,74.6,0.0,69.7,loamy,vegetative,MEDIUM
36.8,56.7,0.0,26.2,clay,vegetative,MEDIUM
20.8,44.1,0.0,67.3,loamy,vegetative,MEDIUM
20.3,89.6,0.0,48.8,sandy,vegetative,MEDIUM
38.1,56.4,3.4,86.6,sandy,vegetative,LOW
29.0,87.6,0.0,38.8,loamy,seedling,MEDIUM
37.8,40.9,2.9,36.6,loamy,flowering,HIGH
37.1,31.9,23.7,45.0,loamy,vegetative,LOW
35.0,27.2,0.0,44.6,clay,seedling,MEDIUM
37.2,52.8,0.0,18.3,sandy,flowering,HIGH
40.8,36.9,0.0,79.2,loamy,fruiting,MEDIUM
28.5,54.0,0.0,73.0,clay,fruiting,MEDIUM
26.9,59.0,0.0,69.0,loamy,seedling,MEDIUM
40.8,76.1,0.0,46.9,sandy,flowering,HIGH
30.8,88.4,0.0,37.3,clay,seedling,MEDIUM
37.2,67.3,1.4,8.8,loamy,fruiting,HIGH
41.4,71.4,0.0,42.3,clay,flowering,MEDIUM
25.0,69.0,0.0,43.4,sandy,vegetative,MEDIUM
36.7,67.6,0.0,50.9,sandy,fruiting,HIGH
30.9,45.2,0.0,55.3,clay,seedling,MEDIUM
25.7,42.7,17.6,53.7,sandy,vegetative,LOW
35.1,51.9,0.0,32.6,loamy,vegetative,MEDIUM
27.0,50.4,0.0,57.9,sandy,flowering,MEDIUM
29.7,45.9,3.4,36.1,clay,vegetative,LOW
23.8,90.5,0.0,30.2,loamy,flowering,MEDIUM
27.1,47.2,0.0,41.9,sandy,flowering,MEDIUM
40.5,51.4,0.0,25.4,sandy,flowering,HIGH
22.2,78.3,0.0,17.1,sandy,flowering,HIGH
25.1,76.3,6.9,68.0,clay,seedling,LOW
26.6,33.8,0.0,56.3,clay,vegetative,MEDIUM
20.3,63.4,0.0,68.0,clay,vegetative,LOW
18.6,53.8,0.0,69.2,sandy,flowering,MEDIUM
24.0,93.7,0.0,28.0,clay,seedling,MEDIUM
32.7,73.7,0.0,75.9,sandy,seedling,MEDIUM
30.2,54.6,23.4,58.9,sandy,flowering,LOW
32.1,84.3,0.0,56.2,clay,vegetative,LOW
32.8,70.1,0.0,28.2,clay,fruiting,MEDIUM
19.0,39.1,0.0,18.5,clay,seedling,MEDIUM
18.7,67.4,2.3,51.5,loamy,flowering,MEDIUM
21.1,73.7,9.4,55.6,clay,flowering,LOW
35.9,68.4,0.0,43.1,loamy,vegetative,MEDIUM
29.1,80.0,0.0,86.1,clay,fruiting,LOW
37.9,28.4,0.0,46.8,loamy,fruiting,HIGH
19.2,36.1,0.0,78.7,sandy,seedling,MEDIUM
28.7,80.3,0.0,74.2,sandy,fruiting,MEDIUM
31.9,52.2,0.0,22.6,loamy,fruiting,HIGH
33.9,84.7,0.0,30.1,loamy,vegetative,MEDIUM
32.5,31.3,4.8,27.3,loamy,vegetative,HIGH
38.6,92.0,0.0,15.9,loamy,flowering,HIGH
18.1,41.9,26.2,59.2,clay,flowering,LOW
21.2,28.4,0.0,21.8,loamy,vegetative,MEDIUM
23.5,25.8,17.9,50.7,loamy,seedling,LOW
22.8,66.1,0.0,42.9,loamy,vegetative,MEDIUM
33.4,54.0,0.0,54.9,loamy,seedling,MEDIUM
31.6,85.1,0.0,36.3,loamy,fruiting,HIGH
40.7,34.9,0.0,55.6,sandy,vegetative,HIGH
41.9,42.7,0.0,26.9,sandy,seedling,HIGH
28.6,37.0,4.4,58.0,loamy,fruiting,MEDIUM
18.1,42.4,4.7,54.3,clay,fruiting,LOW
23.6,37.7,26.7,71.7,sandy,vegetative,LOW
22.1,47.1,22.0,76.1,loamy,flowering,LOW
18.0,66.7,4.6,71.6,sandy,vegetative,LOW
25.7,42.7,14.2,21.0,loamy,fruiting,LOW
21.8,54.8,2.9,71.6,loamy,flowering,LOW
39.8,26.3,0.0,60.0,loamy,seedling,HIGH
32.1,72.2,0.0,36.8,sandy,fruiting,HIGH
27.3,31.7,0.0,78.9,clay,fruiting,LOW
19.6,66.6,13.3,75.2,sandy,vegetative,LOW
29.6,62.9,0.0,19.0,clay,flowering,MEDIUM
24.9,43.8,0.0,40.9,sandy,seedling,HIGH
24.5,78.8,0.0,56.2,loamy,fruiting,MEDIUM
30.3,72.0,5.1,56.2,clay,fruiting,MEDIUM
30.7,49.3,2.8,48.3,loamy,seedling,MEDIUM
28.8,53.6,7.5,68.5,sandy,fruiting,LOW
41.8,32.4,0.0,61.5,sandy,flowering,HIGH
18.5,67.3,1.7,31.6,clay,flowering,MEDIUM
18.8,53.6,0.0,77.7,loamy,flowering,MEDIUM
37.9,54.8,0.0,26.7,sandy,fruiting,HIGH
35.2,40.0,0.0,28.8,sandy,vegetative,HIGH
30.9,39.2,0.0,46.4,loamy,flowering,MEDIUM
31.3,64.1,6.8,24.7,sandy,fruiting,HIGH
19.4,47.8,0.0,56.9,clay,fruiting,LOW
26.1,66.0,0.0,83.0,clay,flowering,LOW
24.3,25.8,0.0,95.0,clay,seedling,LOW
40.3,83.0,0.0,41.2,sandy,seedling,HIGH
19.6,75.7,0.0,84.8,loamy,flowering,LOW
39.2,59.7,0.0,48.8,loamy,flowering,HIGH
27.7,40.0,2.1,44.7,sandy,vegetative,MEDIUM
27.3,93.7,0.0,22.1,clay,fruiting,MEDIUM
28.4,28.8,0.0,25.6,clay,seedling,MEDIUM
24.0,37.2,0.0,49.3,sandy,seedling,MEDIUM
18.5,72.0,14.0,54.6,sandy,flowering,LOW
27.6,36.9,0.0,36.1,loamy,fruiting,HIGH
21.4,85.1,0.0,81.5,sandy,vegetative,LOW
20.1,71.8,4.5,17.0,loamy,flowering,MEDIUM
21.3,60.5,0.0,54.5,sandy,fruiting,MEDIUM
34.5,83.9,0.0,36.6,clay,flowering,MEDIUM
38.3,49.2,0.0,8.9,clay,flowering,HIGH
20.0,94.5,0.0,26.0,clay,fruiting,MEDIUM
27.4,43.3,0.0,95.0,clay,flowering,LOW
40.1,28.4,13.5,55.3,loamy,seedling,MEDIUM
28.5,28.1,4.6,32.4,loamy,flowering,MEDIUM
23.1,29.5,11.2,64.8,clay,seedling,LOW
18.3,73.7,0.0,45.0,loamy,flowering,MEDIUM
27.0,40.0,0.0,59.4,clay,seedling,MEDIUM
35.4,73.9,6.0,48.5,clay,fruiting,MEDIUM
18.2,34.8,16.9,76.4,loamy,vegetative,LOW
36.7,77.9,3.2,50.8,clay,seedling,MEDIUM
35.6,79.4,0.0,66.9,clay,fruiting,MEDIUM
28.7,65.0,5.4,57.7,sandy,fruiting,LOW
32.2,36.5,0.0,54.7,sandy,vegetative,MEDIUM
32.6,70.0,0.0,5.0,sandy,seedling,HIGH
38.7,90.0,34.5,77.7,sandy,seedling,LOW
24.6,82.7,0.0,67.4,loamy,flowering,LOW
32.6,84.7,0.0,80.6,loamy,vegetative,LOW
32.2,76.5,0.0,38.8,loamy,vegetative,MEDIUM
28.3,63.8,0.0,61.2,loamy,fruiting,MEDIUM
33.3,63.7,24.4,70.7,clay,seedling,LOW
24.1,39.3,0.0,51.0,clay,vegetative,MEDIUM
35.4,55.5,0.0,92.6,clay,vegetative,LOW
24.9,50.7,0.0,51.8,clay,flowering,LOW
24.5,86.0,0.0,32.4,clay,fruiting,MEDIUM
41.9,54.8,12.1,81.1,clay,fruiting,LOW
20.6,84.2,0.0,41.4,loamy,vegetative,MEDIUM
27.5,65.0,0.0,47.1,loamy,flowering,MEDIUM
31.8,91.5,0.0,36.4,clay,flowering,MEDIUM
30.1,57.5,0.0,52.5,clay,flowering,MEDIUM
28.1,61.2,2.2,34.1,clay,fruiting,MEDIUM
26.1,57.9,0.0,54.2,sandy,vegetative,MEDIUM
23.4,67.9,2.4,71.5,loamy,flowering,LOW
24.9,31.0,4.7,75.1,sandy,flowering,LOW
21.3,45.4,1.2,51.7,loamy,vegetative,MEDIUM
31.0,57.3,30.1,69.0,clay,fruiting,LOW
33.8,87.7,2.3,49.1,loamy,fruiting,MEDIUM
23.9,77.2,0.0,27.1,loamy,flowering,MEDIUM
29.6,68.2,0.0,36.6,loamy,seedling,HIGH
26.5,53.5,0.0,48.9,clay,fruiting,LOW
22.1,33.8,0.0,54.4,loamy,flowering,MEDIUM
36.5,50.8,0.0,26.3,sandy,flowering,HIGH
24.5,84.9,0.0,62.6,sandy,flowering,LOW
31.5,25.4,2.4,67.1,clay,seedling,MEDIUM
35.5,25.0,0.0,56.7,loamy,fruiting,HIGH
40.7,56.0,0.0,76.3,clay,flowering,MEDIUM
37.0,65.8,0.0,58.5,clay,fruiting,MEDIUM
38.3,33.9,0.0,58.3,sandy,vegetative,HIGH
27.2,76.6,0.0,34.7,clay,flowering,MEDIUM
18.5,32.0,2.7,71.5,clay,flowering,LOW
29.8,89.0,0.0,49.3,sandy,seedling,MEDIUM
24.0,46.3,0.0,41.8,clay,vegetative,MEDIUM
28.9,60.5,0.0,28.8,sandy,seedling,HIGH
21.5,45.2,0.0,33.3,clay,vegetative,MEDIUM
25.0,62.9,25.4,62.2,clay,vegetative,LOW
38.3,76.3,0.0,95.0,sandy,seedling,MEDIUM
30.9,64.6,14.0,57.0,loamy,flowering,LOW
38.3,60.4,3.9,37.0,clay,fruiting,MEDIUM
24.4,49.5,0.0,40.9,sandy,vegetative,MEDIUM
33.6,75.8,0.0,31.2,sandy,vegetative,HIGH
26.1,81.7,3.6,29.1,loamy,fruiting,MEDIUM
33.2,93.3,0.0,53.4,loamy,vegetative,MEDIUM
19.4,94.9,13.6,55.3,loamy,flowering,LOW
39.0,39.1,0.0,49.5,loamy,seedling,HIGH
30.5,83.1,0.0,71.7,sandy,vegetative,MEDIUM
37.0,65.7,6.9,46.4,clay,seedling,MEDIUM
34.7,53.7,0.0,10.4,sandy,fruiting,HIGH
30.8,86.4,0.0,60.6,sandy,seedling,MEDIUM
27.1,25.6,0.0,28.3,loamy,fruiting,HIGH
31.4,46.1,0.0,46.9,sandy,flowering,HIGH
21.8,72.0,0.0,22.8,sandy,seedling,HIGH
30.7,61.2,0.0,60.6,loamy,seedling,MEDIUM
28.4,83.0,0.0,29.0,loamy,flowering,MEDIUM
35.4,41.1,0.0,32.6,loamy,fruiting,HIGH
29.4,28.1,0.0,85.4,sandy,fruiting,MEDIUM
21.5,38.2,7.6,33.8,loamy,vegetative,MEDIUM
34.4,26.4,35.3,32.2,sandy,flowering,MEDIUM
29.2,73.3,7.1,43.1,sandy,fruiting,MEDIUM
20.7,45.4,3.3,47.9,clay,flowering,LOW
30.0,28.0,0.0,5.0,clay,vegetative,MEDIUM
40.9,40.0,12.4,38.3,sandy,flowering,MEDIUM
20.1,67.6,0.0,53.9,loamy,vegetative,LOW
33.0,38.2,0.0,63.0,sandy,fruiting,MEDIUM
40.5,72.0,0.0,59.0,loamy,flowering,MEDIUM
28.0,55.9,0.0,38.7,sandy,fruiting,HIGH
26.4,57.8,0.0,60.2,clay,seedling,LOW
20.8,91.2,11.4,59.3,sandy,vegetative,LOW
34.7,66.1,0.0,16.7,loamy,flowering,HIGH
32.9,87.4,0.0,17.7,sandy,seedling,HIGH
35.2,77.0,0.0,37.4,loamy,fruiting,MEDIUM
26.5,80.4,0.0,35.9,sandy,fruiting,MEDIUM
29.9,49.0,1.6,69.7,loamy,flowering,MEDIUM
37.5,59.5,0.0,49.6,loamy,seedling,HIGH
35.3,38.3,2.5,17.5,loamy,flowering,HIGH
32.3,86.1,0.7,51.7,clay,vegetative,LOW
24.9,38.9,0.0,54.2,sandy,seedling,MEDIUM
25.7,34.3,0.0,25.9,loamy,flowering,HIGH
24.9,36.3,0.0,69.8,sandy,fruiting,MEDIUM
31.4,42.9,1.7,64.9,clay,flowering,MEDIUM
28.9,73.9,0.0,10.4,clay,seedling,MEDIUM
30.2,26.7,0.0,28.9,clay,flowering,MEDIUM
27.2,83.5,9.4,83.6,loamy,vegetative,LOW
23.5,77.0,0.0,66.1,sandy,vegetative,MEDIUM
26.3,37.1,0.0,55.2,loamy,vegetative,MEDIUM
24.2,40.9,0.0,59.6,loamy,flowering,MEDIUM
36.5,57.4,18.5,48.9,loamy,fruiting,LOW
22.5,33.8,1.1,62.0,clay,vegetative,MEDIUM
34.5,26.3,0.0,52.3,sandy,seedling,HIGH
24.4,73.2,15.9,49.0,clay,fruiting,LOW
29.8,78.8,21.1,70.0,clay,flowering,LOW
40.2,35.3,0.0,64.3,sandy,seedling,HIGH
41.7,37.6,0.0,36.9,sandy,vegetative,HIGH
30.9,94.7,0.0,53.2,clay,vegetative,LOW
31.0,78.8,0.0,48.5,sandy,flowering,MEDIUM
18.4,43.5,2.8,65.0,clay,fruiting,LOW
36.8,39.0,1.1,56.9,sandy,vegetative,HIGH
41.7,62.4,1.0,41.8,clay,fruiting,MEDIUM
32.3,57.2,2.1,28.9,sandy,fruiting,HIGH
29.9,80.4,2.6,65.2,sandy,fruiting,MEDIUM
21.9,94.7,0.0,64.7,sandy,fruiting,MEDIUM
38.6,94.4,0.0,34.9,loamy,seedling,HIGH
32.2,60.3,0.0,44.6,clay,fruiting,MEDIUM
19.9,64.2,0.0,25.9,clay,flowering,MEDIUM
39.9,37.2,0.0,26.8,clay,seedling,HIGH
19.4,51.1,0.0,60.4,loamy,flowering,MEDIUM
19.3,72.1,0.0,41.9,sandy,vegetative,MEDIUM
37.5,75.3,3.8,44.5,clay,seedling,MEDIUM
21.6,64.1,0.0,61.6,sandy,fruiting,MEDIUM
20.3,67.4,0.0,48.9,loamy,seedling,MEDIUM
24.7,85.9,0.0,38.3,clay,seedling,MEDIUM
29.3,72.4,0.0,29.4,sandy,fruiting,HIGH
25.9,43.9,2.8,26.2,sandy,flowering,HIGH
22.0,49.5,0.0,77.5,loamy,vegetative,MEDIUM
29.6,63.5,0.0,36.7,sandy,fruiting,HIGH
19.6,93.3,0.0,73.1,loamy,fruiting,LOW
40.8,69.4,11.0,52.3,loamy,fruiting,MEDIUM
25.8,45.5,0.0,73.5,loamy,seedling,MEDIUM
21.0,85.0,0.0,23.2,clay,vegetative,LOW
22.2,67.5,2.6,66.0,clay,flowering,LOW
39.3,76.0,0.0,36.5,sandy,vegetative,HIGH
22.2,27.0,0.0,73.6,clay,fruiting,MEDIUM
18.1,93.9,0.0,44.3,clay,vegetative,LOW
31.5,32.0,0.0,57.0,clay,vegetative,MEDIUM
23.6,25.1,0.0,46.6,sandy,seedling,HIGH
30.6,58.4,0.0,20.7,loamy,fruiting,HIGH
21.6,70.8,12.5,34.5,clay,fruiting,LOW
41.6,44.2,16.4,77.5,clay,fruiting,LOW
33.7,59.8,0.0,30.7,sandy,vegetative,HIGH
23.3,36.3,0.0,78.8,loamy,flowering,MEDIUM
23.8,36.8,0.0,32.2,sandy,flowering,HIGH
24.3,60.8,0.0,48.7,sandy,seedling,HIGH
20.3,37.0,1.0,56.6,sandy,fruiting,MEDIUM
19.8,82.5,2.7,39.4,clay,seedling,MEDIUM
18.9,26.0,0.0,49.4,sandy,vegetative,MEDIUM
40.2,52.8,0.0,35.3,sandy,seedling,HIGH
39.3,41.8,0.0,28.2,clay,seedling,MEDIUM
39.6,83.4,0.0,8.6,loamy,seedling,HIGH
30.0,57.0,0.0,39.6,sandy,seedling,HIGH
33.0,75.9,0.0,43.7,loamy,fruiting,HIGH
38.4,86.2,0.0,59.1,sandy,vegetative,MEDIUM
22.8,41.4,0.0,42.4,sandy,vegetative,MEDIUM
36.9,36.7,0.0,46.1,clay,flowering,MEDIUM
39.8,79.9,0.0,62.1,sandy,flowering,HIGH
41.2,43.2,0.6,29.6,clay,flowering,MEDIUM
30.3,48.1,0.0,34.3,sandy,flowering,HIGH
38.0,44.2,0.0,50.2,sandy,vegetative,HIGH
41.6,26.4,0.0,40.8,loamy,flowering,HIGH
39.0,30.9,31.7,23.9,loamy,seedling,MEDIUM
25.4,56.6,0.0,49.0,clay,vegetative,MEDIUM
33.0,83.1,0.0,29.2,clay,fruiting,MEDIUM
32.9,35.1,2.9,55.1,clay,fruiting,MEDIUM
39.0,50.1,13.5,68.2,sandy,flowering,LOW
39.8,41.5,0.0,46.2,clay,fruiting,HIGH
29.5,40.6,0.0,36.0,clay,flowering,MEDIUM
27.9,41.3,0.0,53.0,clay,fruiting,MEDIUM
22.0,80.0,9.2,60.6,loamy,vegetative,LOW
21.4,74.3,9.3,25.7,loamy,fruiting,MEDIUM
31.9,73.2,0.0,36.1,sandy,fruiting,HIGH
20.4,69.4,13.9,52.6,sandy,vegetative,LOW
32.4,67.4,0.0,45.5,loamy,vegetative,MEDIUM
22.3,60.9,4.2,64.2,loamy,seedling,LOW
39.4,38.6,14.8,55.1,clay,fruiting,LOW
33.5,63.2,0.7,5.0,loamy,vegetative,HIGH
22.1,44.5,0.0,61.0,loamy,vegetative,LOW
32.6,35.8,0.0,36.3,loamy,vegetative,MEDIUM
28.0,64.2,0.0,58.0,loamy,seedling,MEDIUM
25.8,83.7,0.0,41.8,loamy,flowering,MEDIUM
39.8,50.4,0.0,60.1,sandy,vegetative,HIGH
38.5,93.1,1.7,47.1,sandy,flowering,MEDIUM
35.5,91.7,0.0,31.0,loamy,seedling,MEDIUM
18.5,61.7,10.3,50.8,sandy,vegetative,LOW
28.2,50.2,10.2,50.5,clay,vegetative,LOW
35.1,55.5,0.0,59.0,loamy,vegetative,MEDIUM
36.5,42.1,15.2,28.7,loamy,flowering,MEDIUM
23.9,25.6,0.0,94.3,sandy,vegetative,LOW
25.2,27.5,0.0,44.2,sandy,seedling,HIGH
28.9,60.9,0.0,36.3,clay,fruiting,MEDIUM
33.5,59.6,3.3,83.1,sandy,vegetative,LOW
39.0,55.3,0.0,56.6,loamy,vegetative,MEDIUM
40.9,28.8,0.0,24.2,clay,flowering,HIGH
20.5,67.9,0.0,35.1,loamy,fruiting,MEDIUM
28.4,53.1,0.0,45.0,loamy,flowering,MEDIUM
19.1,74.4,0.0,68.6,loamy,flowering,LOW
25.1,49.8,14.0,63.8,loamy,fruiting,LOW
27.8,94.4,0.0,41.5,loamy,seedling,MEDIUM
36.6,68.8,2.3,84.4,clay,fruiting,LOW
20.2,58.2,7.1,31.8,loamy,vegetative,LOW
33.6,86.0,3.9,41.0,loamy,flowering,MEDIUM
27.3,60.8,0.0,24.0,loamy,seedling,MEDIUM
32.8,88.2,0.0,47.6,clay,vegetative,LOW
31.3,77.0,24.1,93.8,clay,vegetative,LOW
36.0,43.6,26.9,69.1,sandy,flowering,LOW
27.2,90.4,0.0,37.4,clay,fruiting,MEDIUM
39.2,56.1,0.0,31.1,loamy,vegetative,HIGH
39.8,40.1,1.4,47.4,sandy,flowering,HIGH
22.5,45.0,2.6,20.1,sandy,fruiting,HIGH
28.9,30.0,0.0,50.5,clay,vegetative,MEDIUM
41.2,58.5,0.0,43.6,loamy,flowering,HIGH
33.0,62.7,0.0,29.2,loamy,fruiting,HIGH
18.3,42.0,7.3,40.3,clay,fruiting,MEDIUM
26.9,56.9,11.3,68.8,loamy,vegetative,LOW
26.7,39.7,0.0,57.6,clay,flowering,LOW
23.5,61.9,10.8,52.8,sandy,vegetative,LOW
28.2,67.4,3.0,60.7,clay,fruiting,LOW
26.1,74.7,0.0,59.0,sandy,seedling,MEDIUM
32.1,49.7,2.7,23.2,clay,seedling,MEDIUM
23.1,25.4,0.0,50.1,sandy,seedling,HIGH
40.0,74.5,0.0,24.3,sandy,fruiting,HIGH
36.9,48.7,0.0,11.5,sandy,vegetative,HIGH
36.3,31.8,16.7,40.7,sandy,vegetative,LOW
36.6,66.7,12.6,64.6,sandy,vegetative,LOW
39.4,74.0,0.0,42.5,clay,fruiting,MEDIUM
18.6,89.7,0.0,26.1,loamy,seedling,MEDIUM
30.2,92.6,0.0,45.2,clay,fruiting,MEDIUM
38.8,45.4,13.6,10.2,clay,fruiting,MEDIUM
33.0,80.6,0.0,52.6,sandy,seedling,HIGH
40.8,48.8,17.1,13.6,clay,fruiting,MEDIUM
19.6,68.6,0.0,83.6,sandy,seedling,LOW
20.4,90.3,2.2,86.6,clay,flowering,LOW
19.3,44.9,0.0,42.1,clay,flowering,MEDIUM
32.7,35.7,0.0,91.9,sandy,fruiting,MEDIUM
37.0,70.9,0.0,34.6,sandy,seedling,HIGH
18.1,70.6,0.0,49.8,sandy,vegetative,MEDIUM
32.6,44.2,0.0,31.2,sandy,vegetative,HIGH
38.0,54.4,0.0,53.8,clay,flowering,MEDIUM
28.4,38.4,0.0,75.2,loamy,flowering,MEDIUM
25.5,47.4,11.8,68.3,loamy,seedling,LOW
23.4,30.7,4.4,74.1,loamy,fruiting,LOW
25.6,61.7,0.0,54.1,loamy,vegetative,LOW
33.8,38.6,2.3,40.1,clay,vegetative,MEDIUM
40.5,76.6,0.0,34.9,loamy,seedling,HIGH
25.2,40.0,0.7,70.6,clay,seedling,MEDIUM
38.4,58.6,4.4,53.1,sandy,fruiting,MEDIUM
30.8,34.7,16.3,75.3,loamy,fruiting,LOW
34.2,50.0,0.0,53.7,clay,fruiting,MEDIUM
27.5,91.7,0.0,90.7,sandy,seedling,LOW
21.6,57.8,0.0,78.7,clay,vegetative,LOW
37.2,91.2,3.2,76.7,sandy,fruiting,MEDIUM
40.2,74.9,0.0,19.9,loamy,flowering,HIGH
18.6,34.3,0.0,61.6,clay,seedling,MEDIUM
22.0,75.2,5.9,52.2,clay,seedling,LOW
30.2,62.3,0.0,52.1,sandy,vegetative,MEDIUM
27.8,44.2,0.0,74.9,clay,fruiting,LOW
35.2,52.4,4.6,45.7,loamy,seedling,MEDIUM
29.3,47.0,33.3,85.2,sandy,flowering,LOW
36.4,50.4,0.0,60.6,clay,seedling,MEDIUM
33.4,39.7,9.3,53.4,sandy,flowering,MEDIUM
36.1,55.8,3.9,40.3,sandy,vegetative,HIGH
28.8,84.6,4.0,29.3,clay,vegetative,LOW
25.4,88.0,34.2,89.3,clay,fruiting,LOW
18.5,72.0,8.5,57.9,sandy,flowering,LOW
26.8,54.1,0.0,71.5,sandy,vegetative,MEDIUM
24.1,47.7,0.0,34.4,clay,fruiting,MEDIUM
38.2,75.3,0.0,47.7,clay,flowering,MEDIUM
33.4,27.2,0.0,49.7,loamy,vegetative,MEDIUM
24.8,69.8,3.2,45.7,clay,seedling,LOW
38.0,47.9,0.0,67.7,clay,flowering,MEDIUM
39.6,89.1,0.0,49.0,sandy,seedling,HIGH
33.9,28.1,4.3,18.1,loamy,vegetative,MEDIUM
19.6,53.1,0.0,55.3,sandy,flowering,MEDIUM
24.4,55.8,4.1,54.1,clay,fruiting,LOW
30.7,86.3,7.8,47.9,loamy,seedling,LOW
22.5,79.1,8.5,88.1,clay,flowering,LOW
39.5,88.1,0.0,35.8,loamy,fruiting,HIGH
24.6,46.2,9.4,38.5,sandy,flowering,MEDIUM
40.4,43.5,0.0,33.1,clay,fruiting,MEDIUM
24.8,67.3,0.0,46.0,loamy,vegetative,MEDIUM
40.7,49.0,0.0,70.9,clay,fruiting,MEDIUM
19.0,25.8,0.0,25.7,sandy,flowering,HIGH
31.2,33.1,0.0,39.7,sandy,seedling,HIGH
20.6,60.6,2.6,34.3,sandy,flowering,HIGH
26.5,91.3,0.0,46.5,sandy,fruiting,MEDIUM
28.6,33.0,0.0,53.8,clay,vegetative,MEDIUM
22.0,64.6,0.0,29.1,clay,fruiting,MEDIUM
27.2,86.0,0.0,53.3,loamy,flowering,MEDIUM
27.4,25.3,0.0,58.2,sandy,seedling,HIGH
36.5,55.0,3.9,51.8,sandy,flowering,MEDIUM
26.4,89.5,0.0,47.4,loamy,flowering,MEDIUM
35.9,57.7,1.5,73.5,loamy,seedling,MEDIUM
24.8,58.7,0.0,71.0,sandy,seedling,MEDIUM
36.9,42.8,0.0,40.1,sandy,fruiting,HIGH
39.1,54.5,0.0,5.0,loamy,fruiting,HIGH
20.9,54.2,0.0,46.5,sandy,seedling,HIGH
36.2,62.1,0.0,35.4,sandy,flowering,HIGH
20.4,72.2,0.5,49.9,clay,seedling,MEDIUM
37.6,60.5,2.7,51.9,clay,flowering,LOW
23.4,56.1,0.0,57.6,loamy,seedling,MEDIUM
18.6,53.0,0.0,46.7,loamy,fruiting,MEDIUM
33.1,48.5,3.5,56.2,loamy,seedling,MEDIUM
19.4,40.1,0.0,76.9,clay,vegetative,LOW
25.5,83.0,0.0,43.6,clay,vegetative,LOW
26.2,53.1,0.0,74.0,clay,fruiting,LOW
31.1,63.3,21.8,76.3,sandy,vegetative,LOW
34.2,48.9,0.0,21.7,loamy,flowering,HIGH
19.0,66.9,4.3,35.6,loamy,fruiting,MEDIUM
35.0,84.8,0.0,71.6,sandy,seedling,MEDIUM
20.7,83.7,0.0,69.1,sandy,fruiting,LOW
39.8,60.4,0.0,39.7,loamy,fruiting,HIGH
28.8,54.7,28.7,81.0,loamy,fruiting,LOW
37.5,72.5,10.6,23.6,sandy,flowering,MEDIUM
38.9,55.2,0.0,46.2,loamy,vegetative,MEDIUM
24.6,56.1,0.0,61.9,clay,fruiting,LOW
34.3,81.8,1.0,70.4,clay,vegetative,LOW
27.9,28.1,11.8,35.1,loamy,seedling,MEDIUM
38.9,80.8,2.8,63.8,sandy,flowering,MEDIUM
40.8,81.4,0.0,38.8,sandy,fruiting,HIGH
39.7,41.7,1.4,39.3,loamy,fruiting,HIGH
40.0,34.8,0.0,39.4,loamy,fruiting,HIGH
26.2,54.3,14.1,42.4,loamy,fruiting,LOW
32.7,68.7,9.0,82.5,clay,vegetative,LOW
24.5,32.0,9.0,76.2,loamy,flowering,LOW
19.8,37.2,38.8,54.9,clay,vegetative,LOW
38.6,94.9,0.0,63.6,loamy,flowering,MEDIUM
34.5,26.5,6.4,66.3,sandy,fruiting,MEDIUM
30.8,40.3,0.0,45.6,loamy,flowering,HIGH
19.4,76.0,0.0,34.9,clay,fruiting,LOW
29.1,89.9,0.0,42.1,clay,vegetative,LOW
21.6,69.5,0.0,35.5,loamy,fruiting,MEDIUM
22.9,53.2,0.0,95.0,loamy,fruiting,LOW
31.7,53.7,0.0,29.2,loamy,seedling,HIGH
25.4,58.3,2.5,33.8,clay,vegetative,MEDIUM
25.7,55.7,0.0,41.2,clay,vegetative,LOW
30.8,85.1,0.0,54.2,clay,seedling,MEDIUM
39.8,60.6,0.0,76.3,clay,fruiting,LOW
24.2,28.7,0.0,36.3,clay,vegetative,MEDIUM
41.7,46.4,1.1,50.5,loamy,flowering,MEDIUM
35.2,76.0,0.0,78.5,clay,seedling,LOW
37.6,25.4,6.8,45.5,loamy,fruiting,MEDIUM
21.2,52.7,24.3,61.4,sandy,flowering,LOW
23.8,61.1,0.0,54.1,sandy,flowering,MEDIUM
28.5,80.3,23.5,91.8,clay,vegetative,LOW
36.5,89.4,2.9,46.0,clay,fruiting,MEDIUM
39.3,71.9,5.6,56.9,loamy,seedling,MEDIUM
39.1,78.0,0.0,53.4,loamy,fruiting,MEDIUM
39.9,26.0,0.0,66.7,clay,fruiting,MEDIUM
41.7,52.9,35.6,62.7,clay,fruiting,LOW
33.2,84.9,0.0,34.4,clay,seedling,MEDIUM
23.9,45.9,0.0,50.0,loamy,seedling,MEDIUM
26.1,45.7,0.0,35.0,sandy,vegetative,HIGH
34.8,77.9,0.0,47.2,clay,flowering,MEDIUM
22.9,89.4,36.9,90.9,sandy,seedling,LOW
37.8,41.2,14.8,25.6,clay,fruiting,MEDIUM
34.6,64.6,0.0,37.3,loamy,fruiting,HIGH
20.2,58.9,6.3,33.0,sandy,seedling,MEDIUM
31.2,75.5,5.0,55.5,sandy,flowering,MEDIUM
34.3,91.8,14.1,38.1,sandy,vegetative,LOW
31.2,56.7,4.4,44.8,loamy,flowering,MEDIUM
27.3,68.6,13.6,27.9,loamy,fruiting,LOW
21.4,25.3,0.0,35.6,clay,vegetative,MEDIUM
36.6,91.3,0.0,36.2,loamy,seedling,HIGH
40.5,47.2,3.4,57.5,loamy,seedling,MEDIUM
28.3,85.9,0.0,57.7,loamy,fruiting,LOW
19.7,83.6,0.0,37.7,sandy,seedling,MEDIUM
36.0,64.6,0.0,48.3,clay,vegetative,MEDIUM
39.0,63.0,0.0,14.7,loamy,flowering,HIGH
38.3,56.7,24.9,54.2,loamy,fruiting,LOW
24.7,48.1,0.0,45.2,sandy,fruiting,HIGH
21.0,64.5,4.8,51.6,loamy,fruiting,MEDIUM
26.0,93.4,0.0,67.1,sandy,fruiting,LOW
22.5,63.4,0.6,46.9,clay,fruiting,LOW
33.1,64.6,0.0,23.8,loamy,seedling,HIGH
22.3,86.1,0.0,64.8,loamy,seedling,LOW
36.2,45.8,2.4,59.3,clay,seedling,MEDIUM
41.9,30.4,2.6,30.7,sandy,flowering,HIGH
32.3,93.2,21.7,55.3,clay,seedling,LOW
32.7,44.1,0.0,55.6,clay,vegetative,MEDIUM
20.5,84.7,0.0,88.8,clay,vegetative,LOW
18.7,26.0,0.0,57.3,clay,vegetative,LOW
32.3,45.6,0.0,72.0,clay,vegetative,LOW
31.1,41.2,2.0,10.9,loamy,fruiting,HIGH
26.8,86.6,0.7,51.3,loamy,vegetative,LOW
29.6,32.4,0.0,50.6,loamy,vegetative,MEDIUM
34.9,68.0,0.0,46.4,sandy,fruiting,HIGH
25.5,56.5,4.1,71.5,loamy,seedling,LOW
21.1,78.4,0.0,27.9,clay,vegetative,LOW
32.8,60.6,0.0,81.4,loamy,fruiting,MEDIUM
20.4,48.0,0.0,48.6,loamy,seedling,MEDIUM
26.1,30.8,30.4,69.8,clay,vegetative,LOW
29.4,92.8,23.3,86.3,sandy,flowering,LOW
36.6,62.5,0.0,66.5,clay,seedling,MEDIUM
41.6,53.8,0.0,38.0,clay,seedling,MEDIUM
32.7,33.3,4.7,30.6,clay,vegetative,LOW
35.8,67.1,27.2,58.1,loamy,flowering,LOW
25.0,78.6,0.0,16.1,sandy,fruiting,HIGH
41.7,57.9,0.0,35.8,sandy,flowering,HIGH
40.7,66.3,0.0,51.2,clay,fruiting,MEDIUM
22.1,75.4,0.0,31.2,clay,flowering,MEDIUM
28.1,38.2,25.8,73.5,clay,fruiting,LOW
22.8,80.3,0.0,51.9,clay,fruiting,LOW
39.2,92.0,0.0,33.2,clay,seedling,MEDIUM
33.8,47.7,11.6,61.5,loamy,flowering,LOW
19.5,38.6,0.0,23.7,loamy,vegetative,MEDIUM
37.5,79.2,0.0,33.8,clay,flowering,MEDIUM
32.6,35.7,8.6,50.0,clay,seedling,LOW
26.9,44.9,4.6,69.3,clay,vegetative,LOW
25.5,65.2,0.0,44.3,loamy,seedling,MEDIUM
41.0,43.3,14.4,43.7,sandy,flowering,MEDIUM
32.4,35.9,0.0,17.4,sandy,vegetative,HIGH
42.0,30.0,39.3,86.0,loamy,vegetative,LOW
23.1,93.0,0.0,39.4,clay,fruiting,MEDIUM
41.5,55.4,9.7,89.3,loamy,vegetative,LOW
24.4,70.2,0.0,12.7,clay,fruiting,MEDIUM
22.4,42.1,0.0,52.1,loamy,vegetative,MEDIUM
34.7,46.6,12.8,39.9,loamy,vegetative,LOW
23.4,57.8,2.4,33.6,clay,vegetative,LOW
23.2,34.6,3.0,34.4,loamy,flowering,MEDIUM
34.4,49.5,0.0,49.2,sandy,vegetative,HIGH
23.3,29.5,0.0,62.4,loamy,fruiting,MEDIUM
37.3,39.5,16.9,66.1,clay,seedling,LOW
36.4,83.8,4.1,48.6,loamy,seedling,MEDIUM
34.0,92.0,23.0,64.1,loamy,vegetative,LOW
37.0,55.3,2.6,24.9,sandy,fruiting,HIGH
18.4,66.4,0.0,59.8,clay,fruiting,LOW
19.3,46.9,1.2,44.4,loamy,fruiting,MEDIUM
19.9,54.8,0.0,79.0,loamy,fruiting,LOW
33.4,85.3,2.7,58.6,loamy,vegetative,MEDIUM
34.4,69.6,0.0,56.1,sandy,seedling,HIGH
27.3,79.5,0.0,17.7,sandy,flowering,HIGH
18.8,62.9,6.0,67.2,sandy,flowering,LOW
23.2,43.5,1.4,56.8,sandy,flowering,MEDIUM
27.3,54.8,0.0,85.0,sandy,fruiting,MEDIUM
24.7,58.3,0.0,65.6,clay,fruiting,LOW
38.8,87.3,0.0,46.3,clay,seedling,MEDIUM
20.0,34.5,11.3,39.8,clay,seedling,LOW
26.6,89.0,0.0,50.2,loamy,flowering,MEDIUM
35.3,40.1,3.7,77.0,clay,seedling,LOW
36.3,94.4,0.0,52.7,clay,fruiting,MEDIUM
27.5,37.6,0.0,74.3,clay,vegetative,LOW
24.4,67.2,0.0,58.9,loamy,seedling,MEDIUM
25.7,32.2,0.0,71.1,clay,vegetative,LOW
25.1,78.4,3.9,29.4,loamy,seedling,MEDIUM
30.5,89.5,0.0,74.5,loamy,flowering,LOW
30.4,82.0,11.2,25.0,loamy,seedling,MEDIUM
36.1,75.5,1.1,8.7,loamy,seedling,HIGH
21.8,36.7,0.0,52.2,sandy,vegetative,MEDIUM
35.1,29.1,5.8,56.7,clay,flowering,MEDIUM
37.5,83.0,0.0,22.6,clay,fruiting,MEDIUM
24.2,57.8,1.5,67.2,sandy,vegetative,MEDIUM
29.7,38.1,4.5,42.9,sandy,vegetative,MEDIUM
18.7,34.6,5.5,71.0,sandy,flowering,LOW
23.1,47.8,1.2,55.9,clay,flowering,MEDIUM
33.1,90.5,1.8,38.7,clay,vegetative,LOW
29.2,54.4,0.0,59.6,loamy,flowering,MEDIUM
21.3,42.5,15.9,24.9,loamy,flowering,LOW
25.0,37.2,25.3,68.9,clay,seedling,LOW
34.2,55.4,0.0,52.5,sandy,fruiting,HIGH
23.7,47.7,0.0,45.0,sandy,flowering,MEDIUM
18.1,32.1,0.0,53.0,clay,vegetative,LOW
21.5,67.8,0.0,34.6,clay,vegetative,LOW
26.5,37.1,2.2,47.7,sandy,vegetative,MEDIUM
22.6,44.0,0.0,18.8,clay,flowering,MEDIUM
40.6,86.9,0.0,42.0,sandy,fruiting,HIGH
26.0,39.6,0.0,54.5,loamy,vegetative,MEDIUM
30.5,53.0,0.0,78.6,clay,flowering,LOW
35.1,86.7,0.0,71.1,clay,fruiting,MEDIUM
31.1,39.4,0.0,23.3,loamy,fruiting,HIGH
40.9,79.9,19.2,40.8,sandy,seedling,LOW
29.9,86.2,0.0,52.0,loamy,flowering,MEDIUM
31.8,81.9,28.8,69.0,clay,flowering,LOW
27.3,67.9,0.0,60.7,loamy,fruiting,MEDIUM
28.3,50.1,10.2,79.9,loamy,seedling,LOW
30.8,48.7,0.0,36.9,clay,seedling,MEDIUM
24.8,72.1,0.0,23.2,clay,fruiting,MEDIUM
39.2,31.0,0.0,71.8,clay,flowering,MEDIUM
41.4,87.5,0.0,31.6,sandy,fruiting,HIGH
19.5,41.6,0.0,64.4,sandy,fruiting,MEDIUM
37.6,47.6,0.0,52.0,sandy,fruiting,HIGH
22.4,60.8,14.2,53.5,loamy,flowering,LOW
39.8,61.3,24.6,74.5,loamy,flowering,LOW
26.8,28.0,0.0,42.3,clay,vegetative,MEDIUM
31.6,69.6,3.8,51.6,clay,fruiting,MEDIUM
27.9,93.4,3.1,49.0,loamy,seedling,MEDIUM
19.0,39.1,0.0,34.2,sandy,seedling,HIGH
19.0,72.2,9.4,91.9,clay,fruiting,LOW
40.9,83.8,0.0,40.7,sandy,seedling,HIGH
40.3,53.5,0.0,30.6,sandy,fruiting,HIGH
37.1,45.2,1.4,64.2,loamy,seedling,HIGH
40.0,72.2,0.0,43.5,loamy,vegetative,MEDIUM
37.6,70.7,0.0,76.6,clay,vegetative,LOW
23.5,25.3,0.0,40.5,clay,flowering,MEDIUM
22.1,32.4,0.0,41.9,sandy,flowering,MEDIUM
22.9,46.1,1.4,65.2,sandy,flowering,MEDIUM
41.3,37.2,0.0,52.7,loamy,seedling,HIGH
25.9,63.0,0.0,51.0,loamy,vegetative,LOW
20.5,26.6,0.0,31.7,sandy,fruiting,HIGH
32.7,53.8,0.0,31.4,clay,flowering,MEDIUM
20.7,75.9,4.7,50.7,clay,vegetative,LOW
40.0,34.8,0.0,35.0,loamy,seedling,HIGH
27.5,38.2,0.0,68.1,clay,seedling,LOW
23.3,76.4,0.0,48.9,sandy,vegetative,MEDIUM
30.1,84.4,38.9,70.4,loamy,seedling,LOW
19.7,64.8,0.0,30.7,sandy,vegetative,MEDIUM
18.1,60.6,13.2,79.6,clay,fruiting,LOW
21.6,84.9,6.7,54.6,sandy,seedling,LOW
25.5,71.6,25.7,74.7,clay,flowering,LOW
28.5,41.4,0.0,46.3,sandy,fruiting,HIGH
37.9,26.7,3.5,39.0,clay,vegetative,MEDIUM
21.6,74.1,0.0,40.4,loamy,seedling,MEDIUM
35.5,55.9,0.0,38.9,sandy,fruiting,HIGH
18.9,38.0,3.9,62.5,sandy,seedling,MEDIUM
18.5,76.7,0.0,56.5,sandy,flowering,MEDIUM
35.1,47.2,11.9,29.4,loamy,flowering,MEDIUM
31.4,92.0,0.0,28.0,sandy,fruiting,HIGH
31.2,25.1,2.0,35.2,sandy,vegetative,HIGH
30.4,39.9,2.9,63.1,sandy,seedling,MEDIUM
40.4,60.9,1.9,25.0,clay,vegetative,MEDIUM
22.7,58.6,0.0,21.9,loamy,flowering,HIGH
33.8,28.5,23.2,53.1,clay,vegetative,LOW
30.2,85.4,0.0,17.6,clay,vegetative,MEDIUM
38.0,28.1,0.0,17.1,loamy,fruiting,HIGH
28.3,60.1,4.6,44.7,sandy,seedling,MEDIUM
24.2,51.7,2.1,56.6,sandy,vegetative,MEDIUM
37.5,58.4,4.3,87.4,sandy,fruiting,LOW
39.6,92.9,0.0,32.6,loamy,fruiting,HIGH
28.7,46.6,0.0,44.4,loamy,vegetative,MEDIUM
23.5,87.2,0.0,41.2,sandy,flowering,MEDIUM
24.4,49.1,13.8,56.0,clay,seedling,LOW
18.9,34.9,16.9,69.6,sandy,flowering,LOW
40.4,40.4,4.3,65.6,clay,seedling,MEDIUM
24.3,48.0,0.0,58.3,clay,flowering,LOW
26.0,79.5,4.3,56.1,sandy,vegetative,LOW
23.5,87.2,0.0,58.2,clay,fruiting,LOW
39.4,37.0,0.0,64.7,loamy,seedling,MEDIUM
33.8,65.7,0.0,50.3,sandy,fruiting,HIGH
24.0,48.4,2.6,71.3,loamy,seedling,LOW
34.7,25.6,34.5,95.0,sandy,fruiting,LOW
23.7,55.6,0.0,34.7,clay,seedling,MEDIUM
40.3,31.6,2.2,67.9,clay,seedling,MEDIUM
26.0,66.5,2.7,52.8,loamy,flowering,LOW
29.2,89.9,0.0,67.3,sandy,fruiting,MEDIUM
37.9,44.7,0.0,13.8,clay,fruiting,HIGH
29.1,42.6,0.0,66.8,loamy,vegetative,MEDIUM
19.3,87.2,0.0,59.4,loamy,seedling,LOW
37.5,40.2,4.1,46.4,sandy,seedling,HIGH
19.5,49.9,0.0,45.6,sandy,flowering,MEDIUM
40.9,84.5,0.0,67.4,sandy,seedling,HIGH
25.6,58.7,0.0,61.2,sandy,fruiting,MEDIUM
25.1,26.5,0.0,42.1,clay,flowering,MEDIUM
40.1,86.5,0.0,31.6,clay,fruiting,MEDIUM
29.3,59.4,0.6,40.4,loamy,fruiting,MEDIUM
31.4,87.2,2.0,44.5,sandy,vegetative,MEDIUM
18.4,27.3,2.7,11.7,loamy,seedling,HIGH
29.9,27.8,0.0,54.4,loamy,seedling,MEDIUM
33.9,84.4,3.9,5.0,clay,vegetative,MEDIUM
33.5,64.0,3.4,83.5,sandy,flowering,MEDIUM
28.8,41.9,29.8,49.1,loamy,seedling,LOW
22.8,29.9,4.0,72.2,loamy,fruiting,LOW
28.7,44.9,0.0,43.2,clay,vegetative,MEDIUM
41.3,64.1,0.0,41.0,sandy,vegetative,HIGH
36.9,37.6,3.1,34.9,sandy,fruiting,HIGH
36.3,36.8,0.0,34.9,sandy,fruiting,HIGH
40.7,74.8,0.0,12.3,clay,seedling,HIGH
41.5,80.8,0.0,30.2,loamy,vegetative,MEDIUM
31.4,80.1,1.9,35.3,sandy,seedling,HIGH
40.7,91.8,0.0,17.5,clay,vegetative,MEDIUM
41.0,80.2,6.9,39.1,clay,seedling,MEDIUM
33.8,70.8,0.9,29.9,sandy,fruiting,HIGH
19.9,44.4,0.0,67.9,loamy,flowering,MEDIUM
22.4,57.5,16.4,62.2,sandy,flowering,LOW
20.1,66.5,6.9,67.9,sandy,flowering,LOW
39.1,90.6,2.3,19.3,clay,seedling,MEDIUM
24.3,40.6,3.7,37.9,sandy,flowering,MEDIUM
33.1,78.4,0.0,44.6,loamy,flowering,MEDIUM
37.2,33.9,0.0,26.0,clay,seedling,HIGH
32.1,42.8,0.0,35.9,loamy,seedling,HIGH
41.4,52.8,0.0,39.5,loamy,fruiting,HIGH
27.6,34.6,3.6,81.8,clay,flowering,LOW
21.1,60.8,0.0,42.7,sandy,fruiting,HIGH
30.7,35.2,0.0,58.9,clay,vegetative,LOW
19.7,86.3,0.0,62.4,loamy,vegetative,LOW
35.4,71.9,0.0,31.3,loamy,seedling,HIGH
33.4,86.8,0.0,51.2,clay,seedling,MEDIUM
29.7,57.6,6.0,63.5,sandy,seedling,LOW
36.3,83.8,1.8,27.2,sandy,seedling,HIGH
41.1,33.6,13.1,8.7,sandy,seedling,HIGH
40.1,27.5,0.0,57.9,loamy,flowering,HIGH
29.4,77.3,0.0,36.7,loamy,vegetative,MEDIUM
31.4,37.9,0.0,60.4,sandy,seedling,HIGH
19.7,93.6,3.3,72.1,clay,fruiting,LOW
21.6,44.5,7.1,53.3,sandy,flowering,LOW
30.8,87.9,5.0,47.4,sandy,fruiting,MEDIUM
33.5,49.6,0.0,58.6,clay,flowering,MEDIUM
41.1,90.1,0.0,46.9,loamy,seedling,HIGH
37.0,38.7,0.0,27.0,clay,flowering,MEDIUM
41.0,51.5,0.0,43.3,sandy,seedling,HIGH
22.5,50.3,0.0,76.2,sandy,vegetative,LOW
19.8,31.3,9.9,83.9,clay,seedling,LOW
30.0,93.7,4.2,35.3,loamy,seedling,MEDIUM
40.7,26.4,0.0,19.3,loamy,flowering,HIGH
32.1,49.4,0.0,68.6,loamy,flowering,MEDIUM
39.3,42.1,0.0,21.3,sandy,fruiting,HIGH
18.6,35.7,0.0,28.8,sandy,flowering,HIGH
34.1,66.2,13.5,59.3,sandy,flowering,LOW
36.5,92.6,9.7,49.8,clay,flowering,LOW
37.2,39.7,23.7,68.3,clay,vegetative,LOW
32.2,33.5,10.6,50.7,loamy,flowering,LOW
35.9,44.7,0.0,51.4,clay,fruiting,MEDIUM
34.7,75.3,14.7,75.1,sandy,vegetative,LOW
25.0,46.2,0.0,56.5,sandy,seedling,HIGH
22.5,62.9,0.0,29.0,loamy,seedling,HIGH
33.5,49.9,0.0,21.9,sandy,flowering,HIGH
18.7,54.0,0.0,42.7,clay,seedling,MEDIUM
34.5,64.7,0.0,85.2,loamy,seedling,MEDIUM
33.8,45.2,6.6,28.6,clay,fruiting,MEDIUM
36.2,83.3,0.0,36.8,clay,flowering,MEDIUM
29.9,58.1,0.0,65.1,sandy,vegetative,MEDIUM
40.4,86.3,0.0,35.7,clay,vegetative,MEDIUM
39.0,49.3,26.5,79.1,loamy,fruiting,LOW
28.1,29.3,0.0,56.3,sandy,vegetative,MEDIUM
35.4,64.6,13.9,64.0,clay,flowering,LOW
29.0,85.5,16.3,72.2,sandy,seedling,LOW
27.3,33.3,0.0,64.1,sandy,fruiting,MEDIUM
30.5,62.8,0.0,52.1,clay,flowering,MEDIUM
22.9,87.6,0.0,26.4,loamy,seedling,MEDIUM
37.3,87.2,0.0,65.9,clay,seedling,MEDIUM
37.6,89.1,0.0,64.7,clay,vegetative,LOW
29.4,83.1,0.0,41.9,clay,fruiting,MEDIUM
30.0,54.6,0.0,46.1,sandy,seedling,HIGH
37.2,64.8,4.5,80.0,loamy,vegetative,LOW
19.7,85.2,0.0,62.7,sandy,flowering,MEDIUM
37.5,25.3,2.8,83.1,loamy,flowering,MEDIUM
21.5,38.0,0.0,35.9,loamy,flowering,HIGH
36.6,75.3,0.0,64.2,loamy,fruiting,MEDIUM
41.7,87.1,0.0,34.6,loamy,vegetative,MEDIUM
25.4,92.3,0.0,31.9,sandy,vegetative,MEDIUM
21.4,91.2,0.0,41.2,sandy,seedling,MEDIUM
21.1,57.0,0.0,66.3,sandy,seedling,MEDIUM
19.8,57.4,5.0,60.8,sandy,fruiting,MEDIUM
36.3,61.6,4.7,49.4,loamy,flowering,MEDIUM
25.2,35.4,4.2,27.6,loamy,seedling,MEDIUM
18.2,83.4,0.0,48.6,clay,flowering,LOW
19.5,80.2,2.9,47.4,sandy,fruiting,MEDIUM
31.3,81.0,3.2,62.0,loamy,fruiting,MEDIUM
41.3,38.8,0.0,64.2,loamy,seedling,HIGH
35.0,27.8,5.9,44.6,sandy,vegetative,MEDIUM
35.3,55.9,0.0,48.1,clay,flowering,MEDIUM
26.4,53.0,28.6,80.7,clay,seedling,LOW
26.9,51.0,1.4,60.8,sandy,flowering,MEDIUM
32.0,40.0,14.9,67.2,sandy,seedling,LOW
40.0,93.1,0.0,40.3,clay,vegetative,MEDIUM
19.8,53.4,0.0,56.8,loamy,fruiting,MEDIUM
23.3,30.0,0.0,38.4,clay,seedling,MEDIUM
36.0,88.2,0.0,38.0,clay,flowering,MEDIUM
40.4,69.1,0.0,20.0,loamy,vegetative,HIGH
29.9,58.0,34.6,69.9,sandy,fruiting,LOW
29.9,49.3,0.0,53.7,loamy,vegetative,MEDIUM
19.4,59.2,0.0,43.0,sandy,fruiting,HIGH
25.9,66.9,0.0,93.4,sandy,vegetative,LOW
31.6,70.8,6.3,40.7,sandy,seedling,MEDIUM
30.0,62.3,0.0,70.2,sandy,vegetative,MEDIUM
28.8,35.4,0.0,68.8,sandy,vegetative,MEDIUM
26.2,48.5,0.0,38.6,loamy,flowering,MEDIUM
29.1,54.3,0.0,32.9,clay,seedling,MEDIUM
35.6,94.6,10.6,43.5,clay,flowering,LOW
20.1,44.0,4.0,86.7,sandy,seedling,LOW
27.4,83.9,12.0,46.1,sandy,vegetative,LOW
36.7,59.5,8.5,73.5,clay,fruiting,LOW
26.0,44.4,3.5,62.9,sandy,seedling,MEDIUM
32.5,37.9,1.7,74.9,loamy,seedling,MEDIUM
36.2,68.3,4.0,49.9,sandy,fruiting,HIGH
23.2,63.0,12.0,80.7,sandy,vegetative,LOW
23.2,93.9,0.0,52.1,clay,fruiting,LOW
21.5,63.7,8.9,60.4,clay,fruiting,LOW
22.1,27.6,12.7,52.6,loamy,seedling,LOW
35.2,32.7,4.1,44.8,loamy,fruiting,HIGH
37.9,38.4,0.0,36.7,sandy,flowering,HIGH
22.9,70.1,0.0,50.2,sandy,vegetative,MEDIUM
31.0,58.0,0.0,13.0,loamy,flowering,HIGH
30.8,34.4,0.0,32.0,loamy,vegetative,MEDIUM
26.5,42.6,0.0,57.7,sandy,vegetative,MEDIUM
31.0,26.3,0.0,50.3,clay,flowering,MEDIUM
37.3,54.9,0.0,29.3,loamy,fruiting,HIGH
30.6,62.6,2.5,66.2,clay,fruiting,LOW
18.4,53.4,26.5,95.0,sandy,seedling,LOW
38.1,76.7,5.2,50.0,loamy,fruiting,MEDIUM
28.7,79.2,10.4,17.9,sandy,fruiting,MEDIUM
33.1,72.2,0.0,73.0,sandy,vegetative,MEDIUM
41.2,81.6,0.0,55.5,clay,seedling,MEDIUM
34.1,93.0,0.0,20.7,loamy,flowering,HIGH
28.7,50.4,0.0,27.9,loamy,fruiting,MEDIUM
27.4,34.2,11.9,78.1,loamy,flowering,LOW
37.4,54.9,3.7,36.4,loamy,flowering,MEDIUM
23.4,50.1,1.5,21.3,sandy,seedling,HIGH
38.1,76.1,7.0,83.8,loamy,vegetative,LOW
32.1,84.0,1.8,31.9,sandy,flowering,HIGH
21.0,54.4,1.4,60.6,sandy,fruiting,MEDIUM
18.5,90.2,0.0,31.5,clay,flowering,MEDIUM
28.1,87.3,5.8,46.6,clay,vegetative,LOW
20.2,80.4,0.0,49.7,sandy,seedling,MEDIUM
21.3,36.2,7.1,63.2,sandy,vegetative,LOW
18.8,29.9,1.7,34.7,loamy,seedling,MEDIUM
36.7,50.5,10.1,52.3,sandy,fruiting,MEDIUM
30.3,43.6,0.0,47.0,loamy,vegetative,MEDIUM
31.5,48.6,14.4,81.1,sandy,vegetative,LOW
29.6,39.1,18.4,60.5,clay,flowering,LOW
28.9,46.0,0.0,76.6,clay,flowering,LOW
39.3,83.5,3.2,67.8,clay,seedling,LOW
28.4,48.3,0.0,38.8,clay,flowering,MEDIUM
19.0,64.1,3.0,37.8,clay,vegetative,LOW
41.8,51.2,3.9,59.1,clay,vegetative,MEDIUM
40.5,65.6,1.6,21.8,loamy,flowering,HIGH
30.0,77.3,0.0,54.8,sandy,fruiting,MEDIUM
30.1,39.2,0.0,80.7,sandy,seedling,MEDIUM
22.6,73.2,1.7,70.0,sandy,vegetative,LOW
29.7,50.6,14.5,80.9,clay,vegetative,LOW
27.2,58.0,0.0,56.3,sandy,fruiting,MEDIUM
35.2,65.8,0.0,49.9,sandy,flowering,HIGH
20.0,87.3,2.6,45.7,clay,vegetative,LOW
18.4,35.6,0.9,52.2,sandy,flowering,MEDIUM
21.4,91.2,0.0,50.7,clay,vegetative,LOW
19.0,49.0,0.0,33.6,loamy,seedling,MEDIUM
23.9,32.0,0.0,61.4,sandy,vegetative,MEDIUM
29.0,53.0,0.0,35.2,clay,vegetative,MEDIUM
22.5,64.2,0.0,30.1,sandy,flowering,HIGH
36.4,77.1,5.1,60.1,sandy,flowering,MEDIUM
19.4,66.8,3.1,41.4,clay,fruiting,LOW
33.4,57.8,21.7,55.5,clay,seedling,LOW
18.7,44.2,32.8,64.7,loamy,flowering,LOW
34.8,95.0,0.0,58.3,loamy,vegetative,MEDIUM
40.9,39.8,2.8,27.8,sandy,fruiting,HIGH
28.6,62.0,0.0,72.8,clay,fruiting,LOW
22.1,32.6,3.9,31.4,clay,flowering,MEDIUM
30.6,30.5,0.0,53.6,sandy,flowering,MEDIUM
23.1,63.6,0.0,38.1,sandy,vegetative,MEDIUM
37.6,88.9,0.0,18.5,loamy,flowering,HIGH
29.7,53.1,0.0,48.6,clay,flowering,MEDIUM
38.6,29.1,0.0,32.4,sandy,vegetative,HIGH
38.8,90.7,0.0,34.4,clay,seedling,MEDIUM
37.9,87.5,0.0,40.4,clay,fruiting,MEDIUM
27.0,65.4,0.0,59.8,clay,seedling,LOW
21.7,38.2,0.0,50.3,sandy,flowering,MEDIUM
22.7,78.0,0.0,59.8,clay,vegetative,LOW
34.1,83.3,0.0,52.3,clay,seedling,MEDIUM
23.6,30.6,0.5,45.7,loamy,vegetative,LOW
27.8,70.5,14.6,58.3,loamy,seedling,LOW
30.9,76.9,32.9,91.1,sandy,flowering,LOW
34.7,73.4,0.0,19.5,loamy,vegetative,HIGH
41.7,58.5,0.0,52.1,clay,seedling,MEDIUM
38.4,29.7,0.0,48.2,clay,flowering,MEDIUM
18.5,41.3,3.9,58.4,loamy,seedling,LOW
33.5,36.8,16.4,88.3,loamy,vegetative,LOW
30.6,83.4,0.0,32.2,sandy,seedling,HIGH
24.5,25.2,0.0,60.6,loamy,flowering,MEDIUM
18.3,59.2,3.4,65.5,sandy,seedling,MEDIUM
27.6,47.3,0.0,45.8,sandy,fruiting,HIGH
18.1,53.1,0.0,52.0,loamy,fruiting,MEDIUM
38.2,75.4,0.0,45.1,sandy,fruiting,HIGH
23.6,42.6,14.0,77.4,loamy,fruiting,LOW
40.1,54.9,2.1,23.9,loamy,fruiting,HIGH
38.3,38.7,0.0,21.2,sandy,fruiting,HIGH
35.9,64.0,4.5,41.4,clay,vegetative,LOW
29.6,49.9,1.9,50.7,sandy,fruiting,HIGH
32.7,29.8,30.4,95.0,sandy,seedling,LOW
28.7,29.2,0.0,46.4,loamy,seedling,HIGH
30.3,66.8,0.0,11.0,loamy,flowering,HIGH
31.6,41.7,0.0,55.3,sandy,seedling,HIGH
22.1,82.2,2.2,56.4,loamy,vegetative,LOW
35.8,83.6,0.0,28.3,loamy,vegetative,MEDIUM
35.7,63.3,0.0,70.3,clay,seedling,MEDIUM
35.3,82.1,4.3,22.3,clay,seedling,MEDIUM
31.3,53.5,0.0,47.2,loamy,fruiting,MEDIUM
26.7,90.7,0.0,24.5,clay,seedling,MEDIUM
25.0,79.5,0.0,47.2,loamy,vegetative,LOW
29.1,67.6,14.9,39.9,clay,fruiting,LOW
37.1,74.7,2.9,53.2,sandy,seedling,MEDIUM
24.8,70.8,0.0,64.7,sandy,flowering,MEDIUM
33.4,42.1,0.0,64.9,sandy,vegetative,MEDIUM
40.0,87.8,0.0,30.1,loamy,flowering,HIGH
24.4,41.3,0.0,53.5,clay,flowering,MEDIUM
39.1,38.7,1.3,54.4,loamy,vegetative,MEDIUM
40.6,52.9,0.0,32.3,sandy,seedling,HIGH
20.7,27.2,3.5,46.6,loamy,fruiting,MEDIUM
21.1,84.0,23.5,92.1,sandy,seedling,LOW
24.4,39.7,0.0,79.4,loamy,seedling,MEDIUM
24.5,49.7,4.4,74.6,loamy,seedling,LOW
37.3,76.2,8.2,27.7,loamy,fruiting,MEDIUM
41.5,72.5,0.0,49.2,sandy,seedling,HIGH
29.1,55.0,21.2,73.4,sandy,vegetative,LOW
22.7,35.0,0.0,33.4,sandy,flowering,HIGH
27.5,93.8,0.0,5.9,sandy,fruiting,HIGH
34.7,82.2,0.0,71.9,sandy,flowering,MEDIUM
22.7,82.4,0.0,45.5,loamy,fruiting,MEDIUM
37.7,25.7,0.5,48.1,loamy,flowering,HIGH
22.3,72.8,0.0,58.2,sandy,fruiting,MEDIUM
32.9,59.7,0.0,39.3,sandy,flowering,HIGH
28.0,28.1,17.0,85.8,loamy,flowering,LOW
27.6,30.0,0.0,80.5,sandy,fruiting,MEDIUM
27.4,40.2,0.0,7.6,sandy,flowering,HIGH
24.2,77.6,2.0,56.0,loamy,fruiting,MEDIUM
29.3,79.5,0.0,70.5,loamy,vegetative,LOW
25.5,51.9,0.0,43.9,loamy,seedling,MEDIUM
31.2,29.5,1.1,18.2,sandy,seedling,HIGH
26.9,31.8,1.5,54.2,sandy,flowering,HIGH
18.8,94.8,0.0,34.6,clay,fruiting,MEDIUM
24.0,48.4,0.0,59.9,clay,vegetative,LOW
21.8,39.7,0.0,17.7,clay,seedling,MEDIUM
31.6,56.6,6.1,45.7,loamy,fruiting,MEDIUM
20.7,28.7,3.2,58.3,clay,fruiting,LOW
19.6,38.5,0.0,46.0,clay,vegetative,LOW
25.1,64.3,0.0,30.8,loamy,flowering,MEDIUM
37.3,64.6,10.0,63.2,sandy,fruiting,MEDIUM
25.8,50.6,0.7,46.8,clay,seedling,LOW
22.2,71.3,0.0,47.5,clay,vegetative,LOW
18.6,59.6,0.0,36.0,sandy,fruiting,HIGH
37.2,89.8,0.0,51.4,sandy,vegetative,HIGH
29.0,88.5,0.0,47.6,sandy,vegetative,MEDIUM
25.5,37.6,0.0,63.2,sandy,seedling,MEDIUM
18.9,60.0,0.0,62.7,loamy,seedling,MEDIUM
19.0,30.0,0.0,44.2,clay,fruiting,MEDIUM
40.4,35.1,1.4,37.8,sandy,vegetative,HIGH
38.1,53.6,1.7,35.7,clay,flowering,MEDIUM
18.4,86.6,0.0,48.4,loamy,seedling,MEDIUM
39.3,26.8,0.0,51.0,sandy,fruiting,HIGH
28.5,44.2,0.0,61.6,clay,fruiting,LOW
29.8,79.0,0.0,53.4,clay,flowering,LOW
36.2,58.9,2.9,16.7,loamy,fruiting,HIGH
34.0,50.3,3.0,47.3,sandy,fruiting,HIGH
34.8,84.9,0.0,59.6,sandy,fruiting,MEDIUM
39.4,70.1,0.0,45.3,sandy,vegetative,HIGH
32.6,52.5,0.0,75.6,clay,seedling,MEDIUM
35.9,88.3,0.0,30.6,sandy,seedling,HIGH
30.5,51.6,24.8,70.5,loamy,flowering,LOW
41.7,80.4,5.0,41.3,loamy,flowering,MEDIUM
37.4,60.4,12.5,26.4,loamy,fruiting,MEDIUM
38.8,54.2,10.5,17.8,clay,fruiting,MEDIUM
20.6,87.7,0.7,77.7,sandy,vegetative,LOW
36.2,61.8,3.3,38.7,loamy,fruiting,MEDIUM
26.7,33.9,1.0,58.9,sandy,fruiting,MEDIUM
41.2,86.3,0.0,11.8,sandy,fruiting,HIGH
23.8,94.4,13.4,69.3,loamy,vegetative,LOW
24.8,66.7,37.0,35.3,sandy,fruiting,LOW
29.3,84.7,0.0,35.1,loamy,flowering,MEDIUM
29.3,80.9,0.0,44.1,sandy,flowering,MEDIUM
25.1,41.4,0.0,95.0,loamy,flowering,LOW
39.3,51.6,33.7,66.3,loamy,fruiting,LOW
28.4,69.9,0.0,30.7,clay,seedling,MEDIUM
36.8,73.8,0.0,11.3,sandy,vegetative,HIGH
32.0,55.8,0.0,86.7,loamy,fruiting,MEDIUM
32.6,52.2,26.9,95.0,loamy,flowering,LOW
19.2,70.7,0.0,24.2,clay,fruiting,MEDIUM
31.5,36.0,0.0,53.7,clay,seedling,MEDIUM
25.5,88.7,0.0,53.0,sandy,fruiting,MEDIUM
41.9,62.6,3.7,55.5,sandy,fruiting,HIGH
23.4,93.3,0.0,30.5,clay,fruiting,MEDIUM
41.2,32.1,2.7,49.7,clay,flowering,MEDIUM
41.5,81.3,0.0,22.5,sandy,vegetative,HIGH
35.1,63.9,1.0,89.8,sandy,flowering,MEDIUM
25.3,39.0,2.9,48.1,clay,fruiting,MEDIUM
26.1,53.8,16.3,55.4,sandy,seedling,LOW
18.5,75.4,0.0,60.0,sandy,vegetative,LOW
40.9,65.6,3.6,46.8,sandy,seedling,HIGH
37.0,37.0,1.5,60.9,sandy,seedling,HIGH
37.4,57.5,1.3,25.3,loamy,seedling,HIGH
37.5,84.1,8.3,87.9,loamy,vegetative,LOW
28.0,69.2,0.0,34.1,loamy,flowering,MEDIUM
26.8,54.1,0.0,49.1,loamy,fruiting,MEDIUM
28.3,76.0,10.9,53.3,clay,seedling,LOW
22.7,25.5,3.7,56.5,clay,seedling,LOW
33.5,92.9,0.0,59.8,sandy,flowering,MEDIUM
26.3,61.6,0.0,51.7,loamy,fruiting,MEDIUM
18.2,92.1,0.0,67.7,sandy,fruiting,LOW
26.7,43.2,0.0,26.5,clay,flowering,MEDIUM
28.4,29.0,0.0,46.8,loamy,vegetative,MEDIUM
30.7,91.4,0.0,41.6,loamy,seedling,MEDIUM
19.0,72.1,0.0,29.6,loamy,seedling,MEDIUM
27.9,58.8,16.1,85.4,loamy,seedling,LOW
28.3,56.8,0.0,65.0,sandy,vegetative,MEDIUM
25.7,70.6,0.0,51.2,sandy,vegetative,MEDIUM
35.5,49.1,3.5,82.2,clay,vegetative,LOW
24.5,66.9,2.5,40.9,loamy,fruiting,MEDIUM
25.2,71.3,0.0,23.6,clay,seedling,MEDIUM
21.8,73.5,14.4,58.1,clay,seedling,LOW
38.3,36.1,16.9,76.1,loamy,vegetative,LOW
23.9,72.2,0.7,27.5,clay,vegetative,LOW
35.5,41.6,0.0,35.4,clay,seedling,MEDIUM
20.0,48.0,2.4,50.5,sandy,flowering,MEDIUM
27.2,70.3,0.0,19.7,clay,flowering,MEDIUM
20.3,55.3,6.2,74.4,clay,flowering,LOW
32.7,54.9,0.0,39.2,loamy,fruiting,HIGH
39.1,55.8,0.0,56.0,loamy,fruiting,MEDIUM
35.3,32.8,0.0,81.1,loamy,vegetative,MEDIUM
28.5,72.6,1.0,32.5,loamy,flowering,MEDIUM
27.8,71.3,8.8,54.5,clay,fruiting,LOW
36.2,63.2,0.0,27.1,clay,seedling,MEDIUM
21.8,51.8,0.0,59.4,sandy,flowering,MEDIUM
37.6,68.9,0.0,85.6,clay,flowering,LOW
41.9,45.9,2.0,54.0,loamy,seedling,HIGH
19.2,60.3,10.4,76.9,loamy,seedling,LOW
21.9,44.0,8.6,42.5,loamy,flowering,MEDIUM
33.7,28.7,1.3,73.9,clay,flowering,LOW
34.4,92.4,30.0,70.4,loamy,flowering,LOW
26.3,61.8,0.0,39.4,clay,flowering,MEDIUM
19.2,91.5,13.1,95.0,sandy,vegetative,LOW
29.8,76.3,3.0,33.0,clay,vegetative,LOW
27.5,61.0,5.8,29.1,sandy,fruiting,HIGH
38.3,59.5,0.0,34.6,clay,flowering,MEDIUM
18.7,26.5,0.0,48.0,clay,vegetative,MEDIUM
23.2,26.7,3.9,42.7,clay,seedling,MEDIUM
33.1,88.1,0.0,22.4,clay,fruiting,MEDIUM
32.8,48.9,0.6,29.5,loamy,flowering,HIGH
25.1,65.4,0.0,39.4,loamy,fruiting,MEDIUM
36.8,71.5,0.0,47.3,loamy,seedling,MEDIUM
35.7,30.3,0.0,28.5,clay,vegetative,MEDIUM
29.8,89.1,0.0,37.8,loamy,vegetative,LOW
25.5,51.2,12.6,62.8,clay,fruiting,LOW
31.9,28.7,11.4,95.0,clay,flowering,LOW
38.0,62.6,14.1,55.8,clay,flowering,LOW
38.2,32.8,4.1,43.2,sandy,vegetative,MEDIUM
34.4,69.4,0.0,46.5,loamy,seedling,MEDIUM
37.3,40.1,0.0,66.2,loamy,vegetative,MEDIUM
31.2,51.9,0.0,25.3,clay,flowering,MEDIUM
19.8,59.9,2.7,42.6,clay,vegetative,LOW
41.3,74.4,0.0,73.6,clay,flowering,MEDIUM
37.9,80.4,26.0,57.3,clay,seedling,LOW
34.4,73.1,0.0,35.9,sandy,flowering,HIGH
30.5,82.2,0.0,31.8,sandy,flowering,HIGH
32.1,27.2,0.0,67.1,loamy,flowering,MEDIUM
35.3,34.2,11.7,63.0,loamy,flowering,MEDIUM
33.2,72.5,0.0,47.9,clay,flowering,MEDIUM
34.9,94.6,0.0,10.5,loamy,seedling,HIGH
24.4,55.2,0.0,61.6,loamy,seedling,MEDIUM
34.1,88.1,0.6,42.5,clay,seedling,MEDIUM
23.5,42.8,0.0,7.5,loamy,vegetative,HIGH
41.3,64.2,0.0,58.3,clay,seedling,MEDIUM
19.7,50.3,0.0,13.0,clay,fruiting,MEDIUM
34.4,92.7,0.0,46.7,clay,flowering,MEDIUM
40.6,39.0,0.0,23.1,loamy,seedling,HIGH
35.6,75.9,0.0,16.5,sandy,vegetative,HIGH
21.9,27.8,0.0,50.8,sandy,flowering,HIGH
35.5,27.5,0.0,39.7,loamy,fruiting,HIGH
41.0,30.8,0.0,32.7,sandy,flowering,HIGH
39.4,88.8,3.2,53.4,clay,vegetative,MEDIUM
30.8,41.6,9.7,61.0,sandy,fruiting,MEDIUM
22.0,70.4,1.6,40.7,loamy,vegetative,MEDIUM
40.9,84.6,0.0,39.5,loamy,seedling,HIGH
31.2,31.5,2.2,34.6,sandy,fruiting,HIGH
37.5,72.5,9.5,13.4,loamy,vegetative,MEDIUM
40.4,75.1,0.0,29.5,sandy,vegetative,HIGH
35.0,76.4,0.0,32.2,loamy,seedling,HIGH
38.5,81.2,0.0,58.7,sandy,fruiting,HIGH
29.6,83.3,0.0,95.0,clay,fruiting,LOW
23.2,75.3,10.7,38.3,loamy,fruiting,LOW
31.7,31.4,0.0,59.5,loamy,fruiting,MEDIUM
35.3,30.4,0.0,48.5,sandy,seedling,HIGH
31.1,92.0,0.0,18.4,clay,vegetative,MEDIUM
31.7,41.6,8.7,91.0,clay,flowering,LOW
20.5,88.3,0.0,60.2,sandy,flowering,MEDIUM
20.2,72.8,36.5,64.4,clay,vegetative,LOW
26.0,27.5,0.0,51.6,sandy,seedling,HIGH
35.4,88.9,3.8,62.7,clay,vegetative,LOW
33.6,52.9,0.0,47.5,sandy,flowering,HIGH
22.1,81.0,0.0,73.0,loamy,vegetative,LOW
36.5,40.6,39.7,95.0,sandy,fruiting,LOW
37.2,75.5,3.6,53.5,clay,flowering,MEDIUM
35.6,41.4,0.0,32.1,sandy,seedling,HIGH
38.0,68.1,3.6,59.4,sandy,flowering,MEDIUM
39.6,93.0,0.0,14.2,loamy,fruiting,HIGH
18.1,38.2,0.0,61.6,clay,flowering,MEDIUM
41.4,69.9,0.0,50.9,loamy,vegetative,MEDIUM
26.5,57.0,0.0,51.0,loamy,fruiting,MEDIUM
31.6,75.7,0.0,5.0,loamy,vegetative,HIGH
35.8,83.3,0.0,27.0,sandy,fruiting,HIGH
21.2,85.3,0.0,53.0,sandy,vegetative,MEDIUM
41.3,34.6,0.0,72.9,sandy,vegetative,HIGH
35.5,78.3,0.0,44.9,sandy,seedling,HIGH
25.5,40.8,2.8,58.4,clay,vegetative,LOW
28.2,48.4,15.6,71.3,sandy,flowering,LOW
36.2,52.2,0.0,51.2,clay,seedling,MEDIUM
25.7,54.7,0.0,39.9,loamy,flowering,MEDIUM
30.4,77.2,0.0,69.9,clay,seedling,LOW
25.8,60.1,0.0,73.7,clay,seedling,LOW
23.8,86.8,11.1,84.9,clay,seedling,LOW
28.4,63.3,0.0,56.3,clay,seedling,MEDIUM
18.0,44.8,0.0,82.1,sandy,seedling,MEDIUM
30.0,67.6,0.0,40.7,loamy,fruiting,MEDIUM
30.1,81.3,0.0,59.5,loamy,seedling,MEDIUM
22.1,88.4,0.0,66.3,clay,flowering,LOW
37.0,43.0,2.5,29.5,loamy,vegetative,MEDIUM
36.7,75.4,0.0,26.2,sandy,seedling,HIGH
37.3,69.7,0.0,21.4,loamy,fruiting,HIGH
22.9,47.7,11.8,53.8,clay,seedling,LOW
41.2,42.0,0.0,62.1,clay,flowering,MEDIUM
32.9,58.3,7.4,56.2,clay,vegetative,LOW
27.8,93.7,19.0,81.9,loamy,seedling,LOW
19.6,78.4,0.0,48.7,clay,seedling,LOW
23.9,49.4,7.3,13.0,loamy,seedling,MEDIUM
30.8,69.0,22.4,60.8,sandy,fruiting,LOW
21.5,26.8,38.1,72.9,sandy,vegetative,LOW
20.0,58.7,26.0,95.0,loamy,vegetative,LOW
39.5,35.3,0.0,27.5,loamy,fruiting,HIGH
41.6,36.0,0.0,37.6,loamy,vegetative,HIGH
19.6,52.2,0.0,91.5,sandy,fruiting,LOW
28.1,26.3,0.0,5.4,sandy,fruiting,HIGH
26.2,26.5,0.0,65.6,loamy,vegetative,MEDIUM
34.8,35.4,0.0,46.1,sandy,seedling,HIGH
29.5,67.3,0.0,75.8,clay,seedling,LOW
30.1,73.6,0.0,48.4,sandy,fruiting,MEDIUM
34.1,90.9,0.0,81.5,sandy,seedling,MEDIUM
27.8,83.7,10.5,57.2,clay,seedling,LOW
33.4,52.6,14.1,53.5,clay,seedling,LOW
30.4,79.5,3.0,48.6,loamy,vegetative,MEDIUM
38.6,63.2,2.4,41.0,loamy,flowering,MEDIUM
26.5,35.8,3.6,36.6,loamy,fruiting,MEDIUM
35.5,67.1,3.5,29.8,sandy,seedling,HIGH
29.0,80.1,0.6,6.4,sandy,seedling,HIGH
20.5,76.3,0.0,74.9,loamy,flowering,LOW
24.5,80.6,1.5,49.5,clay,flowering,LOW
38.1,79.4,0.0,41.2,loamy,seedling,HIGH
19.8,58.3,0.0,37.8,sandy,seedling,HIGH
35.2,50.9,0.0,45.6,sandy,vegetative,MEDIUM
40.8,94.3,0.0,56.8,clay,vegetative,MEDIUM
35.9,59.8,0.0,67.2,loamy,flowering,MEDIUM
24.7,61.6,6.0,58.6,loamy,flowering,LOW
26.3,94.6,7.4,66.1,clay,seedling,LOW
19.5,89.3,0.0,34.4,loamy,flowering,MEDIUM
30.1,62.0,2.8,37.8,sandy,seedling,HIGH
31.7,64.8,0.0,73.9,loamy,fruiting,MEDIUM
34.9,33.3,14.7,73.7,loamy,flowering,LOW
24.8,45.2,4.6,58.4,loamy,fruiting,LOW
33.4,86.2,4.0,55.4,loamy,vegetative,LOW
35.7,26.1,4.5,49.2,sandy,vegetative,HIGH
24.9,49.6,2.0,46.3,clay,seedling,MEDIUM
22.5,83.7,0.0,90.2,sandy,seedling,LOW
29.5,66.9,0.0,37.9,loamy,fruiting,HIGH
26.0,46.3,5.2,46.1,clay,fruiting,LOW
41.7,43.5,0.0,7.1,sandy,fruiting,HIGH
20.8,48.1,0.0,70.1,loamy,seedling,MEDIUM
26.4,66.7,1.3,72.2,clay,vegetative,LOW
35.0,83.0,1.8,68.7,loamy,fruiting,LOW
19.9,64.7,0.0,55.2,sandy,fruiting,MEDIUM
23.8,44.4,4.5,92.3,loamy,seedling,LOW
25.6,79.1,0.0,48.7,sandy,flowering,MEDIUM
23.0,74.5,0.0,48.0,clay,flowering,LOW
32.6,33.6,0.0,35.4,sandy,vegetative,HIGH
34.2,55.1,0.0,69.2,clay,flowering,LOW
23.6,37.9,0.0,48.2,clay,seedling,MEDIUM
36.9,75.1,0.0,5.0,loamy,vegetative,HIGH
26.5,84.0,0.0,81.8,loamy,flowering,LOW
27.8,63.3,0.0,44.1,clay,fruiting,MEDIUM
30.3,53.4,0.0,56.6,sandy,seedling,HIGH
23.7,43.4,9.2,95.0,sandy,vegetative,LOW
22.5,62.3,1.9,76.0,clay,fruiting,LOW
40.6,68.8,11.8,7.0,loamy,vegetative,MEDIUM
19.4,51.7,26.9,47.7,sandy,fruiting,LOW
31.9,57.4,5.2,46.7,loamy,vegetative,MEDIUM
26.9,81.6,16.4,95.0,loamy,flowering,LOW
26.8,79.7,5.5,55.3,sandy,vegetative,MEDIUM
31.7,34.1,0.0,22.7,clay,fruiting,HIGH
32.8,65.3,0.0,16.4,loamy,vegetative,MEDIUM
36.3,62.2,0.8,51.8,sandy,fruiting,HIGH
19.8,92.3,0.0,75.6,loamy,fruiting,LOW
38.2,53.1,2.4,45.8,sandy,fruiting,HIGH
30.9,38.9,2.9,27.7,loamy,flowering,HIGH
35.4,38.1,9.8,64.5,sandy,fruiting,MEDIUM
18.4,63.2,3.8,69.6,clay,seedling,LOW
33.5,53.2,0.0,54.8,sandy,fruiting,HIGH
31.9,37.5,3.5,54.9,loamy,seedling,MEDIUM
30.6,87.3,0.0,59.0,clay,seedling,MEDIUM
28.9,79.0,4.3,32.3,sandy,flowering,MEDIUM
37.4,91.5,2.6,62.9,clay,vegetative,LOW
28.8,29.3,0.0,53.7,clay,fruiting,MEDIUM
37.8,74.6,0.0,17.5,loamy,flowering,HIGH
20.0,87.4,4.4,64.5,sandy,vegetative,LOW
33.6,88.1,14.4,27.8,loamy,flowering,MEDIUM
19.4,72.4,9.7,54.2,clay,fruiting,LOW
27.3,41.8,0.0,42.4,clay,flowering,MEDIUM
31.1,62.3,0.0,48.9,clay,fruiting,MEDIUM
21.3,27.9,0.0,29.1,sandy,seedling,HIGH
30.1,31.0,0.0,61.5,clay,vegetative,LOW
35.4,82.1,4.4,27.2,sandy,flowering,HIGH
34.5,94.6,0.0,46.7,loamy,flowering,MEDIUM
26.8,77.4,13.8,36.8,clay,flowering,LOW
35.4,46.3,0.0,70.1,clay,seedling,MEDIUM
35.6,87.8,0.0,62.7,sandy,vegetative,MEDIUM
34.1,76.2,0.0,45.3,loamy,vegetative,MEDIUM
22.9,45.5,0.0,35.8,clay,fruiting,MEDIUM
33.8,48.1,0.0,33.7,sandy,flowering,HIGH
19.6,77.9,1.2,37.9,clay,vegetative,LOW
31.8,64.2,0.0,50.7,sandy,seedling,HIGH
41.8,82.4,0.7,66.6,loamy,vegetative,MEDIUM
24.8,37.9,0.0,40.2,loamy,vegetative,MEDIUM
20.4,74.1,11.7,58.4,clay,flowering,LOW
35.6,79.2,0.0,28.3,sandy,fruiting,HIGH
20.5,75.2,0.0,18.6,sandy,seedling,HIGH
18.5,31.8,0.0,45.3,loamy,fruiting,MEDIUM
22.1,29.7,0.0,42.1,clay,vegetative,LOW
36.4,46.4,17.0,82.8,loamy,seedling,LOW
33.8,61.0,0.0,67.3,clay,seedling,MEDIUM
34.4,72.0,1.2,44.3,clay,fruiting,MEDIUM
38.6,63.6,0.0,40.2,clay,fruiting,MEDIUM
26.9,57.3,16.5,70.1,clay,vegetative,LOW
33.3,38.1,1.3,78.0,clay,vegetative,LOW
29.5,45.1,0.0,31.9,clay,vegetative,MEDIUM
23.7,73.5,0.0,28.8,sandy,fruiting,HIGH
20.5,72.5,0.0,58.2,clay,flowering,LOW
36.4,39.6,0.0,53.6,clay,fruiting,MEDIUM
30.1,84.8,0.0,56.6,loamy,vegetative,LOW
36.5,89.9,0.0,28.8,loamy,fruiting,HIGH
25.7,36.8,8.2,80.1,loamy,flowering,LOW
33.3,91.2,0.0,67.1,loamy,vegetative,MEDIUM
19.4,40.3,4.8,48.1,sandy,fruiting,MEDIUM
35.7,76.3,0.0,48.0,clay,flowering,MEDIUM
27.0,49.7,0.0,49.5,clay,flowering,MEDIUM
19.3,28.5,4.5,62.9,clay,vegetative,LOW
40.8,93.9,14.1,37.1,sandy,vegetative,LOW
32.3,73.1,0.0,28.4,clay,flowering,MEDIUM
40.6,77.5,0.0,64.4,clay,flowering,LOW
28.9,79.5,0.0,34.7,clay,vegetative,MEDIUM
25.9,55.9,0.0,40.7,clay,vegetative,MEDIUM
38.9,38.0,0.0,46.1,clay,flowering,MEDIUM
32.8,34.5,0.0,21.3,clay,seedling,MEDIUM
30.4,84.0,0.0,17.6,loamy,fruiting,HIGH
32.6,65.3,2.3,8.9,clay,fruiting,HIGH
22.4,46.4,0.0,89.7,clay,flowering,LOW
30.4,87.2,0.0,28.1,loamy,seedling,HIGH
35.6,53.4,0.0,40.5,clay,seedling,MEDIUM
31.1,57.3,0.0,33.0,sandy,fruiting,HIGH
23.6,49.0,26.5,82.5,sandy,seedling,LOW
23.5,38.4,0.0,14.3,clay,seedling,MEDIUM
35.1,60.8,1.2,88.4,sandy,flowering,MEDIUM
26.0,72.5,0.0,5.0,sandy,flowering,HIGH
26.7,94.6,32.0,85.8,clay,flowering,LOW
20.8,51.2,1.1,52.7,sandy,seedling,HIGH
21.6,48.1,1.1,43.7,clay,flowering,MEDIUM
21.2,47.0,12.0,47.1,sandy,seedling,LOW
35.3,71.8,0.0,65.5,loamy,fruiting,MEDIUM
35.7,89.8,0.0,53.7,sandy,vegetative,MEDIUM
20.5,70.0,0.0,51.0,clay,fruiting,MEDIUM
40.2,39.5,3.2,59.2,sandy,flowering,HIGH
27.1,40.4,0.0,44.9,clay,seedling,MEDIUM
41.4,75.9,4.6,51.9,loamy,fruiting,MEDIUM
33.1,58.7,13.3,12.9,loamy,flowering,MEDIUM
38.0,59.3,1.6,21.6,clay,seedling,MEDIUM
41.0,79.4,4.0,52.2,sandy,flowering,MEDIUM
22.6,91.0,0.0,70.9,sandy,fruiting,LOW
23.2,60.4,4.8,63.9,sandy,flowering,LOW
32.8,31.4,0.0,6.4,clay,vegetative,MEDIUM
31.2,74.5,0.0,39.1,clay,vegetative,MEDIUM
24.2,77.0,2.1,49.5,loamy,fruiting,LOW
26.2,82.2,4.9,56.9,sandy,seedling,LOW
30.9,26.2,1.6,48.1,sandy,vegetative,MEDIUM
38.3,85.3,14.3,22.1,clay,seedling,LOW
40.0,52.2,31.6,75.5,loamy,seedling,LOW
19.2,63.7,0.0,36.8,loamy,flowering,MEDIUM
32.1,71.2,0.0,50.1,clay,flowering,MEDIUM
33.0,48.7,3.7,56.2,sandy,vegetative,MEDIUM
25.5,77.2,12.8,35.0,clay,flowering,LOW
20.4,77.0,18.6,64.3,sandy,flowering,LOW
32.3,79.4,0.0,57.7,loamy,vegetative,MEDIUM
39.0,93.5,0.0,54.9,sandy,vegetative,MEDIUM
41.7,42.9,30.5,61.4,loamy,seedling,LOW
29.8,31.0,0.0,63.7,clay,flowering,MEDIUM
34.3,68.3,3.7,49.0,loamy,flowering,MEDIUM
24.7,86.6,0.0,53.0,sandy,flowering,MEDIUM
33.5,85.9,4.0,45.4,clay,vegetative,LOW
27.2,79.8,0.0,58.9,sandy,seedling,MEDIUM
19.4,35.5,3.9,50.7,clay,vegetative,LOW
18.6,49.3,5.9,45.7,loamy,fruiting,MEDIUM
18.1,53.6,3.3,75.9,sandy,flowering,LOW
40.6,31.5,0.0,59.4,sandy,vegetative,MEDIUM
33.5,65.4,0.0,44.2,clay,flowering,MEDIUM
18.3,55.7,0.0,93.8,loamy,flowering,LOW
42.0,70.1,9.9,51.4,loamy,vegetative,MEDIUM
29.0,29.8,0.0,46.9,clay,fruiting,MEDIUM
18.7,68.2,2.4,64.5,clay,seedling,LOW
35.3,88.3,0.0,55.1,sandy,flowering,MEDIUM
28.5,94.0,0.0,53.5,loamy,vegetative,MEDIUM
24.2,88.1,13.1,43.2,clay,vegetative,LOW
33.6,38.4,0.0,19.1,sandy,flowering,HIGH
30.0,42.3,12.0,80.9,loamy,seedling,LOW
24.7,25.0,0.0,72.3,loamy,flowering,MEDIUM
38.6,34.8,0.0,43.0,clay,flowering,MEDIUM
38.4,29.2,7.6,25.3,sandy,flowering,HIGH
19.6,30.6,3.9,67.9,clay,fruiting,LOW
27.1,30.4,0.0,30.9,loamy,seedling,HIGH
20.5,87.8,3.1,61.5,loamy,vegetative,LOW
21.1,25.1,0.0,32.7,loamy,seedling,MEDIUM
34.9,64.6,0.0,44.8,sandy,vegetative,MEDIUM
30.1,34.6,0.0,50.4,clay,seedling,MEDIUM
34.2,29.8,14.2,53.6,clay,seedling,LOW
19.2,38.2,0.0,46.4,sandy,vegetative,MEDIUM
26.2,57.7,0.0,77.9,clay,fruiting,LOW
23.2,83.0,11.4,71.0,sandy,vegetative,LOW
18.9,80.9,0.0,69.5,clay,fruiting,LOW
20.6,70.9,0.0,17.7,clay,seedling,MEDIUM
26.5,27.0,0.0,9.0,clay,vegetative,MEDIUM
26.6,57.5,6.8,60.7,sandy,fruiting,MEDIUM
40.3,56.2,4.9,71.3,clay,flowering,LOW
25.3,68.3,5.5,65.0,sandy,seedling,MEDIUM
21.0,38.2,13.9,93.9,sandy,seedling,LOW
20.6,43.8,0.0,43.7,sandy,flowering,MEDIUM
33.4,56.9,3.0,46.3,clay,seedling,MEDIUM
19.7,80.4,0.0,41.6,clay,vegetative,LOW
30.5,28.7,0.0,52.2,loamy,fruiting,HIGH
22.6,72.4,0.0,40.5,loamy,fruiting,MEDIUM
31.0,36.9,0.0,73.5,clay,fruiting,LOW
40.9,94.0,2.4,19.2,loamy,flowering,HIGH
30.2,34.1,0.0,31.8,sandy,fruiting,HIGH
30.1,59.6,0.0,59.9,clay,seedling,LOW
35.4,58.7,6.4,88.5,clay,seedling,LOW
41.9,94.7,4.4,36.1,clay,seedling,MEDIUM
25.7,57.4,0.0,44.5,clay,seedling,MEDIUM
40.0,86.7,0.6,46.3,clay,seedling,MEDIUM
19.1,41.4,0.0,48.0,loamy,seedling,MEDIUM
28.0,92.6,3.2,27.5,loamy,flowering,MEDIUM
39.0,76.2,15.0,95.0,clay,seedling,LOW
25.9,83.8,0.0,56.0,loamy,fruiting,MEDIUM
25.5,36.2,0.0,37.8,loamy,fruiting,MEDIUM
27.2,93.1,39.5,90.1,clay,seedling,LOW
27.5,26.8,0.0,44.8,loamy,vegetative,MEDIUM
20.1,85.2,32.2,95.0,clay,vegetative,LOW
31.8,58.9,4.3,59.0,sandy,fruiting,MEDIUM
22.8,65.8,0.0,46.9,clay,flowering,LOW
37.7,84.1,0.0,58.9,clay,vegetative,MEDIUM
26.2,51.6,0.0,71.2,loamy,flowering,LOW
35.0,62.4,4.0,43.8,sandy,vegetative,MEDIUM
39.6,63.2,0.0,17.6,sandy,seedling,HIGH
39.5,80.2,0.0,53.4,sandy,fruiting,HIGH
26.4,51.0,3.8,39.0,clay,seedling,MEDIUM
21.5,45.4,0.0,8.6,loamy,vegetative,MEDIUM
30.8,54.6,1.8,49.2,clay,flowering,MEDIUM
39.0,33.7,0.0,67.8,sandy,fruiting,HIGH
40.5,31.0,2.0,34.4,clay,vegetative,MEDIUM
35.0,86.9,0.0,36.9,sandy,vegetative,MEDIUM
40.3,61.5,1.4,5.0,sandy,flowering,HIGH
31.6,41.9,0.0,66.8,sandy,seedling,MEDIUM
35.2,67.8,0.0,15.6,sandy,seedling,HIGH
20.4,93.3,0.0,63.0,clay,fruiting,LOW
26.1,33.7,0.0,20.3,clay,seedling,MEDIUM
40.4,93.7,0.0,73.4,loamy,seedling,MEDIUM
22.0,55.4,0.0,53.1,loamy,seedling,MEDIUM
41.3,75.3,0.0,61.1,sandy,fruiting,HIGH
38.3,25.7,1.5,10.9,loamy,flowering,HIGH
35.7,76.9,0.0,32.2,sandy,vegetative,HIGH
26.3,86.2,0.7,33.2,sandy,flowering,MEDIUM
40.2,65.0,0.0,16.8,clay,seedling,HIGH
39.3,77.9,0.0,41.3,sandy,flowering,HIGH
34.7,29.9,0.0,38.5,loamy,fruiting,HIGH
25.9,87.4,0.0,57.1,loamy,flowering,MEDIUM
38.3,56.8,0.0,20.5,clay,vegetative,MEDIUM
35.3,59.3,3.9,74.7,clay,flowering,LOW
36.0,35.9,0.0,60.2,loamy,fruiting,HIGH
22.9,29.1,0.0,45.5,sandy,seedling,HIGH
34.5,66.9,0.0,31.4,loamy,vegetative,MEDIUM
32.5,45.2,0.0,61.2,sandy,fruiting,MEDIUM
22.5,45.3,1.3,35.2,loamy,flowering,MEDIUM
39.9,60.5,0.0,15.9,sandy,flowering,HIGH
23.9,87.5,32.2,56.0,loamy,fruiting,LOW
25.1,58.8,3.6,72.7,loamy,flowering,LOW
38.9,57.9,0.0,71.6,loamy,fruiting,MEDIUM
29.4,33.7,1.3,66.4,clay,seedling,MEDIUM
22.9,55.0,15.5,53.8,sandy,seedling,LOW
32.8,89.6,0.0,38.3,loamy,vegetative,MEDIUM
19.5,29.6,0.0,74.5,clay,vegetative,LOW
24.1,67.0,3.6,51.9,loamy,seedling,MEDIUM
27.4,57.5,0.0,46.2,clay,seedling,MEDIUM
27.6,32.4,0.0,16.8,sandy,seedling,HIGH
29.8,55.6,0.0,60.0,clay,fruiting,MEDIUM
30.0,57.7,0.0,81.7,clay,vegetative,LOW
35.1,51.4,0.0,49.9,sandy,flowering,HIGH
39.6,74.6,0.0,43.2,clay,fruiting,MEDIUM
41.6,54.2,0.0,34.5,clay,vegetative,MEDIUM
25.8,51.0,0.0,52.7,loamy,fruiting,MEDIUM
27.3,61.3,2.0,88.7,sandy,flowering,LOW
28.2,30.1,0.0,35.1,sandy,fruiting,HIGH
32.6,81.6,0.0,90.9,clay,seedling,LOW
23.9,79.0,0.0,44.5,loamy,flowering,MEDIUM
31.0,47.2,14.3,12.7,clay,seedling,MEDIUM
40.5,60.7,0.0,44.3,clay,vegetative,MEDIUM
37.8,44.0,0.0,5.0,clay,vegetative,MEDIUM
21.8,87.2,10.7,56.6,clay,vegetative,LOW
21.8,30.0,0.0,50.9,loamy,vegetative,MEDIUM
24.6,80.7,0.5,54.3,sandy,vegetative,MEDIUM
23.0,94.6,0.0,71.5,clay,fruiting,LOW
34.9,30.8,0.0,37.7,loamy,seedling,HIGH
29.8,29.4,0.0,59.4,sandy,fruiting,HIGH
41.6,77.3,0.0,28.9,sandy,seedling,HIGH
20.8,77.1,0.0,44.8,loamy,flowering,MEDIUM
21.1,29.4,0.9,56.4,sandy,seedling,MEDIUM
30.7,32.2,8.6,33.0,clay,vegetative,LOW
38.9,88.1,2.0,45.8,clay,flowering,MEDIUM
40.9,43.3,4.6,58.4,loamy,fruiting,MEDIUM
37.1,42.3,0.0,45.5,loamy,seedling,HIGH
41.5,82.6,0.0,5.0,sandy,flowering,HIGH
30.5,91.7,18.2,69.0,sandy,flowering,LOW
27.9,60.1,6.9,37.7,clay,flowering,MEDIUM
33.0,73.7,13.2,64.9,clay,vegetative,LOW
18.5,42.0,0.0,42.1,loamy,fruiting,MEDIUM
26.1,87.7,20.9,93.2,loamy,seedling,LOW
20.1,59.5,0.0,27.4,clay,flowering,MEDIUM
35.5,37.9,2.1,27.8,loamy,vegetative,HIGH
27.9,27.3,8.2,28.9,clay,fruiting,MEDIUM
25.9,47.4,0.0,44.0,loamy,flowering,MEDIUM
36.9,32.9,8.9,23.4,loamy,fruiting,HIGH
39.5,28.2,0.0,23.5,clay,seedling,HIGH
30.4,88.7,0.0,37.2,clay,vegetative,LOW
39.9,71.8,2.5,40.6,loamy,vegetative,MEDIUM
25.0,69.8,0.0,84.6,sandy,seedling,LOW
37.2,59.5,0.0,44.0,clay,flowering,MEDIUM
23.8,80.7,0.0,38.0,sandy,vegetative,HIGH
35.0,77.1,0.0,77.0,sandy,vegetative,LOW
40.7,38.5,0.0,23.6,loamy,seedling,HIGH
39.2,83.0,9.6,83.4,clay,vegetative,LOW
31.6,66.2,0.0,49.8,loamy,flowering,MEDIUM
41.1,63.9,0.0,57.6,clay,seedling,MEDIUM
25.4,28.5,0.0,36.8,loamy,fruiting,MEDIUM
36.6,47.5,4.1,66.4,loamy,vegetative,MEDIUM
40.2,41.0,0.0,52.4,clay,vegetative,MEDIUM
24.2,38.3,0.0,60.1,clay,fruiting,MEDIUM
34.2,79.8,7.7,72.0,sandy,vegetative,LOW
41.7,30.0,0.0,22.5,sandy,vegetative,HIGH
40.4,71.9,0.0,30.2,clay,vegetative,MEDIUM
35.0,27.8,0.7,65.9,sandy,seedling,HIGH
30.8,32.4,0.0,25.4,clay,vegetative,MEDIUM
38.8,44.9,0.0,28.6,sandy,vegetative,HIGH
38.0,50.6,34.6,79.8,loamy,vegetative,LOW
32.9,82.2,0.0,49.9,clay,fruiting,MEDIUM
35.7,47.9,0.0,34.4,clay,seedling,MEDIUM
24.8,80.5,0.0,21.7,clay,flowering,MEDIUM
37.4,52.1,0.0,79.7,sandy,vegetative,MEDIUM
19.7,91.4,10.1,72.3,loamy,fruiting,LOW
19.6,32.9,0.0,71.7,loamy,vegetative,LOW
32.2,94.8,0.0,50.6,sandy,fruiting,MEDIUM
33.4,40.9,0.0,66.4,clay,vegetative,LOW
36.5,82.0,0.0,49.3,clay,vegetative,MEDIUM
38.5,30.7,0.0,69.2,clay,flowering,MEDIUM
26.9,40.1,0.0,61.6,sandy,flowering,MEDIUM
21.1,93.9,10.0,43.3,loamy,seedling,LOW
20.9,78.1,3.2,40.4,sandy,fruiting,MEDIUM
37.2,49.4,28.8,53.0,loamy,vegetative,LOW
39.0,64.8,0.0,25.3,sandy,seedling,HIGH
24.5,67.1,13.6,33.0,sandy,fruiting,LOW
41.6,46.3,2.0,42.0,sandy,seedling,HIGH
18.1,51.3,0.0,80.3,sandy,fruiting,LOW
32.0,84.9,0.0,28.9,clay,seedling,MEDIUM
32.9,41.2,0.0,57.3,clay,seedling,MEDIUM
18.9,55.5,1.0,36.1,sandy,fruiting,HIGH
40.7,74.6,0.0,28.5,clay,vegetative,MEDIUM
23.4,75.6,0.0,44.2,clay,seedling,MEDIUM
27.7,81.6,0.0,37.7,clay,fruiting,MEDIUM
19.7,25.5,9.1,84.9,clay,fruiting,LOW
25.1,83.4,0.0,67.0,loamy,seedling,LOW
23.2,72.4,6.5,79.2,clay,fruiting,LOW
33.0,68.6,0.0,25.7,sandy,fruiting,HIGH
26.6,29.4,6.2,33.8,loamy,flowering,MEDIUM
27.2,33.1,5.5,85.0,clay,seedling,LOW
22.8,49.1,0.0,41.2,loamy,vegetative,MEDIUM
26.1,77.6,0.0,52.1,loamy,fruiting,MEDIUM
35.3,92.3,0.0,35.2,sandy,seedling,MEDIUM
19.5,59.0,0.0,38.1,loamy,fruiting,MEDIUM
22.3,71.0,0.0,60.4,loamy,vegetative,LOW
41.3,59.8,1.8,38.3,sandy,seedling,HIGH
41.4,94.0,0.0,15.7,clay,seedling,MEDIUM
28.2,71.5,0.8,38.8,clay,seedling,MEDIUM
41.2,26.6,0.0,25.8,loamy,vegetative,HIGH
19.1,64.3,2.3,77.6,clay,flowering,LOW
32.6,65.2,0.0,30.9,loamy,flowering,HIGH
18.3,66.7,4.7,86.6,sandy,vegetative,LOW
37.8,40.7,7.2,26.4,loamy,flowering,MEDIUM
38.6,61.1,2.9,41.6,loamy,fruiting,MEDIUM
41.2,92.9,4.3,71.9,clay,flowering,LOW
18.4,35.2,0.0,54.5,clay,flowering,MEDIUM
27.6,33.4,0.0,67.0,clay,fruiting,MEDIUM
32.5,73.6,38.3,86.3,sandy,fruiting,LOW
38.3,67.0,0.0,20.4,clay,fruiting,MEDIUM
19.2,33.3,0.0,77.4,sandy,flowering,MEDIUM
27.0,39.6,0.0,36.5,clay,fruiting,MEDIUM
35.6,62.7,8.1,48.2,loamy,flowering,MEDIUM
33.0,51.4,0.0,42.1,clay,flowering,MEDIUM
26.8,33.7,0.0,95.0,clay,fruiting,LOW
24.6,61.6,0.0,57.2,clay,vegetative,LOW
38.3,93.8,3.6,45.6,clay,seedling,MEDIUM
39.2,48.0,33.9,63.6,clay,vegetative,LOW
30.7,88.0,0.0,51.1,loamy,vegetative,MEDIUM
20.6,53.3,0.0,35.5,sandy,vegetative,MEDIUM
41.6,60.2,0.0,47.5,clay,fruiting,MEDIUM
28.9,27.6,0.0,30.4,loamy,seedling,HIGH
27.7,58.0,4.5,29.5,sandy,fruiting,HIGH
31.8,88.8,0.0,75.3,clay,seedling,LOW
26.6,41.5,0.0,32.9,sandy,vegetative,HIGH
38.2,94.5,32.8,77.6,loamy,fruiting,LOW
34.5,34.3,12.8,26.7,sandy,seedling,HIGH
35.3,79.8,4.7,65.4,loamy,vegetative,LOW
18.1,44.7,2.9,76.7,loamy,seedling,LOW
28.8,64.1,0.5,13.8,clay,seedling,MEDIUM
29.2,39.7,0.0,20.3,clay,fruiting,MEDIUM
41.2,44.7,0.0,32.5,loamy,flowering,HIGH
26.0,49.1,10.8,47.9,clay,seedling,LOW
30.8,40.7,16.0,55.7,sandy,fruiting,LOW
30.4,57.6,0.0,56.4,loamy,seedling,MEDIUM
22.2,31.3,0.0,63.7,sandy,flowering,MEDIUM
19.7,66.7,0.0,68.3,sandy,seedling,LOW
36.3,60.1,0.0,38.9,clay,vegetative,MEDIUM
38.0,72.0,0.0,42.6,clay,vegetative,LOW
37.9,35.3,36.5,82.7,clay,seedling,LOW
28.4,32.8,0.0,91.6,loamy,vegetative,LOW
34.6,75.4,3.0,33.1,clay,seedling,MEDIUM
40.1,87.1,0.0,62.3,sandy,seedling,HIGH
33.2,75.2,0.0,48.9,loamy,fruiting,MEDIUM
37.6,77.7,0.0,29.9,loamy,fruiting,HIGH
41.4,94.2,28.0,68.1,loamy,vegetative,LOW
25.6,48.4,0.0,45.8,clay,seedling,MEDIUM
35.2,58.8,3.3,52.9,clay,seedling,MEDIUM
25.1,51.0,0.0,57.1,sandy,flowering,MEDIUM
39.9,30.5,0.0,19.9,clay,flowering,HIGH
37.8,47.0,0.0,46.4,loamy,flowering,MEDIUM
40.7,30.2,0.0,29.4,sandy,vegetative,HIGH
33.0,73.0,1.1,18.6,loamy,fruiting,HIGH
38.3,82.3,2.3,59.2,clay,seedling,MEDIUM
23.2,26.0,0.0,36.1,loamy,vegetative,MEDIUM
35.0,65.5,4.9,73.2,loamy,seedling,LOW
41.0,26.6,0.0,66.6,clay,seedling,HIGH
41.0,63.7,0.0,26.1,clay,flowering,MEDIUM
32.4,65.6,3.4,41.2,loamy,seedling,MEDIUM
19.0,30.1,1.6,49.5,clay,flowering,LOW
39.9,80.4,0.0,77.7,clay,flowering,LOW
34.1,38.6,0.0,84.7,clay,fruiting,LOW
34.5,29.1,0.0,49.3,loamy,fruiting,HIGH
21.9,62.5,0.0,74.0,sandy,flowering,LOW
24.8,68.8,2.4,57.1,loamy,fruiting,MEDIUM
26.1,80.5,0.0,85.0,clay,seedling,LOW
34.8,37.3,0.0,48.2,loamy,seedling,HIGH
32.5,73.1,0.0,53.0,loamy,seedling,MEDIUM
34.5,72.7,1.5,34.6,loamy,vegetative,MEDIUM
32.9,47.7,0.0,47.2,clay,vegetative,MEDIUM
21.0,37.0,5.0,23.6,loamy,fruiting,MEDIUM
21.7,83.8,0.0,44.5,loamy,seedling,MEDIUM
25.2,90.4,0.0,40.5,clay,flowering,MEDIUM
38.9,78.0,0.0,46.1,sandy,flowering,HIGH
23.1,31.3,0.0,78.5,sandy,fruiting,LOW
34.9,81.7,32.1,88.6,clay,flowering,LOW
38.4,72.5,0.0,47.4,sandy,vegetative,MEDIUM
28.5,31.6,0.0,32.9,loamy,flowering,MEDIUM
38.0,52.3,27.5,56.7,loamy,vegetative,LOW
36.9,25.4,0.0,18.5,clay,flowering,MEDIUM
30.3,93.5,8.7,82.2,sandy,vegetative,LOW
20.1,74.9,0.0,71.4,loamy,vegetative,LOW
33.6,26.8,0.0,62.0,sandy,vegetative,MEDIUM
32.6,84.2,0.0,41.0,loamy,vegetative,MEDIUM
41.0,46.7,0.0,24.5,sandy,vegetative,HIGH
28.4,53.8,2.8,51.2,sandy,flowering,MEDIUM
20.9,33.7,13.2,85.7,sandy,seedling,LOW
23.6,36.7,0.0,55.8,sandy,seedling,MEDIUM
34.8,62.2,14.0,30.0,clay,fruiting,LOW
23.6,71.4,0.0,50.9,clay,seedling,LOW
22.6,69.3,3.0,56.1,clay,seedling,LOW
22.6,72.7,0.0,39.1,loamy,flowering,MEDIUM
19.5,86.2,0.0,13.8,clay,flowering,MEDIUM
31.2,79.1,7.9,89.3,loamy,flowering,LOW
23.1,77.2,3.4,55.0,loamy,vegetative,LOW
31.2,52.2,0.0,52.2,clay,flowering,MEDIUM
38.0,35.7,3.3,76.1,loamy,vegetative,MEDIUM
20.3,62.0,1.8,48.0,clay,vegetative,LOW
39.6,47.8,0.0,43.3,sandy,fruiting,HIGH
37.0,39.1,2.7,27.4,loamy,seedling,HIGH
31.4,53.7,0.0,25.0,clay,flowering,MEDIUM
31.1,81.3,0.0,49.5,loamy,vegetative,MEDIUM
29.9,46.0,0.0,53.4,loamy,seedling,MEDIUM
20.5,83.2,3.6,74.7,clay,fruiting,LOW
35.3,71.2,10.8,52.3,loamy,seedling,LOW
35.5,54.9,31.2,75.7,sandy,vegetative,LOW
25.6,43.0,0.0,54.0,loamy,seedling,MEDIUM
39.5,90.6,0.0,61.4,loamy,flowering,MEDIUM
35.4,91.6,11.9,39.4,clay,flowering,LOW
37.8,25.2,4.2,24.8,sandy,flowering,HIGH
19.4,83.1,0.0,43.0,sandy,flowering,MEDIUM
21.0,85.4,0.0,35.9,loamy,flowering,MEDIUM
32.5,84.5,0.0,35.6,loamy,vegetative,MEDIUM
29.1,82.2,0.0,63.3,loamy,fruiting,MEDIUM
31.1,72.3,0.0,15.5,sandy,fruiting,HIGH
20.9,47.5,0.0,32.6,clay,flowering,MEDIUM
21.3,68.2,7.1,47.5,loamy,fruiting,LOW
41.5,67.7,0.0,43.4,loamy,fruiting,HIGH
22.4,64.4,1.1,28.2,sandy,vegetative,MEDIUM
32.5,29.0,10.5,47.8,clay,vegetative,LOW
19.2,83.6,0.0,59.2,sandy,flowering,MEDIUM
20.1,85.3,0.0,49.7,sandy,fruiting,MEDIUM
20.3,38.6,0.0,53.1,loamy,vegetative,MEDIUM
30.6,88.9,0.0,42.1,sandy,vegetative,MEDIUM
18.2,36.1,0.0,49.7,loamy,seedling,MEDIUM
23.3,93.9,4.3,57.8,sandy,fruiting,LOW
33.5,40.3,0.0,36.8,loamy,vegetative,MEDIUM
21.9,78.7,0.8,40.0,clay,flowering,LOW
29.5,67.3,10.5,54.6,loamy,flowering,LOW
36.6,29.3,0.0,33.8,loamy,seedling,HIGH
23.6,92.4,3.4,37.9,loamy,seedling,LOW
22.8,93.0,14.0,56.9,clay,vegetative,LOW
36.6,77.7,8.1,40.3,sandy,vegetative,MEDIUM
38.3,28.3,0.0,62.3,loamy,fruiting,MEDIUM
31.1,48.2,0.0,59.1,clay,seedling,MEDIUM
35.0,28.2,26.8,31.7,loamy,flowering,MEDIUM
26.0,71.0,0.0,68.8,loamy,flowering,LOW
25.0,93.9,0.0,51.4,loamy,flowering,LOW
36.0,38.7,2.2,41.9,loamy,seedling,HIGH
40.9,52.4,29.9,61.7,loamy,seedling,LOW
26.6,94.0,0.0,49.4,loamy,vegetative,MEDIUM
22.4,26.5,39.9,89.6,clay,vegetative,LOW
32.2,62.7,0.0,58.9,loamy,flowering,MEDIUM
39.7,62.7,0.0,16.3,loamy,fruiting,HIGH
29.2,87.1,0.0,40.3,clay,fruiting,MEDIUM
18.3,40.9,0.0,53.6,sandy,fruiting,MEDIUM
42.0,91.1,0.0,21.3,clay,flowering,MEDIUM
30.6,71.3,0.0,32.2,loamy,vegetative,MEDIUM
27.4,59.2,0.0,58.0,sandy,flowering,MEDIUM
28.1,71.7,0.0,20.4,loamy,fruiting,HIGH
35.8,87.7,0.0,64.4,sandy,seedling,HIGH
30.4,89.9,0.0,22.7,sandy,flowering,HIGH
32.3,73.5,0.0,64.3,sandy,flowering,MEDIUM
41.1,35.4,2.9,39.0,loamy,flowering,HIGH
33.7,74.0,0.0,67.1,clay,flowering,MEDIUM
19.7,27.9,0.0,47.0,clay,fruiting,MEDIUM
34.7,70.7,1.9,18.4,loamy,fruiting,HIGH
37.6,28.8,9.4,43.3,loamy,fruiting,MEDIUM
21.6,81.4,0.0,17.4,loamy,vegetative,MEDIUM
35.2,87.0,0.0,27.9,sandy,seedling,HIGH
35.9,84.3,0.0,45.0,sandy,vegetative,MEDIUM
32.9,71.5,13.6,34.4,clay,flowering,LOW
39.9,72.7,0.0,52.9,clay,seedling,MEDIUM
37.4,92.6,2.5,55.3,sandy,vegetative,MEDIUM
41.3,94.1,0.0,34.2,loamy,seedling,HIGH
32.2,67.3,0.0,77.4,sandy,seedling,MEDIUM
33.9,51.8,0.0,64.7,loamy,seedling,MEDIUM
36.7,51.2,3.9,38.0,sandy,fruiting,HIGH
33.5,88.5,3.0,38.3,clay,seedling,MEDIUM
27.0,64.6,0.0,39.6,sandy,flowering,HIGH
29.7,81.2,0.0,49.5,clay,vegetative,LOW
34.4,94.0,0.0,68.2,sandy,fruiting,MEDIUM
35.4,69.5,0.0,38.2,loamy,vegetative,MEDIUM
39.4,30.3,7.3,22.8,sandy,flowering,HIGH
24.8,89.4,0.0,62.8,loamy,vegetative,LOW
35.2,44.2,0.0,57.9,sandy,vegetative,MEDIUM
22.8,25.2,0.0,42.2,sandy,seedling,HIGH
39.4,68.2,2.9,59.2,clay,flowering,MEDIUM
29.8,60.8,0.0,52.1,loamy,fruiting,MEDIUM
32.2,67.8,8.1,59.2,loamy,flowering,LOW
20.0,51.3,0.0,61.3,clay,fruiting,LOW
28.6,81.2,0.0,45.4,sandy,vegetative,MEDIUM
23.6,92.4,0.0,17.1,clay,fruiting,MEDIUM
26.4,46.5,6.7,20.3,clay,fruiting,MEDIUM
21.8,83.1,4.9,49.5,clay,flowering,LOW
33.1,75.2,0.0,54.8,loamy,fruiting,MEDIUM
29.7,73.9,0.0,38.7,clay,vegetative,LOW
21.7,62.5,0.0,61.1,sandy,fruiting,MEDIUM
26.2,28.3,0.0,71.5,loamy,flowering,MEDIUM
39.0,50.9,2.3,30.4,loamy,flowering,HIGH
23.5,43.4,0.0,23.8,sandy,flowering,HIGH
19.6,30.7,0.0,22.9,sandy,seedling,HIGH
31.9,61.6,2.7,63.3,clay,vegetative,LOW
19.3,69.2,0.0,31.5,loamy,flowering,MEDIUM
28.0,50.3,1.3,39.5,loamy,seedling,MEDIUM
37.6,44.4,0.0,64.8,clay,fruiting,MEDIUM
38.7,27.0,4.7,36.2,loamy,flowering,HIGH
20.6,78.4,0.0,58.2,sandy,fruiting,MEDIUM
33.6,81.9,0.0,56.3,loamy,vegetative,MEDIUM
40.4,65.0,0.0,5.0,sandy,flowering,HIGH
39.3,58.8,4.2,38.9,sandy,fruiting,HIGH
20.8,84.0,0.0,65.0,clay,fruiting,LOW
22.9,84.3,1.8,23.7,loamy,vegetative,MEDIUM
38.2,27.5,4.9,46.7,sandy,fruiting,HIGH
41.6,41.5,0.0,47.1,loamy,vegetative,MEDIUM
22.7,69.6,0.0,42.8,loamy,seedling,MEDIUM
27.9,78.9,0.0,23.4,loamy,vegetative,MEDIUM
29.0,70.9,0.0,64.6,clay,flowering,LOW
20.6,89.2,0.0,30.8,loamy,flowering,MEDIUM
41.7,48.3,3.1,35.5,loamy,vegetative,HIGH
32.5,31.6,10.4,73.7,sandy,vegetative,LOW
38.6,82.1,7.5,6.9,sandy,flowering,HIGH
22.2,92.8,0.0,50.0,sandy,fruiting,MEDIUM
29.7,36.4,0.0,48.3,clay,fruiting,MEDIUM
21.6,28.3,0.0,62.9,loamy,fruiting,MEDIUM
19.9,61.9,0.0,61.2,sandy,flowering,MEDIUM
18.6,90.8,0.0,77.9,sandy,vegetative,LOW
30.0,46.5,0.0,59.7,sandy,seedling,MEDIUM
32.5,56.7,0.0,55.3,sandy,seedling,HIGH
41.4,77.5,9.2,55.9,loamy,flowering,MEDIUM
24.6,90.7,14.7,52.0,sandy,fruiting,LOW
41.1,26.5,4.0,71.1,clay,seedling,MEDIUM
38.8,67.2,0.0,23.8,sandy,seedling,HIGH
34.3,52.6,4.1,49.9,sandy,seedling,HIGH
37.1,88.3,3.5,76.0,loamy,vegetative,LOW
38.8,93.3,0.0,50.6,loamy,fruiting,MEDIUM
26.7,68.4,0.0,11.6,loamy,fruiting,HIGH
41.6,83.4,2.7,54.9,loamy,fruiting,MEDIUM
29.0,32.5,0.0,70.5,clay,seedling,MEDIUM
33.7,78.2,1.3,72.1,loamy,seedling,MEDIUM
26.0,74.0,0.0,70.3,sandy,seedling,MEDIUM
37.8,87.4,0.0,26.5,loamy,fruiting,MEDIUM
35.8,60.1,4.2,19.0,sandy,fruiting,HIGH
37.6,63.3,4.5,43.8,sandy,vegetative,MEDIUM
23.7,93.9,0.0,72.6,loamy,fruiting,LOW
29.4,61.2,3.2,83.9,sandy,seedling,LOW
25.9,53.7,27.4,44.1,clay,vegetative,LOW
30.2,27.8,4.6,66.9,loamy,fruiting,MEDIUM
32.0,93.3,0.0,79.2,sandy,seedling,MEDIUM
36.6,25.0,0.0,21.2,sandy,fruiting,HIGH
26.6,90.8,0.0,24.1,clay,seedling,MEDIUM
34.6,29.3,39.6,54.8,clay,vegetative,LOW
35.9,34.4,0.0,29.9,loamy,fruiting,HIGH
19.4,58.1,0.0,38.2,clay,flowering,LOW
20.8,57.0,4.9,46.6,loamy,vegetative,LOW
36.1,86.7,1.3,53.4,clay,seedling,LOW
27.7,59.3,2.1,40.1,clay,seedling,MEDIUM
28.3,88.1,0.0,54.7,loamy,fruiting,MEDIUM
35.9,87.7,14.3,58.5,clay,flowering,LOW
35.7,94.8,0.0,32.4,sandy,flowering,HIGH
23.3,63.4,0.0,35.3,sandy,vegetative,MEDIUM
20.3,52.2,0.0,65.5,sandy,vegetative,MEDIUM
26.3,31.0,0.0,22.2,clay,fruiting,MEDIUM
35.7,26.9,6.7,36.7,loamy,seedling,HIGH
33.9,67.8,0.0,14.9,sandy,flowering,HIGH
36.5,89.2,4.3,52.6,clay,seedling,MEDIUM
39.2,83.9,0.0,5.0,loamy,vegetative,HIGH
28.8,53.0,8.6,5.0,sandy,seedling,HIGH
36.3,74.6,0.0,24.7,clay,fruiting,MEDIUM
33.3,91.8,3.6,16.5,clay,vegetative,LOW
38.3,88.4,0.0,77.7,loamy,seedling,MEDIUM
40.0,62.9,2.8,21.2,sandy,vegetative,HIGH
20.3,58.1,0.0,66.3,loamy,seedling,MEDIUM
21.8,73.3,18.8,83.9,clay,flowering,LOW
23.9,76.8,4.0,57.7,clay,seedling,LOW
19.0,38.3,6.0,75.3,sandy,flowering,LOW
39.3,43.2,0.0,55.8,clay,vegetative,LOW
26.6,79.3,3.4,29.2,clay,seedling,MEDIUM
25.8,46.2,0.0,46.8,sandy,fruiting,HIGH
28.5,67.7,3.5,55.8,sandy,flowering,MEDIUM
35.4,94.5,11.9,40.4,clay,flowering,LOW
35.4,74.6,0.0,29.6,loamy,vegetative,MEDIUM
34.4,45.6,0.5,57.2,sandy,fruiting,HIGH
26.5,88.0,0.0,41.4,loamy,vegetative,MEDIUM
34.4,67.2,4.9,44.9,loamy,seedling,MEDIUM
25.7,55.4,0.0,40.4,loamy,fruiting,MEDIUM
39.0,90.7,3.3,40.0,clay,flowering,MEDIUM
25.8,66.0,11.4,36.5,clay,fruiting,LOW
26.1,84.3,0.0,45.3,sandy,vegetative,LOW
23.2,44.9,23.0,92.9,clay,flowering,LOW
19.1,32.5,0.0,71.7,loamy,fruiting,MEDIUM
19.4,66.8,0.0,67.7,loamy,vegetative,LOW
35.5,82.4,4.6,69.1,sandy,vegetative,LOW
21.0,72.0,0.0,35.5,loamy,flowering,MEDIUM
30.6,37.9,0.0,54.4,loamy,flowering,MEDIUM
28.3,90.7,5.0,43.2,loamy,seedling,LOW
36.8,55.4,0.0,26.6,clay,fruiting,MEDIUM
27.1,78.4,0.0,35.5,clay,vegetative,LOW
21.5,53.7,0.0,64.7,sandy,flowering,MEDIUM
31.0,47.6,10.1,39.2,clay,vegetative,LOW
32.1,73.2,0.0,38.8,loamy,seedling,MEDIUM
30.4,63.3,0.0,34.0,clay,fruiting,MEDIUM
39.1,35.0,3.5,76.5,sandy,fruiting,MEDIUM
30.1,66.5,3.9,47.5,clay,vegetative,LOW
31.9,31.0,0.0,62.6,clay,flowering,MEDIUM
23.4,27.2,0.0,28.7,loamy,fruiting,HIGH
36.0,35.7,2.3,29.7,clay,flowering,MEDIUM
20.9,40.2,0.0,88.0,sandy,seedling,MEDIUM
35.1,70.1,0.0,39.1,clay,seedling,MEDIUM
33.1,87.6,0.0,46.0,sandy,vegetative,MEDIUM
22.4,83.9,0.0,67.7,sandy,seedling,MEDIUM
38.9,65.2,1.5,38.2,sandy,seedling,HIGH
30.8,55.0,0.0,28.1,loamy,vegetative,MEDIUM
40.5,47.1,34.8,83.2,sandy,seedling,LOW
22.0,68.9,4.0,43.9,clay,fruiting,LOW
34.4,46.3,0.0,37.9,clay,fruiting,MEDIUM
19.9,68.3,0.0,37.4,clay,flowering,MEDIUM
24.5,41.2,2.3,38.7,sandy,flowering,MEDIUM
33.3,58.4,4.7,53.0,sandy,seedling,MEDIUM
29.8,72.5,0.0,5.0,sandy,vegetative,HIGH
33.4,59.1,0.0,42.5,clay,fruiting,MEDIUM
23.4,90.5,0.0,27.3,sandy,fruiting,HIGH
30.0,50.9,4.1,75.3,clay,seedling,LOW
33.9,53.7,14.7,55.2,loamy,fruiting,LOW
39.8,47.6,0.0,48.0,loamy,seedling,HIGH
41.5,32.8,0.0,27.2,clay,flowering,MEDIUM
31.3,86.1,2.8,59.2,clay,seedling,LOW
32.2,62.8,0.0,48.8,clay,seedling,MEDIUM
21.0,57.7,0.0,71.0,loamy,seedling,MEDIUM
40.1,59.0,0.0,36.1,sandy,seedling,HIGH
25.7,92.8,0.0,88.7,sandy,vegetative,LOW
19.3,75.2,6.4,75.1,clay,fruiting,LOW
31.3,45.5,3.3,44.5,sandy,vegetative,MEDIUM
37.6,71.2,3.3,46.4,clay,vegetative,MEDIUM
41.3,91.9,0.0,42.1,clay,vegetative,MEDIUM
39.6,79.6,0.0,54.9,clay,fruiting,MEDIUM
26.8,64.2,7.9,60.4,clay,seedling,LOW
23.7,26.0,15.5,72.9,clay,flowering,LOW
21.7,62.8,0.0,52.9,clay,fruiting,MEDIUM
40.1,89.2,18.0,26.4,clay,fruiting,LOW
36.5,43.5,0.0,15.6,sandy,vegetative,HIGH
29.8,36.7,10.1,27.0,sandy,fruiting,MEDIUM
33.9,80.8,0.0,75.6,clay,flowering,LOW
38.5,92.1,0.0,66.7,clay,vegetative,LOW
37.3,87.5,0.0,42.5,clay,fruiting,MEDIUM
36.2,29.5,0.0,46.6,loamy,flowering,HIGH
41.3,82.9,0.0,5.0,clay,flowering,HIGH
37.6,37.7,15.1,38.4,loamy,fruiting,MEDIUM
34.7,82.3,0.0,30.3,clay,fruiting,MEDIUM
39.2,42.7,0.0,58.6,clay,flowering,MEDIUM
25.4,30.6,0.0,62.4,clay,vegetative,LOW
24.9,44.5,2.5,64.3,clay,vegetative,LOW
40.2,55.2,0.0,39.1,loamy,flowering,HIGH
36.8,90.1,0.0,6.7,loamy,fruiting,HIGH
19.1,50.8,0.0,23.5,loamy,fruiting,HIGH
32.1,88.0,0.0,44.8,sandy,seedling,MEDIUM
32.1,54.8,15.1,60.6,loamy,seedling,LOW
20.6,41.7,1.6,58.1,clay,vegetative,LOW
26.7,92.1,29.3,71.8,loamy,seedling,LOW
38.3,46.1,2.2,15.4,loamy,vegetative,HIGH
27.7,51.1,13.5,82.4,sandy,flowering,LOW
41.2,52.3,0.0,39.6,sandy,flowering,HIGH
40.5,89.0,0.0,33.7,clay,vegetative,MEDIUM
32.8,31.1,0.0,79.3,sandy,seedling,MEDIUM
26.2,29.5,0.0,38.6,loamy,flowering,MEDIUM
31.0,45.6,0.0,48.8,sandy,vegetative,MEDIUM
35.2,55.2,0.0,59.1,loamy,flowering,MEDIUM
22.9,57.3,2.6,40.8,clay,vegetative,LOW
26.4,72.6,3.7,30.9,sandy,flowering,MEDIUM
29.1,63.1,0.0,34.6,loamy,seedling,MEDIUM
21.4,56.7,0.6,42.0,clay,fruiting,MEDIUM
29.4,45.0,0.0,70.5,clay,vegetative,LOW
23.6,51.4,0.0,68.2,clay,seedling,LOW
30.4,41.2,0.6,5.0,clay,flowering,HIGH
24.9,58.4,39.4,51.3,loamy,vegetative,LOW
23.4,44.4,0.7,29.0,loamy,seedling,MEDIUM
31.1,93.2,3.6,46.3,clay,flowering,LOW
38.6,46.1,38.2,75.3,sandy,fruiting,LOW
29.7,63.5,0.0,36.5,sandy,seedling,HIGH
33.5,37.7,0.0,32.2,loamy,flowering,HIGH
26.7,53.6,4.5,65.8,loamy,fruiting,LOW
40.9,80.7,0.0,22.2,sandy,vegetative,HIGH
21.5,37.9,0.0,43.4,clay,seedling,MEDIUM
39.6,60.4,0.0,34.5,clay,fruiting,MEDIUM
23.7,43.6,5.0,48.2,sandy,flowering,MEDIUM
39.0,48.8,0.0,21.1,clay,seedling,HIGH
34.8,49.3,0.0,53.3,loamy,vegetative,MEDIUM
23.6,93.2,0.0,45.4,loamy,vegetative,LOW
27.8,75.4,0.0,59.1,sandy,seedling,MEDIUM
25.4,52.0,1.9,31.4,clay,fruiting,MEDIUM
25.4,40.5,2.3,28.3,loamy,seedling,MEDIUM
34.4,81.4,2.2,58.6,sandy,fruiting,MEDIUM
36.2,93.6,0.0,55.8,loamy,fruiting,MEDIUM
25.4,73.0,0.0,55.6,sandy,vegetative,MEDIUM
25.7,45.9,0.0,30.7,loamy,seedling,HIGH
29.3,94.9,35.6,66.6,loamy,seedling,LOW
18.4,75.7,0.0,46.0,clay,fruiting,LOW
20.2,43.4,0.0,59.1,loamy,seedling,MEDIUM
26.2,75.8,3.6,69.6,loamy,fruiting,LOW
21.9,86.9,0.0,44.9,clay,vegetative,LOW
34.0,46.6,1.4,49.5,sandy,fruiting,HIGH
34.6,90.2,0.0,79.5,clay,vegetative,MEDIUM
31.8,77.2,0.0,32.7,loamy,fruiting,MEDIUM
31.1,63.7,0.0,62.4,clay,vegetative,LOW
30.5,49.3,7.4,48.1,clay,vegetative,LOW
19.1,79.7,0.0,32.3,sandy,seedling,MEDIUM
37.1,93.2,2.1,70.6,loamy,fruiting,MEDIUM
34.7,88.5,0.0,65.1,loamy,seedling,HIGH
32.6,38.0,0.0,20.1,sandy,fruiting,HIGH
39.0,59.2,0.0,41.9,loamy,flowering,HIGH
24.9,71.0,22.7,87.9,loamy,vegetative,LOW
19.7,49.4,0.0,62.5,loamy,flowering,LOW
26.3,46.6,19.9,30.2,clay,seedling,LOW
23.6,69.5,9.7,56.9,loamy,vegetative,LOW
32.7,56.5,5.8,50.8,loamy,fruiting,MEDIUM
39.1,40.2,0.0,16.3,clay,vegetative,MEDIUM
39.0,68.3,0.0,37.2,loamy,seedling,HIGH
19.2,70.8,27.1,37.6,sandy,vegetative,LOW
42.0,62.2,0.0,9.8,clay,flowering,HIGH
21.9,46.8,18.8,52.1,sandy,seedling,LOW
34.6,29.3,3.8,51.6,sandy,seedling,HIGH
21.3,48.8,0.0,36.9,sandy,vegetative,MEDIUM
33.1,30.5,0.0,43.4,loamy,seedling,HIGH
41.5,32.7,1.0,37.5,loamy,seedling,HIGH
24.4,56.6,12.6,44.3,loamy,fruiting,LOW
32.7,68.5,0.7,50.0,loamy,seedling,MEDIUM
18.0,69.5,26.6,53.4,loamy,vegetative,LOW
23.1,64.1,4.8,77.5,clay,vegetative,LOW
21.8,69.4,28.5,77.9,sandy,flowering,LOW
20.3,76.3,0.0,60.0,clay,fruiting,LOW
32.2,88.9,0.0,18.9,clay,vegetative,MEDIUM
22.0,66.5,0.0,46.6,clay,seedling,MEDIUM
41.9,93.5,0.0,42.9,loamy,seedling,HIGH
41.3,67.6,0.0,50.9,loamy,vegetative,MEDIUM
32.3,85.0,4.4,34.4,sandy,flowering,MEDIUM
27.1,94.6,0.7,80.3,sandy,flowering,LOW
28.3,31.4,0.0,39.7,sandy,fruiting,HIGH
41.6,76.6,0.0,41.5,clay,seedling,MEDIUM
31.3,86.2,0.0,25.6,sandy,fruiting,HIGH
38.6,90.2,14.4,30.7,clay,flowering,LOW
34.1,72.9,0.0,36.8,clay,flowering,MEDIUM
27.4,92.3,3.9,20.7,sandy,seedling,MEDIUM
27.9,41.3,2.2,74.6,loamy,fruiting,LOW
31.9,92.3,2.2,35.9,sandy,fruiting,MEDIUM
40.8,32.5,3.0,41.3,clay,seedling,MEDIUM
41.7,66.5,0.0,18.7,loamy,fruiting,HIGH
28.4,77.5,0.0,50.5,clay,seedling,LOW
32.6,29.4,0.0,27.9,sandy,vegetative,HIGH
37.1,36.3,3.3,23.8,clay,fruiting,HIGH
34.0,81.2,0.0,17.9,clay,seedling,MEDIUM
20.3,62.2,0.0,18.7,sandy,vegetative,MEDIUM
27.2,49.5,3.4,11.3,clay,flowering,MEDIUM
21.7,53.8,0.0,29.2,loamy,fruiting,HIGH
25.6,38.7,4.0,47.0,loamy,vegetative,LOW
33.2,69.6,0.0,35.8,sandy,flowering,HIGH
40.8,37.6,0.0,32.2,clay,flowering,HIGH
22.5,93.5,0.0,58.7,loamy,flowering,LOW
38.0,39.8,3.4,46.1,sandy,flowering,HIGH
38.2,51.6,0.7,16.4,sandy,flowering,HIGH
18.4,73.6,0.0,64.1,loamy,seedling,MEDIUM
33.4,90.7,4.9,35.8,clay,flowering,MEDIUM
24.5,25.4,9.4,70.4,sandy,vegetative,LOW
37.3,91.2,0.0,28.3,loamy,fruiting,HIGH
37.4,62.4,0.0,58.1,clay,vegetative,MEDIUM
32.5,42.1,0.0,28.0,sandy,fruiting,HIGH
21.8,62.2,0.0,47.9,clay,vegetative,LOW
24.2,27.1,6.4,34.6,loamy,vegetative,MEDIUM
20.4,45.9,0.0,41.7,clay,vegetative,MEDIUM
33.1,52.7,0.5,52.7,loamy,flowering,MEDIUM
27.3,74.0,3.1,67.4,clay,flowering,LOW
38.2,37.3,9.4,5.0,loamy,vegetative,MEDIUM
40.0,41.2,36.5,78.5,sandy,vegetative,LOW
24.2,92.9,0.0,60.3,clay,vegetative,LOW
23.3,92.8,11.9,74.9,sandy,flowering,LOW
41.0,33.8,0.0,66.1,clay,vegetative,LOW
25.3,41.7,27.1,61.9,loamy,vegetative,LOW
37.5,89.6,0.0,63.3,clay,vegetative,LOW
29.2,71.3,0.6,57.3,loamy,seedling,MEDIUM
26.7,82.2,0.9,80.0,clay,seedling,LOW
40.4,26.4,0.0,30.1,sandy,flowering,HIGH
22.6,54.7,9.8,77.9,sandy,seedling,LOW
38.7,39.2,0.0,39.4,loamy,fruiting,HIGH
27.5,55.9,14.0,46.8,loamy,flowering,LOW
27.4,87.8,0.0,70.6,loamy,flowering,LOW
27.8,68.2,4.6,82.3,sandy,vegetative,LOW
29.9,34.0,9.9,53.0,sandy,vegetative,MEDIUM
28.9,61.1,0.0,88.1,sandy,seedling,MEDIUM
33.4,66.0,0.0,56.8,clay,flowering,MEDIUM
21.7,29.0,0.0,63.1,clay,vegetative,LOW
27.2,31.5,0.0,60.5,clay,vegetative,LOW
26.7,84.1,0.0,35.8,sandy,seedling,MEDIUM
22.2,68.1,0.0,55.9,loamy,seedling,MEDIUM
31.7,91.4,2.5,65.1,clay,fruiting,LOW
18.7,55.8,0.0,85.5,sandy,fruiting,LOW
36.6,76.6,0.0,32.2,clay,flowering,MEDIUM
28.9,84.6,0.0,37.2,sandy,fruiting,MEDIUM
34.4,35.0,0.0,52.4,loamy,fruiting,HIGH
33.9,54.5,3.8,29.2,sandy,vegetative,MEDIUM
31.4,43.6,5.2,45.8,sandy,vegetative,MEDIUM
29.3,45.4,0.0,62.8,sandy,fruiting,MEDIUM
41.0,37.4,0.0,93.1,sandy,flowering,HIGH
41.3,70.8,1.8,57.9,loamy,vegetative,MEDIUM
19.0,78.4,0.0,29.4,clay,vegetative,LOW
35.3,74.5,6.6,36.5,sandy,seedling,MEDIUM
24.7,54.0,3.7,31.5,sandy,fruiting,MEDIUM
19.1,73.9,0.0,72.8,clay,fruiting,LOW
34.0,39.0,1.7,27.0,clay,flowering,MEDIUM
24.0,40.0,0.0,65.3,loamy,vegetative,MEDIUM
30.2,90.4,4.2,20.3,loamy,fruiting,MEDIUM
26.5,87.6,0.0,21.4,sandy,fruiting,HIGH
29.4,53.6,0.0,24.4,clay,flowering,MEDIUM
28.3,28.7,0.0,54.2,loamy,seedling,MEDIUM
34.8,34.8,12.7,37.4,clay,seedling,LOW
38.9,68.8,0.0,91.8,loamy,fruiting,MEDIUM
26.0,42.1,4.2,53.6,sandy,vegetative,MEDIUM
31.9,77.0,29.2,84.3,clay,fruiting,LOW
20.2,46.0,0.0,47.7,clay,seedling,MEDIUM
35.1,38.8,0.0,45.4,clay,fruiting,MEDIUM
35.3,70.6,0.0,74.4,clay,seedling,MEDIUM
20.9,27.4,0.0,54.5,sandy,flowering,MEDIUM
41.9,42.8,0.0,38.8,loamy,fruiting,HIGH
32.8,86.6,0.0,46.1,loamy,flowering,MEDIUM
25.4,60.2,3.0,39.2,loamy,vegetative,LOW
24.4,82.4,0.0,58.6,loamy,flowering,LOW
26.6,92.1,14.3,49.0,clay,seedling,LOW
29.8,51.7,3.5,54.0,clay,vegetative,LOW
28.9,87.0,0.0,21.0,loamy,fruiting,MEDIUM
24.1,28.5,0.0,51.9,sandy,seedling,HIGH
30.1,59.4,0.0,64.9,sandy,vegetative,MEDIUM
35.5,52.6,0.0,41.4,loamy,fruiting,HIGH
35.4,89.6,0.0,51.2,loamy,fruiting,MEDIUM
30.1,28.6,0.0,47.6,sandy,vegetative,HIGH
34.1,29.7,0.0,47.9,loamy,vegetative,MEDIUM
19.8,39.1,0.0,65.5,loamy,seedling,MEDIUM
20.5,44.6,30.8,79.5,loamy,flowering,LOW
23.2,56.6,3.6,46.2,clay,vegetative,LOW
19.7,35.9,0.7,93.1,clay,seedling,LOW
29.3,44.4,0.0,29.6,sandy,seedling,HIGH
19.7,55.1,0.0,64.4,clay,fruiting,LOW
38.5,61.1,0.0,33.0,clay,flowering,MEDIUM
41.7,50.8,39.0,89.3,sandy,fruiting,LOW
31.5,77.9,0.0,63.3,clay,vegetative,LOW
26.5,39.6,7.1,73.1,loamy,fruiting,LOW
22.0,88.1,30.8,77.4,sandy,vegetative,LOW
40.0,25.7,3.3,5.0,loamy,vegetative,HIGH
25.4,83.2,13.7,57.8,sandy,vegetative,LOW
24.8,31.9,2.7,63.4,sandy,seedling,MEDIUM
26.7,86.4,11.2,93.6,loamy,flowering,LOW
38.3,91.4,0.0,45.8,loamy,fruiting,MEDIUM
27.9,72.6,6.1,37.0,loamy,vegetative,MEDIUM
41.0,26.8,0.0,56.4,sandy,vegetative,HIGH
41.8,81.6,0.0,38.3,sandy,seedling,HIGH
27.3,61.8,0.0,36.7,clay,flowering,MEDIUM
34.2,54.0,0.6,5.0,sandy,fruiting,HIGH
31.9,40.4,0.0,65.9,loamy,fruiting,MEDIUM
27.1,25.5,0.0,71.4,clay,seedling,MEDIUM
25.7,59.3,14.5,67.4,clay,fruiting,LOW
29.5,79.2,0.0,43.7,sandy,vegetative,MEDIUM
40.6,60.1,0.0,34.9,clay,fruiting,MEDIUM
20.3,42.0,0.0,71.4,loamy,fruiting,LOW
24.2,90.0,0.0,16.7,loamy,seedling,MEDIUM
24.3,65.6,0.0,56.1,clay,seedling,LOW
25.5,55.9,26.8,94.3,sandy,flowering,LOW
24.2,60.6,0.0,68.2,clay,vegetative,LOW
24.7,53.6,0.7,38.6,sandy,vegetative,MEDIUM
37.6,39.6,0.0,39.2,sandy,seedling,HIGH
35.8,36.1,3.3,41.4,clay,flowering,MEDIUM
34.9,89.4,0.0,44.6,sandy,vegetative,MEDIUM
19.7,40.6,2.5,49.9,sandy,flowering,MEDIUM
19.0,77.2,0.0,62.9,loamy,seedling,MEDIUM
32.6,90.5,13.1,40.1,sandy,seedling,LOW
34.3,39.9,8.1,68.2,loamy,vegetative,LOW
31.0,29.8,0.0,83.0,sandy,flowering,MEDIUM
27.2,81.2,0.0,65.8,clay,vegetative,LOW
31.9,80.3,16.4,65.2,loamy,flowering,LOW
34.7,38.0,0.0,8.2,sandy,seedling,HIGH
33.6,58.9,0.0,54.2,loamy,flowering,MEDIUM
26.8,51.7,9.2,95.0,loamy,fruiting,LOW
19.4,73.7,8.6,90.6,sandy,fruiting,LOW
18.8,54.0,0.0,63.1,clay,seedling,LOW
31.6,88.1,0.0,68.0,loamy,fruiting,LOW
27.7,26.8,0.0,35.7,sandy,seedling,HIGH
25.3,66.9,0.0,60.1,clay,flowering,LOW
18.1,94.5,0.0,58.1,loamy,fruiting,LOW
35.8,37.5,9.2,53.4,clay,vegetative,LOW
36.3,80.0,0.0,67.1,clay,vegetative,LOW
20.1,85.2,0.0,54.9,clay,seedling,LOW
23.1,90.4,2.8,33.1,sandy,seedling,MEDIUM
39.1,55.0,0.0,52.3,loamy,flowering,HIGH
33.6,54.5,0.0,10.5,loamy,flowering,HIGH
32.6,74.1,0.0,68.0,loamy,flowering,MEDIUM
30.6,41.9,0.0,52.0,sandy,fruiting,HIGH
20.9,69.1,0.0,81.4,clay,fruiting,LOW
34.3,69.6,2.8,64.5,loamy,vegetative,MEDIUM
21.7,39.7,0.0,41.4,clay,vegetative,LOW
39.6,87.5,0.0,53.6,clay,flowering,MEDIUM
36.7,30.2,0.0,35.0,sandy,seedling,HIGH
26.8,76.5,0.0,45.4,sandy,seedling,MEDIUM
32.5,94.9,1.0,59.7,loamy,seedling,MEDIUM
20.7,47.1,0.9,55.4,clay,vegetative,MEDIUM
39.2,56.5,0.0,46.5,clay,fruiting,MEDIUM
32.6,43.2,0.0,58.3,loamy,seedling,MEDIUM
24.2,46.7,0.0,81.0,loamy,flowering,LOW
38.0,63.2,0.0,39.1,clay,vegetative,MEDIUM
37.0,74.3,0.0,49.3,sandy,vegetative,MEDIUM
37.5,88.3,0.0,78.7,clay,flowering,LOW
30.0,88.2,0.0,73.3,loamy,seedling,LOW
20.2,86.8,0.0,37.6,loamy,flowering,MEDIUM
37.6,45.8,0.0,29.4,clay,flowering,MEDIUM
30.9,27.2,9.9,24.8,sandy,seedling,HIGH
21.8,45.1,0.0,47.4,clay,flowering,MEDIUM
38.5,59.9,0.0,48.3,loamy,fruiting,HIGH
32.5,77.9,0.0,59.8,clay,seedling,LOW
32.7,35.5,0.0,40.2,sandy,vegetative,HIGH
27.0,87.6,1.4,30.4,loamy,flowering,MEDIUM
24.5,36.7,1.1,62.0,clay,fruiting,LOW
24.2,46.6,6.5,51.1,loamy,seedling,LOW
32.7,64.2,0.0,47.8,clay,vegetative,MEDIUM
40.5,37.3,4.1,23.0,loamy,vegetative,MEDIUM
37.6,67.2,0.0,13.9,clay,fruiting,MEDIUM
22.9,87.8,0.0,44.2,clay,flowering,MEDIUM
33.8,51.1,15.5,50.5,loamy,fruiting,LOW
37.7,39.4,4.4,23.3,clay,seedling,MEDIUM
35.6,46.7,0.0,78.0,clay,flowering,MEDIUM
30.2,54.2,6.5,65.1,clay,flowering,LOW
26.1,44.0,0.0,54.8,clay,seedling,MEDIUM
24.4,59.6,0.0,62.8,sandy,flowering,MEDIUM
25.3,44.4,0.0,37.9,loamy,seedling,MEDIUM
36.2,56.3,0.0,71.8,sandy,flowering,MEDIUM
32.4,26.6,0.0,73.5,sandy,flowering,MEDIUM
27.4,55.8,8.9,44.6,loamy,vegetative,LOW
22.3,81.2,0.0,35.2,clay,fruiting,MEDIUM
36.5,49.3,2.9,35.8,sandy,seedling,HIGH
29.0,71.5,0.0,77.7,loamy,flowering,LOW
18.3,88.0,0.0,29.5,clay,seedling,LOW
38.3,25.8,3.4,17.9,loamy,fruiting,HIGH
33.2,35.9,11.3,71.5,sandy,fruiting,MEDIUM
42.0,63.3,0.0,26.1,sandy,flowering,HIGH
27.0,54.7,0.0,54.0,loamy,flowering,MEDIUM
35.5,58.7,0.0,19.0,sandy,flowering,HIGH
41.6,84.5,13.9,50.0,sandy,seedling,LOW
35.9,65.8,0.0,47.1,loamy,seedling,MEDIUM
38.5,76.9,0.0,43.3,sandy,seedling,HIGH
27.1,91.4,0.0,62.0,loamy,seedling,MEDIUM
36.9,80.7,19.8,40.3,loamy,vegetative,LOW
41.7,29.7,8.6,42.3,sandy,flowering,HIGH
40.8,73.9,0.0,5.0,loamy,flowering,HIGH
27.9,79.7,0.0,68.8,loamy,vegetative,LOW
21.5,63.8,7.3,33.7,sandy,vegetative,MEDIUM
33.1,66.5,0.0,39.5,sandy,seedling,HIGH
26.9,87.3,0.0,72.4,loamy,fruiting,LOW
22.7,31.4,0.0,64.8,clay,seedling,LOW
27.3,69.3,0.0,47.6,sandy,flowering,MEDIUM
31.7,37.7,0.0,83.4,sandy,seedling,MEDIUM
33.6,91.5,0.0,60.7,loamy,fruiting,MEDIUM
33.0,93.4,0.0,52.5,sandy,seedling,MEDIUM
27.2,26.5,0.0,44.7,clay,flowering,MEDIUM
25.2,79.6,2.9,64.7,sandy,flowering,LOW
27.6,41.1,0.0,28.8,clay,vegetative,MEDIUM
18.1,44.6,12.1,87.4,loamy,vegetative,LOW
19.8,29.0,0.0,26.5,sandy,flowering,HIGH
31.4,53.9,0.0,68.6,loamy,flowering,MEDIUM
26.2,52.1,0.0,70.0,loamy,seedling,MEDIUM
35.1,29.0,7.4,40.7,loamy,vegetative,MEDIUM
24.1,32.3,0.0,39.7,sandy,flowering,HIGH
22.2,38.5,0.0,12.2,sandy,seedling,HIGH
34.6,58.0,0.0,9.1,clay,seedling,MEDIUM
20.1,38.0,1.4,34.9,sandy,flowering,HIGH
31.5,77.0,0.0,29.5,clay,flowering,MEDIUM
31.7,42.0,4.3,54.8,loamy,vegetative,MEDIUM
21.6,84.8,0.0,51.5,clay,flowering,LOW
36.0,56.3,9.5,61.1,clay,vegetative,LOW
36.9,56.3,0.0,18.1,sandy,seedling,HIGH
30.0,74.2,4.0,39.9,loamy,flowering,MEDIUM
39.5,72.4,0.0,54.9,clay,fruiting,MEDIUM
18.9,79.0,1.0,52.6,sandy,vegetative,MEDIUM
41.3,70.9,0.0,5.0,sandy,fruiting,HIGH
36.4,85.7,0.0,48.4,clay,seedling,MEDIUM
21.7,81.8,0.0,6.1,sandy,fruiting,HIGH
35.3,91.7,0.0,5.0,sandy,seedling,HIGH
24.7,87.7,2.0,38.3,loamy,fruiting,MEDIUM
34.4,74.3,0.0,37.9,sandy,fruiting,HIGH
28.5,85.2,0.0,63.7,clay,flowering,LOW
20.8,67.1,36.2,48.6,loamy,flowering,LOW
34.2,84.1,0.0,40.3,sandy,seedling,HIGH
26.1,67.2,0.0,44.9,loamy,vegetative,MEDIUM
30.5,82.2,7.4,65.0,sandy,fruiting,LOW
39.7,39.6,6.8,71.4,sandy,fruiting,MEDIUM
27.4,69.2,0.0,23.0,loamy,fruiting,MEDIUM
28.3,60.2,8.9,47.3,loamy,vegetative,LOW
25.6,82.8,0.0,44.3,sandy,vegetative,MEDIUM
36.1,83.8,4.9,11.6,clay,flowering,MEDIUM
22.9,44.6,0.0,78.4,loamy,fruiting,LOW
34.1,39.9,0.0,5.0,sandy,flowering,HIGH
30.0,55.4,2.9,80.0,loamy,fruiting,MEDIUM
31.9,26.9,0.0,47.0,loamy,seedling,HIGH
28.2,81.1,1.7,45.8,sandy,fruiting,MEDIUM
27.1,93.2,0.0,53.6,sandy,flowering,MEDIUM
37.6,61.5,0.0,64.5,loamy,fruiting,MEDIUM
41.0,93.7,18.0,30.6,sandy,flowering,LOW
40.4,32.3,0.0,46.5,loamy,vegetative,MEDIUM
29.5,25.3,0.0,33.9,clay,seedling,MEDIUM
38.9,69.9,0.0,53.2,loamy,seedling,HIGH
29.9,76.4,0.0,19.0,loamy,seedling,HIGH
41.0,53.4,0.0,43.4,loamy,fruiting,HIGH
38.8,73.0,35.4,95.0,loamy,fruiting,LOW
27.9,60.2,0.0,70.4,sandy,vegetative,LOW
18.7,66.6,1.8,55.4,clay,vegetative,LOW
39.9,44.8,0.0,45.1,loamy,fruiting,HIGH
39.9,88.5,0.0,54.9,sandy,flowering,HIGH
30.0,31.7,0.0,62.4,sandy,fruiting,HIGH
39.9,52.2,2.8,40.5,loamy,flowering,HIGH
37.0,55.3,0.0,49.9,clay,vegetative,MEDIUM
18.5,73.1,9.2,81.9,sandy,seedling,LOW
36.8,54.0,12.0,39.0,clay,fruiting,MEDIUM
41.5,37.6,0.0,27.5,sandy,fruiting,HIGH
24.5,32.0,8.0,54.4,loamy,seedling,LOW
35.7,76.0,0.0,39.6,loamy,vegetative,MEDIUM
40.5,57.2,0.0,21.3,loamy,fruiting,HIGH
25.1,68.6,0.0,49.9,sandy,seedling,MEDIUM
35.1,28.7,0.0,20.7,clay,fruiting,HIGH
39.0,74.3,0.0,67.9,loamy,fruiting,MEDIUM
40.6,91.6,0.0,85.8,clay,seedling,LOW
41.1,87.0,7.7,63.6,sandy,vegetative,LOW
34.1,58.1,0.0,63.1,sandy,seedling,HIGH
39.3,40.6,4.9,31.3,sandy,vegetative,MEDIUM
39.4,70.2,0.0,36.6,loamy,flowering,HIGH
36.8,51.7,0.9,66.8,loamy,fruiting,MEDIUM
41.8,52.1,0.0,38.4,sandy,vegetative,HIGH
24.1,33.9,0.0,30.0,clay,flowering,MEDIUM
28.7,71.8,0.0,60.1,loamy,flowering,MEDIUM
21.4,59.4,37.9,70.9,loamy,flowering,LOW
37.5,61.3,30.0,48.9,sandy,seedling,LOW
31.0,81.6,3.3,76.2,clay,fruiting,LOW
33.8,26.0,2.6,52.9,sandy,flowering,HIGH
25.0,31.4,0.0,30.6,sandy,flowering,HIGH
33.2,79.5,0.0,32.8,clay,seedling,MEDIUM
22.0,50.7,3.0,55.7,sandy,flowering,MEDIUM
21.8,65.6,0.0,60.9,sandy,flowering,MEDIUM
35.3,27.8,3.0,37.6,sandy,vegetative,HIGH
34.9,70.6,0.0,26.5,loamy,fruiting,HIGH
41.8,36.6,0.0,38.4,clay,flowering,MEDIUM
19.4,68.5,0.0,39.0,clay,fruiting,MEDIUM
24.0,75.5,0.0,77.6,loamy,fruiting,LOW
36.7,52.5,1.2,32.6,loamy,vegetative,MEDIUM
40.1,28.1,5.5,37.5,clay,vegetative,MEDIUM
29.5,45.9,0.0,58.3,loamy,vegetative,MEDIUM
25.8,71.5,0.0,58.7,sandy,fruiting,MEDIUM
34.7,30.4,0.0,65.9,loamy,fruiting,MEDIUM
19.2,66.8,3.4,46.3,sandy,flowering,MEDIUM
32.9,26.2,0.0,14.9,clay,vegetative,MEDIUM
29.1,88.7,0.0,25.8,sandy,seedling,HIGH
35.9,36.9,0.0,24.2,sandy,seedling,HIGH
38.7,86.9,4.2,71.1,sandy,fruiting,MEDIUM
31.2,32.8,0.0,29.5,clay,fruiting,MEDIUM
30.2,34.4,2.2,39.6,sandy,seedling,HIGH
20.0,74.4,13.1,51.3,sandy,fruiting,LOW
21.2,80.8,0.0,24.6,loamy,fruiting,MEDIUM
23.6,81.8,0.0,51.1,clay,vegetative,LOW
21.1,53.4,7.1,45.7,loamy,fruiting,LOW
36.3,39.6,3.2,60.7,clay,fruiting,MEDIUM
18.5,45.2,11.5,55.3,loamy,flowering,LOW
35.2,85.3,3.5,19.3,sandy,vegetative,MEDIUM
29.5,85.7,0.0,42.5,loamy,seedling,MEDIUM
30.2,34.3,4.6,40.2,clay,fruiting,MEDIUM
29.7,67.5,32.6,95.0,clay,vegetative,LOW
25.0,48.4,0.0,78.6,clay,flowering,LOW
20.6,59.2,22.5,51.1,loamy,flowering,LOW
30.9,72.0,0.0,51.0,sandy,seedling,HIGH
32.5,28.7,0.0,39.5,clay,fruiting,MEDIUM
29.1,53.5,0.0,29.4,clay,flowering,MEDIUM
32.7,59.3,0.0,82.7,sandy,fruiting,MEDIUM
23.3,52.0,0.0,51.1,clay,seedling,LOW
19.4,41.9,21.4,76.4,sandy,flowering,LOW
38.7,77.5,0.0,39.3,loamy,seedling,HIGH
19.4,44.2,0.0,89.4,clay,seedling,LOW
36.1,63.8,4.7,44.4,sandy,fruiting,HIGH
38.6,88.6,0.0,62.6,clay,seedling,MEDIUM
23.6,58.5,3.0,59.6,clay,flowering,LOW
38.0,43.5,1.4,5.0,clay,seedling,HIGH
31.3,33.4,2.5,50.4,loamy,seedling,MEDIUM
39.2,63.9,0.0,64.5,loamy,fruiting,MEDIUM
31.0,86.8,4.9,30.8,clay,fruiting,LOW
37.5,93.6,0.0,47.0,clay,flowering,LOW
22.9,88.3,0.0,51.3,loamy,flowering,LOW
24.7,89.1,0.0,16.4,loamy,flowering,HIGH
36.6,34.1,0.0,43.6,sandy,seedling,HIGH
18.3,67.9,4.6,79.8,clay,flowering,LOW
21.9,83.6,27.9,72.3,clay,flowering,LOW
33.0,34.7,0.0,43.3,sandy,fruiting,HIGH
18.6,34.4,0.0,20.4,clay,vegetative,MEDIUM
18.0,88.0,0.9,76.3,clay,seedling,LOW
18.8,73.3,7.4,24.0,clay,flowering,MEDIUM
27.7,33.3,0.0,73.2,clay,seedling,MEDIUM
25.5,26.8,0.0,42.9,loamy,fruiting,MEDIUM
25.6,53.4,0.0,50.7,sandy,vegetative,MEDIUM
18.9,91.2,0.0,73.0,clay,seedling,LOW
41.7,75.7,1.8,46.6,loamy,flowering,MEDIUM
40.9,57.6,14.4,56.2,sandy,flowering,MEDIUM
25.5,80.5,0.0,30.4,loamy,flowering,MEDIUM
30.0,82.1,0.0,37.2,sandy,seedling,HIGH
35.4,27.9,0.0,58.6,clay,vegetative,MEDIUM
32.8,75.5,0.0,51.4,clay,vegetative,LOW
35.0,76.4,0.0,47.1,clay,fruiting,MEDIUM
27.2,35.2,0.7,61.8,loamy,vegetative,MEDIUM
32.9,75.8,0.0,42.0,loamy,vegetative,MEDIUM
38.2,51.5,0.0,59.5,loamy,vegetative,MEDIUM
28.6,41.8,35.9,60.2,clay,seedling,LOW
18.4,91.0,0.0,27.3,loamy,seedling,MEDIUM
30.0,89.3,0.0,37.2,sandy,vegetative,MEDIUM
32.6,61.6,0.0,51.9,loamy,fruiting,MEDIUM
21.8,62.9,0.0,71.5,loamy,vegetative,LOW
36.5,31.3,1.8,41.5,clay,fruiting,MEDIUM
38.3,79.2,0.0,14.6,clay,vegetative,MEDIUM
39.7,45.7,0.0,49.9,sandy,flowering,HIGH
22.1,80.2,10.1,46.8,sandy,flowering,LOW
25.3,75.1,3.5,33.0,sandy,seedling,HIGH
38.2,93.5,1.4,19.9,sandy,fruiting,HIGH
36.1,81.7,1.0,48.2,loamy,fruiting,MEDIUM
31.9,81.0,11.1,40.7,loamy,fruiting,LOW
21.1,82.4,8.5,51.1,clay,vegetative,LOW
18.3,52.4,6.1,27.7,loamy,fruiting,MEDIUM
26.1,89.6,9.5,53.5,loamy,flowering,LOW
27.8,87.2,18.4,94.2,sandy,fruiting,LOW
28.4,49.0,0.0,44.6,sandy,flowering,HIGH
27.1,57.4,0.0,62.2,loamy,fruiting,LOW
31.4,74.7,0.0,36.2,clay,flowering,MEDIUM
35.5,61.9,0.0,62.7,clay,seedling,MEDIUM
27.1,43.1,11.2,48.0,sandy,flowering,LOW
23.4,56.5,0.0,43.1,loamy,flowering,MEDIUM
39.2,80.2,1.4,52.8,loamy,flowering,MEDIUM
40.0,85.5,5.0,49.6,loamy,seedling,MEDIUM
19.8,83.9,0.0,64.0,loamy,fruiting,LOW
39.9,31.5,0.0,55.4,loamy,vegetative,MEDIUM
28.9,77.4,0.0,70.9,clay,vegetative,LOW
19.8,45.1,3.1,50.3,clay,flowering,LOW
30.7,76.4,7.4,26.9,clay,vegetative,LOW
36.2,45.7,0.0,73.9,loamy,seedling,MEDIUM
30.3,30.0,0.0,25.5,clay,seedling,MEDIUM
40.4,65.7,0.0,53.1,sandy,seedling,HIGH
19.2,44.1,7.0,71.9,loamy,seedling,LOW
40.0,29.1,0.0,32.7,clay,seedling,HIGH
30.2,90.0,0.0,32.7,clay,fruiting,MEDIUM
35.4,82.3,0.0,47.1,loamy,vegetative,MEDIUM
18.6,71.4,0.0,47.9,clay,flowering,MEDIUM
22.5,73.9,3.0,45.2,loamy,vegetative,LOW
32.1,34.7,0.0,87.2,sandy,seedling,MEDIUM
27.7,45.2,0.0,37.2,clay,seedling,MEDIUM
37.7,36.4,0.0,23.3,sandy,vegetative,HIGH
39.8,64.9,0.0,45.4,clay,seedling,MEDIUM
38.7,62.0,6.4,45.4,clay,seedling,MEDIUM
37.9,59.4,0.0,55.7,sandy,vegetative,HIGH
26.7,47.5,0.0,71.4,loamy,vegetative,LOW
30.1,51.9,0.0,30.0,sandy,vegetative,HIGH
37.5,89.3,0.0,42.1,loamy,flowering,HIGH
32.2,87.9,6.0,57.6,loamy,seedling,MEDIUM
38.0,74.0,0.0,13.3,clay,fruiting,MEDIUM
25.7,36.8,1.8,55.4,loamy,fruiting,MEDIUM
28.0,76.1,1.8,58.2,clay,flowering,MEDIUM
21.8,84.7,0.0,46.2,loamy,vegetative,LOW
29.0,88.5,0.0,33.5,sandy,flowering,HIGH
37.2,89.0,2.1,62.7,sandy,fruiting,MEDIUM
33.4,58.4,12.7,66.9,loamy,flowering,LOW
31.8,33.4,1.2,39.3,sandy,flowering,HIGH
25.9,54.4,0.0,46.1,loamy,vegetative,MEDIUM
42.0,61.0,1.3,23.9,loamy,seedling,HIGH
19.7,45.0,0.9,47.6,loamy,vegetative,MEDIUM
24.9,32.3,8.0,85.8,clay,fruiting,LOW
21.5,87.6,0.0,54.9,sandy,fruiting,MEDIUM
37.0,51.6,3.1,78.7,sandy,vegetative,MEDIUM
35.9,34.3,0.0,10.6,clay,fruiting,MEDIUM
40.3,45.0,6.9,63.2,sandy,seedling,MEDIUM
39.9,30.1,3.9,29.8,loamy,flowering,HIGH
18.9,88.6,0.0,55.3,sandy,seedling,LOW
30.4,39.6,0.0,22.0,sandy,seedling,HIGH
33.2,54.8,0.0,14.0,clay,flowering,HIGH
33.7,91.7,12.9,65.2,loamy,seedling,LOW
39.7,52.5,0.0,29.3,loamy,vegetative,HIGH
22.2,63.1,13.3,73.3,clay,seedling,LOW
23.0,52.0,0.0,34.6,sandy,fruiting,HIGH
33.7,73.9,25.1,47.2,loamy,vegetative,LOW
26.8,71.9,0.0,78.3,clay,flowering,LOW
40.0,48.6,0.0,27.0,loamy,seedling,HIGH
26.5,88.9,0.0,33.5,clay,fruiting,MEDIUM
33.2,67.5,2.7,76.3,loamy,fruiting,LOW
34.2,25.7,1.8,43.1,loamy,seedling,MEDIUM
23.9,65.6,8.3,61.6,clay,vegetative,LOW
25.8,33.6,0.0,50.4,sandy,fruiting,MEDIUM
32.1,76.1,0.0,48.5,clay,fruiting,MEDIUM
19.7,47.8,0.9,67.4,sandy,flowering,MEDIUM
23.0,80.0,1.0,53.6,loamy,flowering,LOW
24.6,40.5,0.0,76.2,loamy,seedling,LOW
20.5,68.4,0.0,41.9,clay,seedling,MEDIUM
34.3,91.3,21.7,82.1,loamy,flowering,LOW
28.2,84.2,0.0,48.6,sandy,fruiting,MEDIUM
26.1,48.9,0.0,24.7,loamy,vegetative,MEDIUM
20.5,28.5,0.0,42.5,sandy,seedling,HIGH
40.0,66.1,0.0,58.9,loamy,vegetative,MEDIUM
29.7,34.3,0.0,72.7,loamy,fruiting,MEDIUM
24.7,44.4,30.4,59.2,sandy,flowering,LOW
40.8,94.0,0.0,56.3,loamy,seedling,MEDIUM
39.7,33.9,1.4,88.5,clay,fruiting,MEDIUM
20.3,58.4,0.0,92.3,clay,vegetative,LOW
31.9,84.7,2.3,61.4,sandy,seedling,MEDIUM
24.4,25.8,0.0,43.6,sandy,seedling,HIGH
18.9,60.8,0.0,38.5,clay,vegetative,LOW
27.6,46.2,1.6,40.8,loamy,fruiting,MEDIUM
23.0,62.8,0.0,38.9,sandy,flowering,HIGH
38.8,30.2,39.8,82.4,loamy,fruiting,LOW
30.9,35.8,0.0,33.9,sandy,seedling,HIGH
30.3,48.5,0.0,44.1,loamy,seedling,HIGH
36.2,49.5,7.9,32.1,loamy,seedling,MEDIUM
34.4,38.7,0.0,50.0,loamy,seedling,MEDIUM
28.7,40.2,17.3,48.8,sandy,fruiting,LOW
37.7,47.6,3.2,16.7,clay,vegetative,MEDIUM
24.1,51.8,8.4,36.0,clay,vegetative,LOW
38.0,87.3,2.3,45.0,sandy,seedling,HIGH
32.1,51.5,0.0,56.6,clay,vegetative,LOW
35.7,93.2,2.2,29.6,loamy,seedling,MEDIUM
38.1,86.6,0.0,77.1,loamy,seedling,MEDIUM
25.3,53.2,11.1,37.2,sandy,vegetative,MEDIUM
24.3,88.4,0.6,24.7,sandy,vegetative,MEDIUM
38.0,39.3,19.0,87.3,clay,seedling,LOW
40.9,41.1,0.0,39.1,loamy,seedling,HIGH
24.9,44.2,0.0,55.8,loamy,vegetative,MEDIUM
41.8,49.9,0.0,21.8,clay,seedling,HIGH
26.1,40.9,0.0,52.5,sandy,seedling,HIGH
21.5,32.0,0.0,18.1,loamy,vegetative,MEDIUM
40.0,27.9,0.0,35.0,sandy,vegetative,HIGH
25.1,35.5,0.0,41.9,loamy,flowering,MEDIUM
33.5,77.6,2.0,37.3,clay,fruiting,MEDIUM
28.2,87.3,0.0,80.7,loamy,seedling,LOW
37.5,83.9,0.0,74.3,clay,vegetative,LOW
27.0,36.1,7.0,25.2,loamy,vegetative,MEDIUM
28.0,53.4,0.0,55.8,sandy,vegetative,MEDIUM
37.8,32.6,2.8,21.3,loamy,seedling,HIGH
29.2,70.4,16.6,52.4,sandy,flowering,LOW
36.4,53.7,0.0,39.1,sandy,fruiting,HIGH
33.9,32.9,0.0,81.1,sandy,flowering,MEDIUM
20.7,89.2,0.0,5.9,clay,vegetative,MEDIUM
40.8,51.0,0.0,43.1,loamy,vegetative,MEDIUM
34.1,79.4,0.0,8.2,clay,seedling,HIGH
36.1,47.0,0.0,75.7,sandy,seedling,HIGH
29.9,58.8,0.0,51.7,clay,fruiting,MEDIUM
36.7,81.6,0.0,8.7,sandy,seedling,HIGH
31.4,59.9,3.2,58.6,loamy,seedling,MEDIUM
31.1,93.7,0.0,72.5,sandy,seedling,MEDIUM
32.9,58.9,13.0,27.5,sandy,seedling,MEDIUM
19.0,41.3,0.0,41.2,clay,flowering,MEDIUM
33.5,46.5,12.0,31.0,loamy,fruiting,MEDIUM
19.9,74.0,0.0,45.2,clay,vegetative,LOW
38.5,92.3,0.0,66.6,sandy,vegetative,MEDIUM
24.6,87.8,5.8,78.7,clay,flowering,LOW
30.7,58.6,0.0,71.8,clay,fruiting,MEDIUM
39.6,40.7,0.0,43.0,loamy,vegetative,MEDIUM
36.0,51.8,5.8,40.9,sandy,seedling,HIGH
35.9,54.9,0.0,65.5,clay,vegetative,MEDIUM
32.6,73.7,12.9,61.0,clay,fruiting,LOW
39.2,32.1,0.0,49.0,clay,seedling,MEDIUM
22.8,65.6,0.0,50.0,clay,flowering,MEDIUM
30.4,27.5,0.0,79.3,loamy,fruiting,MEDIUM
33.9,35.8,0.0,26.1,sandy,vegetative,HIGH
21.0,51.4,30.1,77.9,sandy,seedling,LOW
22.3,83.4,0.0,34.9,clay,seedling,MEDIUM
34.0,33.5,0.0,41.2,clay,flowering,MEDIUM
25.0,81.5,0.0,72.6,clay,vegetative,LOW
36.7,26.0,0.0,60.6,loamy,vegetative,MEDIUM
22.6,64.4,10.1,33.8,loamy,seedling,MEDIUM
21.9,33.2,0.0,60.0,sandy,seedling,MEDIUM
23.9,59.6,0.0,51.2,sandy,fruiting,MEDIUM
26.0,37.6,0.0,39.1,loamy,vegetative,MEDIUM
24.2,83.6,7.3,67.1,sandy,seedling,LOW
32.9,60.1,7.2,64.7,sandy,flowering,MEDIUM
26.6,73.7,0.0,48.3,loamy,vegetative,MEDIUM
28.2,50.2,0.0,65.1,loamy,flowering,MEDIUM
41.9,92.9,6.4,53.8,loamy,fruiting,MEDIUM
24.7,69.8,9.5,65.4,sandy,seedling,LOW
26.7,71.4,0.0,37.5,clay,seedling,MEDIUM
22.0,60.2,5.4,44.7,clay,vegetative,LOW
24.8,69.7,0.0,46.5,sandy,seedling,MEDIUM
23.6,71.3,0.0,68.5,loamy,seedling,LOW
33.6,55.9,0.0,28.7,sandy,vegetative,HIGH
31.1,79.2,35.7,80.1,clay,fruiting,LOW
32.4,34.1,3.8,69.1,clay,flowering,LOW
27.6,75.2,0.0,44.1,loamy,vegetative,MEDIUM
39.3,38.8,0.0,50.9,clay,flowering,MEDIUM
24.6,70.2,0.0,20.9,sandy,seedling,HIGH
30.4,70.2,0.0,39.6,loamy,vegetative,MEDIUM
26.6,84.4,0.0,51.9,sandy,vegetative,MEDIUM
28.8,67.4,3.0,10.2,clay,fruiting,MEDIUM
40.4,28.8,0.0,49.0,sandy,fruiting,HIGH
29.6,54.6,0.0,59.6,sandy,seedling,HIGH
29.5,65.0,8.1,82.7,loamy,fruiting,LOW
29.1,78.0,0.0,65.0,sandy,fruiting,MEDIUM
34.8,89.1,30.5,72.3,sandy,vegetative,LOW
21.6,78.5,0.0,52.7,clay,fruiting,LOW
32.5,88.4,0.0,56.8,sandy,fruiting,MEDIUM
42.0,53.9,29.7,82.0,loamy,vegetative,LOW
24.0,81.9,0.0,31.0,loamy,vegetative,MEDIUM
30.6,73.1,0.0,45.0,clay,flowering,MEDIUM
33.2,38.3,0.0,31.2,loamy,vegetative,HIGH
23.9,76.7,3.8,37.2,loamy,vegetative,LOW
35.4,39.8,2.6,20.7,sandy,seedling,HIGH
27.8,62.2,25.7,65.7,loamy,vegetative,LOW
26.2,41.0,0.0,63.0,sandy,fruiting,MEDIUM
37.2,37.7,5.3,25.8,loamy,fruiting,HIGH
28.5,38.9,23.7,88.2,sandy,flowering,LOW
36.3,71.3,0.0,40.6,sandy,flowering,HIGH
35.7,92.3,0.0,35.7,clay,vegetative,LOW
39.6,36.2,36.2,83.1,clay,vegetative,LOW
21.9,36.0,0.0,60.4,clay,vegetative,LOW
38.7,64.9,4.4,31.8,sandy,fruiting,HIGH
26.4,68.7,0.0,33.6,clay,fruiting,MEDIUM
21.0,73.9,20.8,77.6,sandy,fruiting,LOW
24.6,40.3,37.4,87.8,loamy,flowering,LOW
37.8,39.6,2.2,42.4,sandy,fruiting,HIGH
35.2,93.6,1.2,40.6,clay,vegetative,MEDIUM
28.0,61.9,10.0,54.6,sandy,flowering,LOW
40.7,88.1,0.0,40.9,loamy,vegetative,MEDIUM
25.8,71.7,9.6,48.9,clay,vegetative,LOW
21.1,30.3,6.9,35.6,clay,seedling,MEDIUM
19.3,33.4,0.0,27.9,loamy,seedling,HIGH
29.2,81.1,0.0,66.2,sandy,fruiting,MEDIUM
34.4,81.0,0.0,62.8,clay,seedling,LOW
18.0,29.2,37.3,69.7,loamy,fruiting,LOW
25.3,72.3,0.0,18.0,loamy,seedling,MEDIUM
30.9,77.4,0.0,55.9,loamy,fruiting,MEDIUM
31.8,36.1,0.0,24.4,sandy,seedling,HIGH
35.9,66.6,0.0,45.8,clay,seedling,MEDIUM
27.0,88.5,38.7,92.7,clay,fruiting,LOW
38.8,32.1,0.0,30.3,sandy,vegetative,HIGH
29.8,80.1,0.0,53.2,loamy,flowering,MEDIUM
24.2,72.2,0.0,57.4,sandy,seedling,MEDIUM
37.6,50.1,3.4,46.1,sandy,fruiting,HIGH
27.9,25.7,0.0,46.1,clay,flowering,LOW
26.6,63.7,0.0,88.6,sandy,fruiting,LOW
31.6,50.6,0.0,46.2,clay,seedling,MEDIUM
33.7,78.1,0.0,52.9,loamy,fruiting,MEDIUM
39.2,61.4,0.0,24.5,sandy,fruiting,HIGH
22.6,50.9,12.4,64.5,sandy,flowering,LOW
32.4,70.3,3.6,59.8,clay,fruiting,LOW
23.6,29.1,0.0,48.4,clay,seedling,MEDIUM
20.3,77.1,0.0,22.7,clay,seedling,MEDIUM
23.5,70.1,1.1,46.0,loamy,flowering,MEDIUM
26.0,75.1,0.0,67.3,clay,seedling,LOW
20.4,56.9,0.0,50.3,loamy,fruiting,MEDIUM
41.0,93.5,22.1,51.6,loamy,vegetative,LOW
18.1,49.4,0.0,65.6,clay,seedling,LOW
18.1,48.4,0.0,69.1,clay,flowering,LOW
19.2,54.7,18.7,50.7,clay,seedling,LOW
32.0,47.3,2.2,34.6,clay,flowering,MEDIUM
40.2,90.7,0.0,23.7,sandy,seedling,HIGH
34.3,67.1,0.0,31.7,loamy,flowering,HIGH
29.2,36.8,0.7,32.1,loamy,seedling,HIGH
18.6,80.5,8.4,65.8,loamy,flowering,LOW
23.9,75.4,1.6,59.6,sandy,seedling,MEDIUM
32.5,55.0,0.0,39.1,clay,vegetative,LOW
24.9,48.7,0.0,80.2,sandy,flowering,MEDIUM
29.6,50.3,2.6,76.9,sandy,seedling,MEDIUM
30.3,45.0,4.3,58.2,clay,fruiting,MEDIUM
23.1,57.7,10.5,36.8,clay,vegetative,LOW
25.3,70.0,0.0,48.9,clay,vegetative,MEDIUM
25.8,53.9,0.0,53.7,loamy,flowering,MEDIUM
21.5,82.2,18.1,87.9,loamy,fruiting,LOW
36.4,75.0,0.0,17.5,loamy,seedling,HIGH
20.9,31.9,2.2,89.1,sandy,flowering,LOW
41.0,66.2,0.0,24.3,loamy,fruiting,HIGH
21.4,86.2,24.7,86.6,loamy,seedling,LOW
41.8,49.4,0.0,25.3,loamy,flowering,HIGH
26.5,30.2,4.4,75.9,loamy,flowering,LOW
30.5,60.7,0.0,53.2,clay,seedling,LOW
26.6,62.8,0.0,14.8,sandy,fruiting,HIGH
28.1,81.0,1.8,59.5,sandy,seedling,MEDIUM
30.6,92.7,1.8,68.0,loamy,vegetative,LOW
24.0,46.9,27.3,95.0,loamy,seedling,LOW
28.3,28.3,2.8,77.4,sandy,vegetative,LOW
20.7,74.2,0.0,59.2,loamy,seedling,MEDIUM
40.1,50.2,14.2,37.0,clay,vegetative,LOW
22.8,60.5,0.0,86.0,loamy,vegetative,LOW
31.8,30.4,3.9,53.3,sandy,seedling,HIGH
34.2,75.5,0.0,49.0,loamy,fruiting,MEDIUM
28.2,68.6,13.4,95.0,clay,vegetative,LOW
41.9,35.3,0.0,47.9,loamy,flowering,HIGH
22.0,34.1,5.5,55.6,loamy,fruiting,LOW
41.9,49.0,2.0,40.1,clay,seedling,MEDIUM
34.0,59.5,3.5,26.7,loamy,vegetative,MEDIUM
37.6,40.0,0.0,33.3,sandy,seedling,HIGH
41.8,40.9,0.0,61.4,sandy,flowering,HIGH
39.0,71.5,0.0,40.9,loamy,flowering,MEDIUM
32.8,92.1,0.0,52.2,clay,flowering,MEDIUM
21.0,60.5,8.2,51.6,loamy,fruiting,LOW
39.8,46.2,3.9,41.7,loamy,flowering,HIGH
34.0,76.7,0.0,60.3,clay,vegetative,LOW
38.2,32.3,0.0,49.5,loamy,vegetative,MEDIUM
26.5,72.7,0.0,55.7,loamy,vegetative,MEDIUM
24.7,41.9,0.0,36.8,loamy,flowering,HIGH
25.6,90.7,0.0,37.1,loamy,seedling,MEDIUM
38.7,78.7,0.0,37.8,sandy,flowering,HIGH
29.9,29.0,0.0,41.9,loamy,fruiting,HIGH
24.3,29.7,0.0,35.6,sandy,vegetative,MEDIUM
23.4,41.3,4.9,45.7,clay,flowering,LOW
34.9,34.2,28.9,79.2,sandy,vegetative,LOW
26.5,25.6,25.1,61.4,clay,vegetative,LOW
22.1,58.3,0.0,76.5,sandy,vegetative,LOW
20.4,79.2,7.8,89.5,sandy,seedling,LOW
36.6,43.2,0.0,28.7,loamy,vegetative,MEDIUM
24.8,37.7,0.0,41.4,loamy,flowering,MEDIUM
31.7,44.3,8.2,39.3,loamy,vegetative,MEDIUM
24.6,89.4,24.8,73.7,sandy,seedling,LOW
18.2,53.0,0.0,55.0,clay,flowering,MEDIUM
38.3,82.9,0.0,41.2,loamy,vegetative,MEDIUM
19.5,47.5,2.1,61.9,loamy,fruiting,LOW
19.5,30.7,0.0,63.8,clay,vegetative,LOW
20.4,40.2,21.4,44.9,clay,flowering,LOW
20.9,72.6,0.0,57.8,sandy,seedling,MEDIUM
21.7,67.5,0.0,77.3,loamy,fruiting,LOW
21.8,33.6,0.0,23.2,sandy,fruiting,HIGH
33.3,57.2,4.8,42.7,loamy,vegetative,MEDIUM
34.5,46.2,2.5,66.8,sandy,flowering,MEDIUM
18.6,32.2,0.0,82.8,clay,flowering,LOW
36.4,58.3,0.0,29.9,loamy,flowering,HIGH
41.3,69.3,0.0,25.1,clay,vegetative,MEDIUM
30.3,47.9,2.0,62.9,clay,fruiting,MEDIUM
26.8,93.8,3.1,75.3,loamy,seedling,LOW
31.5,29.5,0.0,38.6,clay,fruiting,MEDIUM
33.2,93.3,6.4,14.6,sandy,vegetative,MEDIUM
31.5,43.2,8.3,46.3,clay,seedling,MEDIUM
30.1,33.8,0.0,60.9,loamy,seedling,MEDIUM
24.4,71.7,0.0,56.5,loamy,vegetative,MEDIUM
25.5,38.1,0.0,48.5,loamy,flowering,MEDIUM
29.6,36.8,0.0,26.7,sandy,flowering,HIGH
22.7,52.5,0.0,46.3,sandy,vegetative,MEDIUM
38.7,82.1,0.0,38.9,clay,vegetative,MEDIUM
40.0,44.1,0.0,26.2,loamy,vegetative,MEDIUM
35.3,46.0,0.0,25.4,sandy,seedling,HIGH
38.1,38.5,0.0,38.6,clay,fruiting,MEDIUM
18.2,62.2,29.3,63.6,clay,seedling,LOW
39.4,90.9,0.0,50.8,clay,fruiting,MEDIUM
31.5,57.4,0.0,21.6,sandy,fruiting,HIGH
19.4,49.9,0.0,65.2,loamy,seedling,MEDIUM
33.5,81.9,2.8,44.6,clay,flowering,MEDIUM
39.7,68.5,5.4,54.5,loamy,vegetative,LOW
37.8,45.2,0.0,26.5,clay,fruiting,MEDIUM
35.8,65.1,0.0,51.9,loamy,fruiting,MEDIUM
38.9,28.2,0.0,30.0,loamy,seedling,HIGH
34.0,44.1,0.0,38.9,loamy,flowering,HIGH
21.6,69.7,0.0,55.5,loamy,flowering,MEDIUM
31.8,55.9,0.0,31.2,loamy,seedling,HIGH
24.8,45.1,0.0,39.0,sandy,fruiting,MEDIUM
20.5,88.3,14.8,57.2,clay,fruiting,LOW
18.8,67.4,0.0,65.3,loamy,flowering,LOW
29.8,82.9,9.0,76.2,sandy,fruiting,LOW
28.0,56.8,0.0,38.3,clay,fruiting,MEDIUM
26.6,94.9,7.5,58.2,sandy,seedling,LOW
18.9,61.8,8.1,62.1,sandy,vegetative,LOW
33.8,25.5,31.1,60.9,loamy,fruiting,LOW
26.7,47.9,0.0,53.0,clay,flowering,MEDIUM
29.0,64.0,13.9,25.0,sandy,fruiting,MEDIUM
26.5,61.5,2.9,63.8,sandy,seedling,MEDIUM
29.6,94.4,0.0,32.0,loamy,flowering,MEDIUM
18.4,36.2,2.2,63.5,loamy,vegetative,MEDIUM
38.2,54.4,4.4,57.2,clay,fruiting,MEDIUM
28.3,33.9,37.3,53.3,clay,vegetative,LOW
23.3,82.7,14.2,94.7,sandy,vegetative,LOW
32.9,83.2,10.9,57.7,loamy,flowering,LOW
18.2,32.3,0.0,75.7,clay,fruiting,MEDIUM
24.9,39.5,0.0,70.6,sandy,flowering,MEDIUM
37.0,75.4,4.5,52.1,clay,flowering,MEDIUM
41.1,80.7,3.7,55.4,loamy,fruiting,MEDIUM
19.2,45.0,0.0,33.1,sandy,seedling,HIGH
19.8,66.9,22.2,35.9,sandy,vegetative,LOW
26.4,61.4,0.0,49.3,loamy,flowering,MEDIUM
35.5,77.6,6.0,13.8,clay,fruiting,MEDIUM
25.8,34.2,0.0,58.6,sandy,flowering,MEDIUM
36.2,30.0,0.0,60.9,loamy,vegetative,MEDIUM
18.4,33.6,0.0,37.7,loamy,vegetative,MEDIUM
36.0,56.0,2.2,35.6,sandy,seedling,HIGH
19.8,46.6,0.0,11.2,loamy,fruiting,HIGH
31.0,91.3,0.0,58.2,sandy,flowering,MEDIUM
29.9,49.8,0.0,54.4,clay,fruiting,MEDIUM
24.5,60.1,0.0,28.3,clay,fruiting,MEDIUM
40.4,70.0,0.0,47.0,loamy,fruiting,HIGH
20.2,91.0,2.6,52.0,clay,seedling,LOW
35.7,79.8,0.0,67.9,loamy,seedling,MEDIUM
25.2,55.3,4.8,68.1,loamy,vegetative,LOW
35.4,29.1,0.0,54.3,clay,seedling,MEDIUM
27.9,90.8,0.0,62.2,sandy,flowering,MEDIUM
37.5,80.1,7.3,48.0,loamy,vegetative,MEDIUM
31.9,82.9,5.5,40.2,loamy,vegetative,MEDIUM
19.6,69.6,0.0,45.6,sandy,flowering,MEDIUM
23.4,82.1,0.0,29.8,loamy,fruiting,MEDIUM
39.2,38.2,0.0,38.7,clay,flowering,MEDIUM
34.8,69.5,11.2,48.9,sandy,flowering,MEDIUM
41.7,26.5,0.0,33.3,loamy,seedling,HIGH
20.3,30.2,0.0,31.5,clay,vegetative,MEDIUM
27.9,39.2,0.0,59.0,clay,vegetative,LOW
21.3,37.3,0.0,48.5,sandy,vegetative,MEDIUM
23.9,67.5,0.0,48.3,clay,flowering,MEDIUM
25.5,93.2,4.7,34.0,loamy,flowering,LOW
21.8,61.6,0.0,53.4,loamy,flowering,MEDIUM
38.4,91.7,7.0,51.4,sandy,flowering,MEDIUM
31.3,56.0,0.0,73.4,sandy,seedling,MEDIUM
23.9,52.5,0.0,76.1,sandy,flowering,MEDIUM
37.7,42.1,0.0,42.1,loamy,fruiting,HIGH
37.1,71.5,3.8,55.5,loamy,flowering,MEDIUM
30.6,40.9,0.0,44.7,sandy,seedling,HIGH
29.2,64.9,34.2,59.5,sandy,vegetative,LOW
40.9,25.3,34.0,42.6,clay,vegetative,LOW
23.4,59.4,0.0,89.2,sandy,seedling,LOW
21.4,74.5,4.5,29.1,loamy,fruiting,MEDIUM
22.1,93.7,14.0,46.3,sandy,seedling,LOW
35.6,87.4,1.2,42.5,sandy,seedling,MEDIUM
40.4,48.9,3.3,52.8,loamy,flowering,MEDIUM
21.5,43.3,5.0,34.6,loamy,flowering,MEDIUM
23.2,71.6,0.0,54.6,sandy,fruiting,MEDIUM
30.2,64.3,0.0,38.9,clay,flowering,MEDIUM
37.5,84.9,0.0,34.5,sandy,flowering,HIGH
39.9,44.3,0.0,38.1,sandy,seedling,HIGH
30.6,39.6,0.0,25.7,sandy,vegetative,HIGH
26.2,34.2,3.1,22.8,clay,vegetative,MEDIUM
30.2,42.6,27.3,33.4,clay,vegetative,LOW
20.3,63.1,0.0,72.2,loamy,vegetative,LOW
27.9,58.3,0.0,41.5,sandy,vegetative,MEDIUM
32.0,88.4,4.6,57.1,sandy,fruiting,MEDIUM
32.6,79.4,0.0,74.6,clay,seedling,LOW
30.6,78.9,0.0,63.4,sandy,seedling,MEDIUM
27.0,57.0,0.0,30.9,loamy,fruiting,MEDIUM
37.7,44.5,3.5,5.0,sandy,vegetative,HIGH
31.4,45.9,2.7,65.6,sandy,seedling,MEDIUM
39.0,74.3,5.6,34.0,clay,seedling,MEDIUM
21.5,38.7,0.0,71.0,loamy,seedling,MEDIUM
26.7,79.9,33.2,70.6,loamy,seedling,LOW
24.3,33.6,8.3,60.3,sandy,flowering,LOW
40.3,77.7,27.8,55.0,clay,seedling,LOW
36.3,65.1,0.0,63.5,sandy,seedling,MEDIUM
21.2,55.6,0.0,63.0,clay,vegetative,LOW
38.8,87.7,13.4,62.7,clay,vegetative,LOW
27.7,69.4,0.0,58.3,sandy,flowering,MEDIUM
34.6,41.2,4.9,94.7,sandy,seedling,MEDIUM
22.5,49.4,18.9,84.3,sandy,flowering,LOW
23.6,63.5,0.0,74.7,clay,flowering,LOW
27.0,53.1,0.0,56.9,loamy,vegetative,MEDIUM
35.1,58.7,0.0,53.8,clay,vegetative,LOW
41.2,50.3,2.5,31.1,clay,seedling,MEDIUM
38.1,38.1,0.0,62.0,sandy,seedling,HIGH
29.5,88.3,0.0,69.2,clay,vegetative,LOW
23.3,85.3,3.2,70.1,clay,vegetative,LOW
30.2,44.2,0.0,68.3,loamy,vegetative,MEDIUM
34.5,27.7,25.6,83.0,clay,seedling,LOW
27.5,88.5,3.0,49.1,clay,seedling,LOW
35.7,26.8,0.0,40.6,sandy,fruiting,HIGH
29.6,44.0,0.0,65.9,loamy,vegetative,MEDIUM
23.6,70.3,4.5,51.8,loamy,seedling,LOW
30.2,76.2,0.0,20.0,sandy,flowering,MEDIUM
36.4,75.8,0.0,33.5,loamy,fruiting,HIGH
38.1,93.3,0.0,63.7,sandy,vegetative,MEDIUM
33.1,80.0,13.5,32.5,loamy,seedling,MEDIUM
41.7,91.5,0.0,41.5,loamy,seedling,MEDIUM
29.9,39.9,0.0,16.4,loamy,seedling,HIGH
24.2,48.7,0.0,35.1,clay,vegetative,MEDIUM
26.5,47.5,4.7,46.1,loamy,flowering,MEDIUM
25.2,48.5,0.9,59.4,clay,flowering,LOW
35.2,37.0,0.0,29.3,clay,seedling,HIGH
30.9,28.3,0.0,53.5,sandy,flowering,HIGH
34.6,72.4,0.0,37.2,loamy,seedling,HIGH
31.2,47.0,36.0,91.4,loamy,flowering,LOW
39.0,94.7,2.0,61.8,loamy,flowering,MEDIUM
23.0,84.4,7.2,27.8,clay,fruiting,LOW
20.7,86.8,0.0,38.7,sandy,fruiting,MEDIUM
32.6,59.5,0.0,69.0,loamy,fruiting,MEDIUM
19.8,29.7,0.0,54.4,sandy,seedling,HIGH
26.8,29.9,6.2,32.8,loamy,flowering,MEDIUM
36.9,46.5,0.0,47.3,sandy,seedling,HIGH
22.6,47.2,1.1,53.1,clay,fruiting,MEDIUM
35.4,73.6,0.0,28.5,clay,seedling,MEDIUM
39.9,62.4,22.8,53.4,loamy,fruiting,LOW
30.4,84.6,0.0,58.9,clay,seedling,LOW
37.8,81.5,24.9,62.5,sandy,vegetative,LOW
35.0,91.6,31.7,86.5,loamy,fruiting,LOW
28.1,31.8,0.0,48.1,clay,seedling,MEDIUM
38.1,63.4,0.0,33.7,clay,vegetative,MEDIUM
27.5,51.1,10.0,75.7,sandy,flowering,LOW
30.0,40.5,0.0,46.6,sandy,flowering,HIGH
19.2,27.5,0.0,6.4,sandy,fruiting,HIGH
21.3,65.6,0.0,67.9,sandy,vegetative,LOW
29.2,38.7,0.0,58.4,loamy,fruiting,MEDIUM
22.3,62.5,0.0,51.0,loamy,flowering,MEDIUM
37.6,63.9,0.0,72.1,clay,fruiting,MEDIUM
30.0,82.6,0.0,56.3,loamy,fruiting,MEDIUM
33.0,91.4,0.0,15.1,clay,fruiting,MEDIUM
42.0,43.7,0.0,44.0,loamy,flowering,HIGH
29.6,35.2,20.6,55.8,sandy,fruiting,LOW
41.3,80.6,0.0,62.9,sandy,seedling,HIGH
27.6,69.8,0.0,91.8,loamy,fruiting,LOW
34.9,53.8,6.3,52.5,loamy,vegetative,MEDIUM
25.5,36.4,19.9,91.1,clay,vegetative,LOW
23.9,61.7,30.4,88.8,sandy,seedling,LOW
25.9,86.4,0.0,54.3,clay,seedling,LOW
27.3,62.2,0.0,62.3,sandy,fruiting,MEDIUM
40.9,46.0,0.0,39.5,clay,seedling,HIGH
40.9,57.1,2.9,67.2,sandy,fruiting,MEDIUM
40.8,25.7,13.7,56.4,clay,flowering,LOW
35.2,92.5,0.0,75.6,sandy,flowering,MEDIUM
25.3,31.5,12.7,33.3,clay,seedling,LOW
27.8,51.3,0.0,22.4,sandy,fruiting,HIGH
28.9,44.4,3.2,46.5,loamy,vegetative,MEDIUM
22.0,44.8,11.5,52.8,loamy,fruiting,LOW
34.9,39.2,8.2,81.4,loamy,flowering,LOW
33.5,71.9,4.5,34.2,clay,flowering,MEDIUM
18.4,29.2,0.0,59.5,clay,seedling,MEDIUM
38.9,52.3,28.4,56.6,sandy,fruiting,LOW
41.3,92.6,2.2,31.1,sandy,fruiting,HIGH
36.7,51.4,0.5,51.3,loamy,flowering,MEDIUM
24.4,52.5,0.0,64.0,loamy,fruiting,MEDIUM
19.8,83.1,0.0,55.4,loamy,seedling,MEDIUM
18.8,57.3,8.4,44.8,sandy,vegetative,LOW
28.1,46.3,6.1,60.3,clay,flowering,LOW
24.9,86.8,0.0,83.0,clay,vegetative,LOW
26.9,91.6,0.0,52.6,loamy,fruiting,MEDIUM
27.1,38.3,14.3,41.0,sandy,flowering,LOW
38.4,92.9,8.0,35.1,clay,fruiting,MEDIUM
25.9,86.1,14.5,48.6,loamy,seedling,LOW
32.6,26.8,0.0,25.1,clay,fruiting,HIGH
40.7,72.3,0.0,24.3,clay,fruiting,HIGH
33.8,37.4,0.0,49.5,loamy,vegetative,MEDIUM
25.1,37.4,0.0,5.0,clay,seedling,MEDIUM
27.8,50.6,11.0,70.8,loamy,flowering,LOW
25.2,77.7,0.0,55.6,loamy,fruiting,MEDIUM
30.5,38.1,1.9,48.3,clay,flowering,MEDIUM
36.8,47.2,0.0,66.4,loamy,flowering,MEDIUM
29.8,80.7,0.0,76.5,sandy,seedling,LOW
39.5,37.5,2.8,47.7,clay,seedling,MEDIUM
39.6,92.9,0.0,55.1,sandy,flowering,HIGH
22.9,90.4,0.0,56.1,loamy,seedling,LOW
29.6,58.7,13.0,48.1,clay,flowering,LOW
18.1,88.8,0.0,50.5,loamy,seedling,MEDIUM
20.3,92.5,0.0,43.8,loamy,flowering,LOW
22.1,65.4,0.0,33.3,loamy,fruiting,MEDIUM
23.4,88.1,29.3,54.1,loamy,seedling,LOW
40.6,57.3,7.7,39.5,clay,vegetative,MEDIUM
28.7,37.7,17.5,59.6,sandy,vegetative,LOW
21.9,73.2,34.3,66.7,clay,flowering,LOW
20.1,76.2,9.5,82.8,clay,seedling,LOW
26.6,94.9,0.0,14.3,clay,seedling,MEDIUM
32.0,64.1,6.2,40.6,loamy,seedling,MEDIUM
29.9,85.4,6.0,48.0,loamy,vegetative,MEDIUM
36.2,58.5,0.0,45.3,sandy,flowering,HIGH
33.6,35.7,5.9,36.6,sandy,fruiting,HIGH
41.9,71.4,11.7,8.4,clay,fruiting,MEDIUM
34.4,66.3,0.0,53.0,clay,fruiting,MEDIUM
20.8,42.2,0.6,46.6,loamy,seedling,MEDIUM
31.5,74.4,0.0,48.5,clay,fruiting,MEDIUM
35.1,46.6,0.0,38.0,clay,seedling,MEDIUM
18.6,79.8,0.0,57.6,loamy,fruiting,MEDIUM
33.0,54.1,4.1,30.4,clay,fruiting,MEDIUM
19.6,80.1,0.0,59.2,loamy,seedling,MEDIUM
38.2,60.8,0.0,16.8,loamy,seedling,HIGH
18.9,66.2,0.0,32.2,clay,vegetative,MEDIUM
19.4,61.3,4.2,46.8,loamy,fruiting,LOW
30.9,91.7,9.9,56.5,clay,flowering,LOW
38.3,94.2,0.0,68.7,sandy,flowering,MEDIUM
37.7,54.2,3.7,54.5,loamy,fruiting,HIGH
22.4,33.7,2.7,42.4,sandy,fruiting,MEDIUM
19.4,32.9,0.0,52.7,clay,seedling,MEDIUM
33.7,37.3,0.0,7.5,clay,vegetative,MEDIUM
37.6,32.6,9.3,45.1,loamy,flowering,MEDIUM
32.8,37.2,0.0,38.0,sandy,flowering,HIGH
31.4,26.9,8.4,70.0,clay,fruiting,LOW
38.0,41.9,5.0,57.2,sandy,seedling,MEDIUM
38.5,92.1,0.0,81.2,clay,seedling,LOW
29.0,64.7,0.0,62.7,clay,flowering,LOW
26.1,82.1,0.0,28.9,loamy,seedling,HIGH
38.9,61.1,1.8,24.4,clay,fruiting,MEDIUM
34.1,52.4,2.6,33.1,loamy,vegetative,MEDIUM
28.9,66.8,0.0,64.0,loamy,seedling,MEDIUM
40.1,53.9,7.0,43.5,clay,flowering,MEDIUM
19.4,31.3,0.0,66.7,clay,flowering,LOW
20.2,73.6,4.7,54.8,loamy,flowering,MEDIUM
30.7,41.2,0.0,35.2,sandy,fruiting,HIGH
22.9,39.0,1.0,44.9,loamy,flowering,MEDIUM
19.3,92.1,1.3,38.6,clay,fruiting,LOW
18.7,67.9,12.3,48.3,clay,vegetative,LOW
26.3,69.7,2.7,45.8,sandy,vegetative,MEDIUM
37.9,67.8,3.2,56.0,clay,fruiting,MEDIUM
20.7,50.5,1.3,54.7,sandy,fruiting,MEDIUM
35.6,61.3,0.0,11.0,loamy,fruiting,HIGH
22.3,40.6,1.8,63.6,clay,seedling,MEDIUM
34.5,93.7,12.1,51.5,clay,vegetative,LOW
29.9,42.9,0.0,71.7,loamy,fruiting,MEDIUM
32.5,30.5,11.0,69.9,sandy,vegetative,LOW
38.4,92.1,0.0,46.5,sandy,flowering,HIGH
24.8,48.9,0.0,35.3,loamy,fruiting,HIGH
30.2,78.7,0.0,35.0,loamy,seedling,MEDIUM
26.9,85.9,0.0,35.2,clay,vegetative,LOW
29.9,65.8,0.0,43.8,loamy,flowering,MEDIUM
23.8,61.2,0.0,42.4,loamy,vegetative,MEDIUM
34.5,58.4,0.0,35.7,loamy,vegetative,HIGH
37.7,80.3,0.0,72.8,loamy,vegetative,MEDIUM
23.2,32.9,3.4,78.8,sandy,vegetative,LOW
41.4,63.1,0.0,64.8,sandy,seedling,HIGH
30.8,53.6,23.7,81.7,sandy,flowering,LOW
37.4,70.7,0.0,22.7,loamy,fruiting,HIGH
24.7,45.1,0.0,70.6,clay,fruiting,LOW
40.0,41.6,7.2,68.1,loamy,seedling,MEDIUM
32.0,43.0,5.1,47.3,sandy,vegetative,MEDIUM
29.4,82.1,0.0,40.6,loamy,vegetative,MEDIUM
35.5,41.9,0.0,46.4,sandy,flowering,HIGH
18.2,89.6,0.8,60.2,loamy,vegetative,MEDIUM
19.7,41.7,0.0,53.0,clay,seedling,MEDIUM
24.7,28.9,0.0,43.3,clay,fruiting,MEDIUM
38.8,46.8,0.0,36.2,sandy,seedling,HIGH
33.9,50.6,3.7,27.1,sandy,flowering,HIGH
27.4,33.4,12.6,47.7,clay,flowering,MEDIUM
18.4,51.8,26.5,78.1,sandy,fruiting,LOW
30.8,28.1,0.0,36.3,loamy,seedling,HIGH
30.5,39.5,3.6,58.1,loamy,vegetative,MEDIUM
26.5,48.7,0.0,54.3,sandy,seedling,MEDIUM
24.8,94.2,0.0,32.7,clay,seedling,LOW
19.7,93.1,0.0,49.5,clay,flowering,LOW
29.0,66.0,8.8,32.5,loamy,seedling,MEDIUM
36.3,90.4,0.0,46.6,sandy,seedling,HIGH
41.2,73.8,0.0,37.3,loamy,flowering,HIGH
38.7,61.9,28.3,86.2,clay,fruiting,LOW
22.1,33.5,0.0,55.1,clay,vegetative,LOW
24.9,82.3,0.0,38.9,loamy,vegetative,MEDIUM
23.2,57.2,0.0,51.0,sandy,seedling,MEDIUM
30.4,73.3,0.0,73.0,sandy,vegetative,MEDIUM
30.5,73.3,0.0,36.1,loamy,fruiting,MEDIUM
29.5,66.9,0.0,25.6,loamy,flowering,HIGH
23.5,51.6,11.7,70.2,clay,seedling,LOW
20.4,63.4,7.2,51.9,loamy,flowering,LOW
40.4,60.3,0.0,55.1,clay,seedling,MEDIUM
19.4,47.6,13.3,41.8,loamy,fruiting,LOW
19.6,65.1,0.0,39.5,loamy,vegetative,MEDIUM
21.6,57.3,0.0,34.6,loamy,vegetative,MEDIUM
31.7,53.8,0.9,5.0,loamy,fruiting,HIGH
19.6,69.7,2.4,65.5,clay,flowering,LOW
31.8,78.0,0.0,36.7,loamy,seedling,HIGH
29.1,38.6,4.6,77.3,clay,seedling,LOW
26.3,81.5,0.0,52.8,clay,seedling,MEDIUM
38.9,72.9,1.4,22.8,clay,vegetative,MEDIUM
41.5,88.1,4.5,49.8,loamy,fruiting,MEDIUM
40.3,63.7,2.5,69.0,loamy,flowering,MEDIUM
35.3,68.7,8.0,57.0,clay,seedling,LOW
32.0,57.3,0.0,29.2,clay,vegetative,MEDIUM
19.9,38.9,0.0,51.7,loamy,fruiting,MEDIUM
32.7,85.6,0.0,45.5,sandy,fruiting,HIGH
19.0,34.6,0.0,36.5,loamy,flowering,HIGH
24.1,66.3,8.7,59.7,sandy,vegetative,LOW
26.4,74.2,0.0,64.4,loamy,vegetative,MEDIUM
39.5,61.4,0.0,27.9,sandy,fruiting,HIGH
26.1,91.0,0.0,55.3,clay,flowering,LOW
39.1,57.6,0.0,56.0,clay,fruiting,MEDIUM
19.4,93.1,0.5,60.0,sandy,flowering,LOW
39.2,34.8,0.0,22.3,sandy,fruiting,HIGH
34.0,85.3,0.0,21.2,loamy,fruiting,MEDIUM
40.3,77.0,23.0,79.6,loamy,fruiting,LOW
29.5,39.9,0.0,65.9,sandy,vegetative,MEDIUM
30.2,74.3,0.0,49.6,clay,flowering,MEDIUM
26.8,31.5,0.0,46.4,clay,seedling,MEDIUM
39.2,38.2,0.0,56.4,loamy,fruiting,HIGH
32.2,86.0,0.0,74.1,clay,flowering,LOW
36.8,82.6,0.6,66.8,loamy,seedling,MEDIUM
40.4,41.1,3.1,56.7,sandy,vegetative,HIGH
36.4,55.2,29.5,86.6,clay,fruiting,LOW
25.9,42.6,10.8,79.8,clay,vegetative,LOW
28.5,29.1,4.5,65.3,sandy,fruiting,MEDIUM
22.4,44.6,0.0,54.6,sandy,flowering,MEDIUM
28.2,33.8,0.0,57.5,loamy,seedling,MEDIUM
25.6,70.1,6.1,93.1,sandy,vegetative,LOW
32.6,54.1,0.0,38.7,sandy,vegetative,HIGH
33.2,39.9,0.0,56.8,clay,fruiting,MEDIUM
21.3,75.4,3.6,34.9,loamy,fruiting,MEDIUM
27.4,27.2,4.6,55.6,loamy,vegetative,MEDIUM
35.4,46.2,0.0,43.5,loamy,vegetative,MEDIUM
36.6,77.4,0.0,5.0,clay,flowering,HIGH
33.9,54.9,4.8,36.8,loamy,vegetative,MEDIUM
26.8,37.1,0.0,30.2,sandy,fruiting,HIGH
21.1,70.3,0.0,50.8,loamy,vegetative,LOW
32.9,53.2,0.0,43.7,loamy,fruiting,MEDIUM
18.5,90.3,0.0,41.8,clay,vegetative,LOW
32.8,93.0,10.3,30.9,sandy,seedling,MEDIUM
28.8,94.6,0.0,50.6,clay,vegetative,LOW
40.1,90.2,0.0,43.9,sandy,fruiting,HIGH
38.9,81.1,0.0,72.6,sandy,flowering,MEDIUM
35.6,79.1,0.0,47.1,clay,vegetative,MEDIUM
25.0,55.7,0.0,45.7,sandy,fruiting,HIGH
25.8,64.5,0.0,76.4,clay,fruiting,LOW
31.5,41.7,0.0,52.3,clay,flowering,MEDIUM
30.5,25.9,0.0,32.6,sandy,seedling,HIGH
21.8,58.7,0.0,41.8,loamy,vegetative,LOW
21.0,78.4,24.3,79.2,clay,seedling,LOW
33.5,31.0,0.0,46.6,sandy,fruiting,HIGH
34.4,74.2,0.0,69.8,loamy,fruiting,MEDIUM
23.1,81.7,1.5,73.9,sandy,vegetative,LOW
28.5,37.0,12.1,20.1,clay,vegetative,LOW
26.4,34.2,0.0,39.2,sandy,flowering,HIGH
25.1,55.0,0.0,42.1,loamy,fruiting,MEDIUM
24.2,65.8,0.0,67.8,loamy,vegetative,LOW
22.7,89.3,0.0,69.9,loamy,vegetative,LOW
21.4,28.8,2.3,59.7,clay,vegetative,LOW
40.0,77.4,27.5,76.6,loamy,vegetative,LOW
18.7,86.0,0.0,54.5,loamy,vegetative,LOW
40.1,56.2,0.0,51.8,loamy,vegetative,MEDIUM
30.8,69.3,0.0,62.6,sandy,flowering,MEDIUM
22.6,52.2,29.6,95.0,loamy,vegetative,LOW
19.0,34.7,0.0,89.4,clay,fruiting,LOW
34.4,73.1,0.0,59.3,sandy,flowering,MEDIUM
29.7,29.5,0.0,65.4,clay,fruiting,MEDIUM
20.6,72.8,2.3,42.7,sandy,seedling,MEDIUM
37.8,85.3,0.0,45.8,loamy,vegetative,MEDIUM
31.3,90.3,3.5,30.1,loamy,fruiting,MEDIUM
32.7,81.7,21.5,56.5,clay,vegetative,LOW
37.8,36.3,6.8,19.6,clay,fruiting,MEDIUM
38.4,81.2,1.0,28.6,clay,fruiting,MEDIUM
25.6,84.1,7.8,28.7,clay,flowering,LOW
26.3,54.1,17.0,69.0,sandy,seedling,LOW
23.3,28.5,27.6,90.1,clay,seedling,LOW
34.7,37.7,21.9,56.3,sandy,flowering,LOW
31.9,77.4,0.0,60.7,sandy,fruiting,MEDIUM
27.0,94.5,0.0,52.2,loamy,seedling,MEDIUM
31.5,80.7,34.2,85.3,sandy,flowering,LOW
22.1,38.9,0.0,57.9,clay,fruiting,LOW
39.1,54.3,0.0,71.3,loamy,fruiting,MEDIUM
24.8,84.2,4.9,44.4,clay,flowering,LOW
27.5,89.2,0.0,45.5,sandy,seedling,MEDIUM
38.1,47.0,15.2,46.6,clay,vegetative,LOW
21.1,59.3,0.0,61.7,loamy,vegetative,MEDIUM
34.8,58.1,4.6,23.1,clay,fruiting,MEDIUM
25.6,31.5,2.4,46.1,loamy,fruiting,MEDIUM
23.3,87.5,3.6,87.3,sandy,seedling,LOW
31.6,80.9,0.0,34.0,loamy,fruiting,HIGH
24.8,90.4,0.0,28.9,sandy,flowering,MEDIUM
19.7,50.9,0.0,64.4,sandy,flowering,MEDIUM
20.1,38.9,0.0,10.9,sandy,vegetative,HIGH
41.9,50.0,0.0,37.3,loamy,flowering,HIGH
37.4,28.5,0.0,31.6,clay,flowering,HIGH
34.3,69.0,0.0,38.3,loamy,flowering,MEDIUM
30.4,68.2,0.0,48.6,loamy,flowering,MEDIUM
27.0,38.5,0.0,58.5,clay,flowering,MEDIUM
41.5,87.2,0.0,58.8,loamy,vegetative,MEDIUM
23.6,58.6,0.0,49.7,loamy,fruiting,MEDIUM
30.8,40.3,0.0,61.6,sandy,fruiting,HIGH
19.0,28.0,0.0,58.5,sandy,vegetative,MEDIUM
26.2,71.8,14.0,53.7,sandy,seedling,LOW
22.6,74.2,3.6,39.9,sandy,vegetative,MEDIUM
28.3,35.6,2.4,69.3,sandy,fruiting,MEDIUM
26.8,91.1,11.0,21.9,loamy,vegetative,LOW
28.3,47.7,0.0,68.2,clay,fruiting,LOW
39.6,61.0,0.0,48.9,loamy,seedling,HIGH
36.0,84.0,1.0,45.3,loamy,seedling,HIGH
25.5,64.9,0.0,70.2,loamy,flowering,LOW
20.1,61.2,35.8,85.3,clay,fruiting,LOW
22.4,46.2,0.0,49.1,loamy,fruiting,MEDIUM
21.8,73.6,16.6,58.3,sandy,vegetative,LOW
20.0,30.4,3.1,61.3,sandy,flowering,MEDIUM
40.8,50.4,0.0,30.4,sandy,vegetative,HIGH
24.8,94.9,0.0,69.6,loamy,vegetative,LOW
25.5,41.4,0.0,27.5,sandy,flowering,HIGH
33.7,45.3,0.0,72.4,clay,vegetative,MEDIUM
22.0,68.1,4.9,46.2,clay,seedling,LOW
21.5,59.5,0.8,5.0,clay,vegetative,MEDIUM
22.7,50.3,1.3,67.4,loamy,seedling,LOW
31.0,54.6,3.5,68.1,sandy,fruiting,MEDIUM
37.9,62.2,0.0,66.0,clay,seedling,MEDIUM
34.2,72.5,0.0,35.8,loamy,seedling,HIGH
22.6,64.1,0.0,69.2,loamy,seedling,MEDIUM
24.2,27.4,0.0,54.8,loamy,flowering,MEDIUM
34.3,93.9,0.0,27.9,clay,seedling,MEDIUM
25.6,72.0,2.0,57.7,loamy,vegetative,LOW
18.6,80.4,0.0,75.1,sandy,seedling,MEDIUM
24.6,73.6,0.0,44.5,loamy,fruiting,MEDIUM
23.1,29.3,0.0,68.0,loamy,flowering,MEDIUM
22.7,63.4,0.0,60.0,clay,seedling,MEDIUM
34.9,29.7,0.7,47.7,loamy,seedling,HIGH
25.3,72.4,0.0,58.7,clay,fruiting,LOW
39.0,46.7,0.0,65.1,loamy,vegetative,MEDIUM
29.8,73.1,0.0,16.3,sandy,seedling,HIGH
41.7,28.9,8.0,58.9,clay,flowering,MEDIUM
28.2,84.8,0.0,32.2,loamy,seedling,MEDIUM
22.5,48.5,32.8,64.0,clay,seedling,LOW
21.9,52.5,0.0,58.0,clay,fruiting,MEDIUM
41.0,88.3,0.0,20.3,sandy,fruiting,HIGH
21.0,28.3,0.0,32.3,loamy,vegetative,MEDIUM
30.1,72.8,2.8,29.0,sandy,fruiting,MEDIUM
35.0,90.1,0.0,57.8,sandy,seedling,HIGH
30.8,62.6,13.2,46.8,sandy,vegetative,LOW
35.2,38.1,0.0,44.3,loamy,fruiting,HIGH
38.7,84.0,0.0,22.9,loamy,vegetative,MEDIUM
35.8,35.8,13.8,49.3,sandy,flowering,MEDIUM
24.8,25.7,0.0,41.1,loamy,fruiting,MEDIUM
34.9,76.0,9.9,15.7,clay,flowering,MEDIUM
18.1,74.8,29.9,57.8,clay,vegetative,LOW
37.1,80.0,0.0,56.6,loamy,seedling,MEDIUM
30.2,80.2,0.0,68.9,loamy,vegetative,LOW
40.0,37.4,0.0,38.8,loamy,fruiting,HIGH
31.6,87.0,0.0,46.2,loamy,fruiting,MEDIUM
26.6,43.7,0.0,41.2,loamy,fruiting,HIGH
29.7,66.5,13.5,60.5,sandy,fruiting,LOW
22.5,82.3,0.0,43.1,loamy,vegetative,MEDIUM
40.7,45.8,1.4,52.5,loamy,fruiting,MEDIUM
32.8,54.2,0.0,23.2,sandy,seedling,HIGH
20.3,91.3,0.0,42.2,clay,flowering,LOW
28.1,68.7,5.0,50.3,loamy,vegetative,LOW
34.0,36.8,0.0,68.1,clay,vegetative,MEDIUM
20.5,54.5,0.0,47.0,loamy,seedling,MEDIUM
24.1,59.2,0.0,58.9,loamy,fruiting,MEDIUM
22.0,58.8,0.0,52.2,loamy,seedling,MEDIUM
36.1,48.1,26.8,73.5,loamy,flowering,LOW
33.7,86.1,18.3,74.6,sandy,vegetative,LOW
25.1,33.8,0.0,46.9,clay,flowering,MEDIUM
34.6,76.5,0.0,60.5,sandy,fruiting,HIGH
23.8,30.2,4.1,33.9,loamy,seedling,MEDIUM
37.1,56.8,0.0,51.4,clay,seedling,MEDIUM
27.7,59.4,0.0,48.6,sandy,seedling,MEDIUM
22.2,52.5,0.0,30.8,clay,fruiting,MEDIUM
38.1,89.0,0.0,22.2,loamy,seedling,HIGH
27.5,51.1,0.0,5.0,loamy,flowering,HIGH
19.4,34.4,0.0,49.3,loamy,flowering,MEDIUM
41.7,69.4,0.0,58.3,clay,seedling,MEDIUM
24.4,29.8,0.0,35.2,clay,seedling,MEDIUM
25.0,71.0,4.2,68.6,sandy,fruiting,LOW
30.2,70.4,0.0,38.7,sandy,vegetative,HIGH
22.5,72.3,0.0,51.3,loamy,seedling,MEDIUM
34.2,59.1,0.0,62.8,sandy,fruiting,HIGH
28.7,49.0,0.0,30.9,clay,flowering,MEDIUM
28.6,68.8,13.7,61.5,loamy,fruiting,LOW
35.9,40.9,0.0,5.0,clay,fruiting,HIGH
34.6,25.2,11.1,18.0,clay,flowering,MEDIUM
20.5,48.6,0.0,40.2,loamy,vegetative,MEDIUM
38.4,86.4,0.0,42.9,sandy,vegetative,MEDIUM
21.6,25.9,0.0,43.9,sandy,flowering,HIGH
25.9,40.3,5.7,67.5,clay,seedling,LOW
20.5,56.9,12.2,59.4,loamy,seedling,LOW
18.7,27.8,0.0,75.3,sandy,fruiting,MEDIUM
21.4,36.0,10.7,38.4,sandy,seedling,MEDIUM
28.1,47.6,8.9,75.2,sandy,fruiting,LOW
26.3,55.5,0.0,49.5,loamy,fruiting,MEDIUM
29.8,81.9,1.1,49.4,clay,fruiting,LOW
31.4,83.9,0.0,52.4,loamy,flowering,MEDIUM
39.0,30.2,3.0,60.4,clay,fruiting,MEDIUM
38.6,30.7,0.0,50.6,loamy,seedling,HIGH
34.6,80.4,1.8,48.3,sandy,vegetative,MEDIUM
34.5,40.3,3.4,39.6,sandy,vegetative,MEDIUM
39.1,72.2,0.0,40.4,sandy,seedling,HIGH
27.8,58.4,39.1,95.0,clay,vegetative,LOW
33.7,33.2,0.0,34.1,sandy,vegetative,HIGH
23.2,65.0,36.2,53.3,loamy,vegetative,LOW
38.2,26.7,0.0,36.6,clay,vegetative,MEDIUM
33.2,69.4,0.0,43.6,loamy,vegetative,MEDIUM
20.2,87.6,11.2,27.6,sandy,flowering,MEDIUM
41.6,29.6,3.1,28.8,loamy,vegetative,HIGH
25.9,50.9,3.9,66.5,loamy,fruiting,MEDIUM
29.4,48.5,0.0,55.3,sandy,seedling,HIGH
33.1,90.4,0.0,69.9,sandy,vegetative,MEDIUM
20.8,33.2,0.0,55.3,clay,fruiting,LOW
34.5,74.2,37.0,90.8,loamy,fruiting,LOW
36.3,48.8,0.0,79.6,sandy,fruiting,MEDIUM
40.2,66.5,0.0,35.2,clay,vegetative,MEDIUM
29.2,55.3,0.0,58.3,sandy,flowering,MEDIUM
29.8,32.6,0.0,47.5,clay,fruiting,MEDIUM
41.8,89.3,3.6,45.4,sandy,flowering,HIGH
41.3,85.3,0.0,28.2,sandy,seedling,HIGH
39.0,31.9,0.0,63.7,clay,fruiting,MEDIUM
24.4,83.9,0.0,25.5,loamy,fruiting,MEDIUM
21.6,52.3,12.3,60.4,clay,flowering,LOW
29.7,50.4,0.0,25.7,sandy,fruiting,HIGH
36.7,44.2,0.0,35.5,loamy,fruiting,HIGH
25.5,81.0,4.3,66.8,clay,fruiting,LOW
19.5,72.6,0.0,66.1,sandy,seedling,MEDIUM
38.2,51.4,0.6,55.0,clay,seedling,MEDIUM
30.6,36.5,3.3,48.8,loamy,flowering,MEDIUM
34.9,31.1,27.6,33.3,clay,seedling,LOW
18.2,34.3,9.9,66.0,loamy,fruiting,LOW
31.6,61.9,0.0,83.9,loamy,seedling,MEDIUM
19.6,79.7,11.6,81.2,loamy,flowering,LOW
24.2,71.2,0.0,51.6,loamy,fruiting,MEDIUM
25.6,76.5,0.0,67.5,sandy,vegetative,LOW
23.3,86.4,0.0,95.0,loamy,vegetative,LOW
20.9,41.4,0.0,49.0,loamy,flowering,MEDIUM
32.1,25.2,0.0,54.7,loamy,vegetative,MEDIUM
27.0,68.6,0.0,10.0,clay,vegetative,MEDIUM
25.1,94.6,0.0,43.1,clay,flowering,MEDIUM
23.4,42.3,18.7,69.7,clay,fruiting,LOW
39.4,90.5,0.0,35.5,sandy,flowering,HIGH
28.7,90.5,0.0,32.1,clay,fruiting,MEDIUM
27.8,81.4,3.3,54.8,loamy,flowering,LOW
28.4,64.0,0.0,59.7,loamy,vegetative,MEDIUM
40.7,90.4,0.0,22.1,clay,vegetative,MEDIUM
23.4,69.7,6.7,49.9,loamy,seedling,LOW
19.4,32.5,36.8,89.9,clay,fruiting,LOW
32.1,78.9,0.0,13.8,sandy,vegetative,HIGH
39.8,67.8,0.0,25.7,sandy,vegetative,HIGH
41.4,71.9,0.0,32.4,clay,fruiting,MEDIUM
29.0,32.0,3.3,23.4,sandy,fruiting,HIGH
38.1,63.6,0.0,28.3,loamy,flowering,HIGH
26.5,81.1,1.6,62.1,sandy,vegetative,LOW
27.4,74.5,8.0,72.8,clay,seedling,LOW
35.2,55.2,0.0,18.3,sandy,flowering,HIGH
35.6,68.3,0.9,43.2,loamy,flowering,HIGH
20.8,45.5,0.0,53.3,clay,vegetative,LOW
42.0,91.7,12.5,48.5,sandy,seedling,MEDIUM
28.0,57.2,0.0,35.0,sandy,flowering,HIGH
35.2,37.6,0.0,32.0,loamy,seedling,HIGH
22.7,78.8,0.0,85.0,clay,vegetative,LOW
41.2,88.3,0.0,25.9,sandy,vegetative,HIGH
38.1,91.0,0.0,40.0,loamy,flowering,HIGH
22.0,78.4,1.5,85.2,loamy,flowering,LOW
20.8,58.3,0.0,13.1,sandy,flowering,HIGH
37.4,28.9,1.4,53.8,sandy,seedling,HIGH
28.6,86.5,0.0,44.1,clay,seedling,LOW
40.7,88.6,0.0,55.6,loamy,fruiting,HIGH
25.0,79.5,9.9,36.8,sandy,seedling,MEDIUM
32.7,53.4,3.4,35.1,clay,seedling,MEDIUM
19.6,46.4,0.0,67.8,clay,seedling,MEDIUM
21.0,70.6,4.8,43.3,clay,seedling,LOW
36.0,58.5,0.0,40.6,sandy,seedling,HIGH
38.8,33.7,0.0,31.1,sandy,flowering,HIGH
29.1,75.3,0.0,35.8,sandy,flowering,HIGH
34.3,62.9,7.8,61.4,clay,fruiting,MEDIUM
33.1,31.6,12.7,64.6,clay,fruiting,LOW
41.1,46.7,12.3,53.2,clay,seedling,LOW
27.1,39.2,0.0,61.8,sandy,flowering,MEDIUM
35.2,69.8,0.0,93.7,loamy,vegetative,LOW
37.9,77.0,10.1,44.6,sandy,vegetative,LOW
32.9,89.1,0.0,57.2,loamy,fruiting,MEDIUM
39.3,69.6,0.0,63.1,sandy,vegetative,MEDIUM
35.7,65.4,1.2,21.1,loamy,flowering,HIGH
23.1,34.2,0.0,82.3,loamy,vegetative,LOW
37.6,88.9,0.0,39.1,sandy,flowering,HIGH
36.2,54.8,0.0,44.3,loamy,fruiting,MEDIUM
36.5,69.5,4.3,16.5,loamy,vegetative,MEDIUM
40.3,72.9,0.0,51.6,sandy,fruiting,HIGH
18.4,55.6,6.6,34.6,sandy,vegetative,MEDIUM
37.4,71.1,8.8,95.0,loamy,fruiting,LOW
39.2,26.1,0.8,20.2,loamy,fruiting,HIGH
21.6,35.2,0.0,34.8,clay,flowering,MEDIUM
42.0,77.9,0.0,44.7,sandy,fruiting,HIGH
19.7,30.2,0.0,53.5,sandy,seedling,MEDIUM
38.4,91.8,0.0,44.3,clay,seedling,MEDIUM
18.9,76.7,0.0,41.4,sandy,flowering,MEDIUM
21.2,79.2,2.8,54.8,loamy,fruiting,LOW
22.3,27.1,0.0,39.7,sandy,fruiting,HIGH
32.6,94.0,5.6,67.5,sandy,fruiting,LOW
21.0,34.4,1.0,95.0,sandy,vegetative,LOW
22.7,69.5,0.0,67.1,clay,seedling,LOW
24.2,58.0,0.0,68.1,clay,flowering,LOW
38.4,34.4,0.0,56.7,loamy,fruiting,HIGH
28.6,83.6,0.0,49.8,clay,flowering,LOW
33.6,76.7,8.9,5.0,clay,flowering,MEDIUM
41.9,51.9,0.0,38.8,loamy,seedling,HIGH
18.1,59.9,12.8,43.0,loamy,vegetative,LOW
22.5,81.0,14.2,57.3,clay,fruiting,LOW
29.5,52.7,0.0,42.0,loamy,vegetative,MEDIUM
28.8,67.1,0.0,25.4,clay,fruiting,MEDIUM
37.8,68.1,3.4,20.6,clay,flowering,MEDIUM
19.7,36.6,0.0,59.4,clay,fruiting,MEDIUM
20.2,66.6,14.5,40.3,sandy,flowering,LOW
35.5,93.5,2.9,58.1,sandy,seedling,MEDIUM
32.1,67.9,0.0,23.0,clay,flowering,MEDIUM
26.3,59.3,0.0,23.3,loamy,vegetative,MEDIUM
35.3,54.5,0.0,33.1,clay,flowering,MEDIUM
24.3,90.1,0.0,76.5,sandy,seedling,LOW
24.6,85.9,0.0,56.1,clay,flowering,LOW
19.8,58.9,0.0,55.4,clay,flowering,LOW
23.1,30.4,5.0,56.4,clay,vegetative,LOW
32.1,71.4,13.2,82.7,sandy,seedling,LOW
27.8,55.5,4.3,61.6,clay,flowering,LOW
28.8,43.3,0.0,35.3,sandy,flowering,HIGH
34.1,47.4,0.0,56.0,clay,fruiting,MEDIUM
27.9,53.4,0.0,19.2,clay,seedling,MEDIUM
31.1,65.9,0.0,70.0,clay,seedling,MEDIUM
24.0,27.7,16.9,73.0,loamy,flowering,LOW
33.6,87.3,0.0,42.8,clay,flowering,MEDIUM
40.9,45.6,0.0,51.9,sandy,seedling,HIGH
37.5,80.2,0.0,38.5,clay,seedling,MEDIUM
21.8,52.4,1.8,66.5,loamy,flowering,LOW
20.2,73.1,0.0,40.3,clay,seedling,LOW
30.0,83.6,0.0,27.6,loamy,flowering,MEDIUM
39.7,25.1,0.0,40.3,sandy,vegetative,HIGH
37.0,83.7,0.0,56.6,loamy,flowering,MEDIUM
21.7,25.4,2.0,72.3,loamy,vegetative,MEDIUM
34.0,44.0,0.0,60.0,clay,fruiting,LOW
29.7,75.3,0.0,40.3,clay,vegetative,MEDIUM
24.1,63.0,0.0,61.1,sandy,flowering,MEDIUM
28.7,65.4,0.0,28.2,clay,vegetative,MEDIUM
18.3,37.2,4.1,39.1,loamy,fruiting,MEDIUM
29.2,29.5,0.0,66.4,sandy,vegetative,MEDIUM
28.1,26.2,34.2,68.8,clay,fruiting,LOW
30.9,41.5,0.0,57.6,loamy,seedling,MEDIUM
21.1,40.4,0.0,56.5,sandy,seedling,MEDIUM
25.7,45.2,0.0,27.7,loamy,vegetative,MEDIUM
31.9,74.3,0.0,85.7,loamy,vegetative,LOW
40.5,64.1,0.0,28.9,loamy,seedling,HIGH
34.5,55.1,0.0,57.4,loamy,fruiting,MEDIUM
31.0,51.8,2.3,35.4,clay,fruiting,MEDIUM
19.0,74.8,0.0,46.4,loamy,fruiting,MEDIUM
35.3,29.2,0.0,36.9,clay,fruiting,MEDIUM
39.1,66.6,0.0,60.8,loamy,fruiting,MEDIUM
19.5,70.3,0.0,31.2,clay,fruiting,MEDIUM
20.8,69.7,0.0,59.4,sandy,vegetative,LOW
23.1,33.2,13.6,70.8,clay,vegetative,LOW
27.0,84.7,0.0,32.8,loamy,fruiting,MEDIUM
23.6,25.2,0.0,46.2,sandy,seedling,HIGH
39.9,32.5,0.0,34.9,clay,vegetative,MEDIUM
30.0,67.3,0.0,69.5,loamy,fruiting,MEDIUM
40.4,93.2,0.0,52.7,sandy,vegetative,MEDIUM
33.2,40.7,3.8,43.3,clay,flowering,MEDIUM
28.0,57.8,14.9,49.2,sandy,fruiting,LOW
30.1,47.6,4.9,44.3,sandy,seedling,MEDIUM
31.0,68.8,0.0,52.4,loamy,flowering,MEDIUM
23.6,77.4,0.0,36.2,sandy,vegetative,MEDIUM
33.0,82.6,0.0,28.7,sandy,flowering,HIGH
22.8,41.4,5.5,55.5,loamy,flowering,LOW
38.1,46.9,0.0,53.2,loamy,flowering,MEDIUM
35.7,44.4,0.0,24.5,loamy,seedling,HIGH
31.7,37.1,0.0,48.7,sandy,vegetative,MEDIUM
41.5,71.2,0.0,56.8,clay,fruiting,MEDIUM
22.5,56.3,5.4,91.6,sandy,flowering,LOW
36.0,48.9,30.9,23.2,loamy,vegetative,LOW
39.7,88.2,0.0,51.1,sandy,fruiting,HIGH
40.0,91.5,0.0,47.9,sandy,seedling,HIGH
28.6,50.1,2.5,44.9,clay,flowering,MEDIUM
41.2,68.6,0.0,24.4,sandy,seedling,HIGH
38.8,54.3,0.0,42.0,loamy,fruiting,HIGH
18.0,90.3,0.0,56.4,clay,flowering,LOW
39.9,60.9,0.0,38.3,clay,fruiting,MEDIUM
28.9,77.2,0.0,79.4,loamy,fruiting,LOW
35.5,54.7,2.9,40.0,loamy,vegetative,MEDIUM
30.5,92.2,0.0,25.4,sandy,fruiting,HIGH
31.9,67.2,0.0,16.1,loamy,fruiting,HIGH
36.8,74.6,0.0,49.3,sandy,flowering,HIGH
34.6,85.0,15.3,49.7,sandy,fruiting,LOW
27.5,76.1,0.0,51.2,loamy,vegetative,MEDIUM
37.3,43.7,12.5,68.4,loamy,flowering,MEDIUM
19.7,76.1,21.7,51.5,clay,seedling,LOW
41.7,77.2,0.0,22.8,clay,fruiting,HIGH
40.0,83.8,0.0,21.3,clay,flowering,MEDIUM
23.1,61.0,5.3,31.8,clay,seedling,LOW
40.9,43.6,0.0,95.0,sandy,seedling,MEDIUM
23.4,61.1,7.1,61.7,clay,flowering,LOW
21.8,64.8,0.0,40.4,clay,seedling,LOW
41.6,75.6,1.8,43.9,clay,seedling,MEDIUM
35.6,56.7,2.9,55.7,sandy,seedling,HIGH
24.7,55.2,0.0,55.8,clay,vegetative,LOW
19.4,40.9,29.0,81.5,loamy,seedling,LOW
24.8,42.2,0.0,52.4,sandy,vegetative,MEDIUM
27.3,93.7,4.5,45.5,sandy,flowering,MEDIUM
29.6,86.9,0.0,76.1,sandy,vegetative,LOW
27.2,34.5,2.8,53.6,clay,fruiting,MEDIUM
34.5,71.2,0.0,59.1,sandy,flowering,MEDIUM
39.3,89.9,1.5,58.6,loamy,seedling,MEDIUM
27.8,83.4,4.1,88.6,loamy,seedling,LOW
36.1,84.8,10.6,41.4,loamy,fruiting,LOW
23.6,91.2,0.0,66.6,sandy,fruiting,MEDIUM
31.8,32.7,13.1,68.6,sandy,flowering,LOW
25.9,71.1,21.2,76.8,loamy,flowering,LOW
41.2,33.4,0.0,63.2,sandy,seedling,HIGH
34.2,89.7,0.0,43.7,sandy,vegetative,MEDIUM
38.0,91.8,0.0,5.0,loamy,vegetative,HIGH
23.9,93.9,0.0,63.7,sandy,flowering,LOW
26.7,53.2,0.0,31.4,sandy,vegetative,HIGH
21.9,65.4,1.5,48.9,loamy,fruiting,MEDIUM
28.9,80.1,0.0,29.5,clay,vegetative,MEDIUM
25.8,87.8,0.0,48.1,sandy,flowering,MEDIUM
41.7,86.2,0.0,48.7,sandy,seedling,HIGH
22.6,54.2,0.0,21.0,clay,seedling,MEDIUM
30.1,46.1,0.0,62.5,loamy,fruiting,MEDIUM
29.8,41.7,0.0,40.2,sandy,flowering,HIGH
35.1,82.1,0.0,18.5,sandy,fruiting,HIGH
21.2,88.9,0.6,33.2,loamy,flowering,MEDIUM
41.1,26.0,3.6,61.2,loamy,seedling,MEDIUM
31.3,77.5,0.0,23.8,sandy,vegetative,HIGH
38.5,77.5,0.0,63.7,sandy,vegetative,MEDIUM
20.0,74.6,0.0,5.0,loamy,fruiting,HIGH
29.1,32.8,0.0,33.8,sandy,flowering,HIGH
35.7,82.3,2.0,63.9,sandy,flowering,MEDIUM
26.3,66.1,0.0,11.8,loamy,fruiting,HIGH
36.8,29.3,0.0,57.2,sandy,fruiting,HIGH
39.5,54.5,0.0,32.2,sandy,fruiting,HIGH
31.9,29.6,1.6,60.8,clay,vegetative,LOW
23.1,50.5,0.0,47.3,sandy,flowering,MEDIUM
22.9,33.3,0.0,61.6,clay,seedling,LOW
21.2,30.1,0.0,46.9,sandy,vegetative,MEDIUM
30.1,78.6,0.0,55.2,loamy,fruiting,MEDIUM
36.2,34.9,0.6,50.6,loamy,seedling,MEDIUM
36.2,42.9,20.6,57.8,clay,vegetative,LOW
21.3,76.0,0.0,52.8,sandy,flowering,MEDIUM
18.4,87.4,0.0,52.8,clay,vegetative,LOW
21.8,57.6,25.1,69.2,sandy,fruiting,LOW
40.8,58.3,0.0,7.3,clay,fruiting,HIGH
28.4,42.5,0.0,51.0,sandy,seedling,HIGH
41.5,54.6,1.4,53.9,loamy,flowering,MEDIUM
20.6,31.6,0.0,29.2,clay,vegetative,MEDIUM
24.3,86.8,0.0,32.9,sandy,seedling,MEDIUM
36.8,74.0,0.9,8.2,loamy,flowering,HIGH
39.3,54.6,35.4,61.1,clay,flowering,LOW
29.3,87.9,0.0,46.2,clay,fruiting,LOW
31.4,27.5,0.0,34.6,loamy,vegetative,MEDIUM
20.3,91.7,0.0,35.3,clay,flowering,MEDIUM
18.1,81.0,0.0,40.1,sandy,vegetative,MEDIUM
23.6,34.6,3.1,42.9,clay,seedling,LOW
35.9,71.2,6.2,42.7,loamy,seedling,MEDIUM
37.0,42.3,0.0,32.7,loamy,seedling,HIGH
36.3,77.1,0.0,18.1,sandy,flowering,HIGH
34.6,48.5,0.0,77.6,loamy,vegetative,LOW
36.9,81.7,0.0,31.6,clay,flowering,MEDIUM
19.7,47.0,14.0,45.1,clay,flowering,LOW
22.8,85.3,0.0,63.1,clay,flowering,LOW
24.1,49.7,0.0,13.8,clay,fruiting,MEDIUM
22.3,34.4,0.0,23.4,loamy,vegetative,MEDIUM
34.3,74.2,4.0,48.2,clay,flowering,LOW
32.7,36.3,6.9,80.6,loamy,vegetative,LOW
22.2,32.4,8.1,68.7,loamy,flowering,LOW
18.1,27.3,0.0,69.7,sandy,vegetative,MEDIUM
20.1,69.8,0.0,55.3,clay,seedling,LOW
28.6,42.1,2.3,66.2,clay,fruiting,MEDIUM
19.8,71.2,4.7,33.3,sandy,seedling,MEDIUM
21.9,79.9,4.8,57.5,clay,vegetative,LOW
39.8,36.3,0.0,36.7,loamy,fruiting,HIGH
41.5,71.7,0.0,41.3,loamy,seedling,HIGH
32.5,58.1,0.0,30.8,clay,seedling,MEDIUM
36.6,46.9,10.3,66.4,clay,seedling,LOW
18.7,34.2,35.0,95.0,clay,fruiting,LOW
40.0,87.4,0.0,25.9,clay,seedling,MEDIUM
27.8,69.4,0.0,49.6,loamy,fruiting,MEDIUM
21.8,82.9,4.9,77.1,clay,flowering,LOW
31.1,90.1,0.0,33.6,loamy,vegetative,MEDIUM
18.3,92.8,2.9,18.3,clay,seedling,MEDIUM
41.3,59.6,5.2,48.4,sandy,fruiting,HIGH
39.6,59.0,0.0,48.3,loamy,vegetative,MEDIUM
20.7,32.4,0.0,89.7,loamy,seedling,MEDIUM
36.0,93.3,3.3,28.0,sandy,seedling,HIGH
24.1,77.5,3.0,59.7,loamy,flowering,LOW
35.7,65.3,9.9,94.7,sandy,seedling,LOW
41.8,94.0,24.9,62.3,clay,flowering,LOW
30.4,42.9,0.0,29.4,clay,vegetative,MEDIUM
39.1,36.6,0.0,29.1,sandy,fruiting,HIGH
32.9,77.2,3.9,6.1,loamy,seedling,HIGH
37.1,49.1,0.0,59.2,loamy,fruiting,MEDIUM
32.3,56.3,4.1,32.5,clay,vegetative,MEDIUM
26.8,32.4,0.0,42.4,sandy,vegetative,HIGH
36.4,72.3,13.5,59.8,clay,fruiting,LOW
22.9,47.3,0.0,53.6,sandy,flowering,MEDIUM
37.8,66.7,0.0,51.6,clay,fruiting,MEDIUM
31.9,75.8,0.0,62.1,sandy,vegetative,MEDIUM
29.4,78.1,2.7,35.2,clay,vegetative,MEDIUM
25.9,40.4,0.0,51.8,sandy,vegetative,MEDIUM
26.6,56.1,0.0,38.7,clay,seedling,MEDIUM
39.9,40.2,21.5,49.3,sandy,flowering,LOW
38.6,33.2,0.9,44.6,clay,vegetative,MEDIUM
27.4,50.1,37.6,83.7,clay,flowering,LOW
33.2,36.5,0.0,73.5,sandy,seedling,HIGH
21.5,68.0,28.0,77.4,clay,flowering,LOW
39.0,65.9,0.0,72.1,clay,fruiting,LOW
35.6,26.6,0.0,33.7,sandy,fruiting,HIGH
18.4,58.8,0.0,59.8,clay,seedling,LOW
30.0,78.6,4.4,46.7,loamy,fruiting,MEDIUM
19.2,65.2,0.0,36.6,loamy,flowering,MEDIUM
23.7,70.4,0.0,36.0,sandy,fruiting,MEDIUM
26.7,80.9,0.0,42.7,loamy,flowering,MEDIUM
26.4,86.4,0.0,61.8,clay,seedling,LOW
27.8,72.9,0.0,43.0,clay,vegetative,LOW
34.0,86.4,13.9,76.1,sandy,flowering,LOW
33.9,60.6,0.0,53.3,loamy,fruiting,MEDIUM
41.8,44.5,4.6,20.0,loamy,seedling,HIGH
33.4,66.5,12.7,74.9,loamy,vegetative,LOW
38.2,89.3,0.0,64.3,loamy,seedling,MEDIUM
25.6,57.4,0.0,51.8,clay,seedling,LOW
19.1,33.9,0.0,82.6,clay,vegetative,LOW
36.9,91.6,31.8,74.0,clay,fruiting,LOW
38.6,31.0,2.2,48.9,sandy,vegetative,HIGH
33.9,32.3,0.0,14.6,sandy,vegetative,HIGH
31.4,35.3,2.3,52.3,loamy,flowering,MEDIUM
25.5,79.8,0.0,59.5,sandy,seedling,MEDIUM
36.5,80.4,13.7,65.6,sandy,fruiting,LOW
20.6,74.8,0.0,13.5,loamy,seedling,HIGH
20.8,40.2,15.1,73.1,clay,flowering,LOW
40.2,67.0,0.0,35.6,loamy,vegetative,MEDIUM
38.2,84.7,0.0,25.5,sandy,fruiting,HIGH
38.2,28.7,0.0,47.5,sandy,flowering,HIGH
39.5,55.7,14.8,42.0,sandy,flowering,MEDIUM
24.8,56.2,0.5,70.4,clay,vegetative,LOW
25.0,91.3,2.3,52.3,sandy,fruiting,MEDIUM
27.8,90.2,0.0,58.4,sandy,fruiting,MEDIUM
18.7,66.5,0.0,8.2,clay,seedling,MEDIUM
41.3,94.3,2.3,5.0,sandy,seedling,HIGH
28.8,88.1,13.1,30.2,sandy,fruiting,LOW
18.1,64.2,0.0,95.0,loamy,seedling,LOW
28.9,57.1,0.0,55.4,sandy,seedling,MEDIUM
30.7,55.1,0.0,62.0,loamy,seedling,MEDIUM
37.3,86.9,0.0,5.0,loamy,fruiting,HIGH
38.8,47.6,0.0,30.8,sandy,seedling,HIGH
40.4,91.9,0.0,40.3,clay,seedling,MEDIUM
27.8,68.0,3.5,47.0,clay,seedling,MEDIUM
21.2,80.0,0.6,52.2,loamy,fruiting,MEDIUM
19.4,64.2,1.7,5.0,loamy,seedling,HIGH
25.2,62.8,0.0,47.2,clay,fruiting,MEDIUM
33.3,82.0,0.0,50.8,sandy,seedling,MEDIUM
30.2,72.4,1.6,54.9,loamy,fruiting,MEDIUM
19.2,63.5,0.0,68.5,loamy,fruiting,LOW
23.4,31.0,3.2,40.8,clay,seedling,MEDIUM
30.6,35.3,0.0,76.9,loamy,seedling,MEDIUM
35.0,78.4,0.0,76.0,loamy,flowering,LOW
22.3,46.4,3.4,54.3,clay,vegetative,LOW
34.8,85.2,0.0,49.6,sandy,seedling,HIGH
38.1,34.9,9.2,67.2,sandy,seedling,MEDIUM
19.9,53.7,0.0,88.8,clay,vegetative,LOW
25.9,94.0,0.0,85.4,clay,vegetative,LOW
20.1,85.9,14.9,54.8,clay,flowering,LOW
26.0,86.9,0.0,87.8,loamy,fruiting,LOW
32.6,43.5,3.0,60.6,loamy,fruiting,MEDIUM
28.8,94.1,0.0,62.3,sandy,vegetative,LOW
39.2,39.8,0.0,34.6,sandy,seedling,HIGH
23.6,71.6,0.0,52.6,sandy,vegetative,MEDIUM
30.5,37.1,0.0,51.1,loamy,fruiting,MEDIUM
22.1,80.6,7.2,81.8,clay,flowering,LOW
41.8,66.5,1.0,32.3,loamy,vegetative,MEDIUM
40.7,63.6,0.0,52.4,sandy,fruiting,HIGH
40.3,40.4,0.0,70.5,loamy,flowering,MEDIUM
34.8,39.7,13.5,44.8,loamy,flowering,MEDIUM
37.2,91.7,0.0,55.1,sandy,vegetative,MEDIUM
35.6,62.1,0.0,35.3,sandy,vegetative,HIGH
30.6,25.6,0.0,46.4,clay,seedling,MEDIUM
28.2,54.8,14.5,46.2,loamy,flowering,LOW
29.3,94.2,0.0,43.0,sandy,vegetative,MEDIUM
25.2,94.7,3.0,61.1,clay,vegetative,LOW
28.9,81.3,0.0,70.4,sandy,flowering,LOW
21.6,37.9,0.0,45.3,sandy,fruiting,HIGH
38.4,36.4,0.0,41.4,clay,fruiting,HIGH
18.1,43.5,8.1,37.2,clay,flowering,LOW
36.3,80.6,0.0,19.6,clay,flowering,MEDIUM
27.2,65.6,11.1,49.2,clay,flowering,LOW
30.1,50.1,0.0,35.5,loamy,flowering,HIGH
20.5,92.8,0.0,33.9,sandy,seedling,MEDIUM
34.7,26.0,0.0,86.0,loamy,seedling,MEDIUM
20.4,37.7,0.0,18.7,loamy,vegetative,MEDIUM
39.9,38.0,0.0,49.2,sandy,vegetative,HIGH
19.5,30.2,0.0,40.9,clay,vegetative,MEDIUM
31.9,79.4,2.7,45.1,loamy,vegetative,MEDIUM
26.8,30.8,3.4,14.7,sandy,fruiting,HIGH
39.0,52.9,0.0,40.6,clay,flowering,MEDIUM
29.5,82.6,0.0,59.4,clay,fruiting,LOW
23.6,32.8,0.0,64.5,sandy,fruiting,HIGH
19.6,40.7,0.0,45.1,sandy,seedling,MEDIUM
40.1,28.4,0.0,31.8,loamy,seedling,HIGH
34.0,63.0,0.0,41.7,sandy,flowering,HIGH
37.0,35.0,0.0,48.8,sandy,seedling,HIGH
22.2,89.1,0.0,16.7,sandy,flowering,HIGH
21.8,77.3,0.0,66.5,loamy,vegetative,LOW
23.9,84.3,0.0,94.0,clay,flowering,LOW
19.1,31.3,0.0,68.5,sandy,seedling,MEDIUM
29.8,90.9,0.0,59.2,sandy,vegetative,MEDIUM
35.6,85.2,0.0,74.6,loamy,vegetative,LOW
27.8,35.3,0.0,18.6,sandy,flowering,HIGH
27.7,33.2,0.0,67.2,clay,vegetative,MEDIUM
35.1,58.2,0.0,69.9,loamy,vegetative,MEDIUM
29.4,46.0,0.0,36.8,sandy,vegetative,HIGH
34.6,79.8,2.3,41.2,sandy,vegetative,MEDIUM
27.3,37.2,0.0,59.4,loamy,seedling,MEDIUM
34.9,79.1,7.2,68.7,sandy,vegetative,LOW
23.6,61.2,0.0,81.3,loamy,seedling,LOW
28.0,27.9,0.0,46.9,loamy,vegetative,MEDIUM
28.7,91.5,0.0,65.7,loamy,fruiting,LOW
30.2,40.6,0.0,59.3,sandy,flowering,MEDIUM
19.2,58.9,3.7,55.7,loamy,vegetative,LOW
35.9,88.2,0.0,23.0,clay,fruiting,MEDIUM
31.3,93.4,0.0,37.3,clay,seedling,MEDIUM
18.2,72.1,0.0,42.4,sandy,vegetative,MEDIUM
24.3,48.8,4.6,72.3,sandy,vegetative,LOW
32.3,25.6,0.0,42.6,sandy,fruiting,HIGH
37.1,83.0,3.0,64.3,clay,flowering,LOW
26.1,75.9,0.0,85.2,loamy,fruiting,LOW
35.5,25.6,11.0,21.9,clay,vegetative,MEDIUM
27.5,84.6,0.0,73.8,sandy,vegetative,LOW
23.3,62.2,0.0,34.7,clay,flowering,MEDIUM
31.7,66.2,0.0,32.9,sandy,flowering,HIGH
32.7,46.7,0.0,41.6,sandy,seedling,HIGH
26.1,52.2,0.0,10.4,clay,flowering,HIGH
40.1,25.7,0.0,44.6,sandy,fruiting,HIGH
33.9,70.4,0.0,50.6,sandy,seedling,HIGH
26.5,66.6,0.0,46.9,loamy,seedling,MEDIUM
38.7,40.4,23.1,63.7,sandy,fruiting,LOW
26.4,31.2,1.6,50.3,clay,flowering,MEDIUM
28.0,89.1,29.1,63.1,loamy,fruiting,LOW
40.9,93.7,0.0,18.4,sandy,flowering,HIGH
34.2,88.9,38.0,70.6,clay,flowering,LOW
36.3,79.4,18.3,65.7,clay,fruiting,LOW
26.4,36.6,0.0,62.2,clay,fruiting,LOW
26.3,75.0,0.0,42.0,loamy,flowering,MEDIUM
22.2,56.9,0.0,50.7,clay,fruiting,MEDIUM
23.4,34.1,0.0,69.0,clay,seedling,LOW
18.5,61.1,2.3,25.0,sandy,vegetative,MEDIUM
38.3,48.9,14.2,34.5,sandy,fruiting,MEDIUM
40.9,86.4,16.8,26.3,sandy,fruiting,MEDIUM
25.0,93.6,0.0,52.9,sandy,flowering,MEDIUM
30.3,50.1,0.0,74.9,loamy,fruiting,MEDIUM
24.5,55.5,0.0,46.8,clay,vegetative,LOW
23.6,88.2,0.0,45.8,loamy,flowering,MEDIUM
35.4,82.9,0.0,38.8,clay,seedling,MEDIUM
18.2,45.2,0.0,61.8,sandy,seedling,MEDIUM
27.8,83.6,12.8,63.2,loamy,fruiting,LOW
37.7,64.3,0.0,81.1,clay,flowering,LOW
18.3,68.5,25.8,66.7,sandy,seedling,LOW
26.4,33.7,38.5,70.6,loamy,flowering,LOW
21.4,66.7,3.4,52.9,loamy,fruiting,MEDIUM
37.0,26.8,0.0,55.9,loamy,fruiting,HIGH
21.9,39.3,0.0,44.8,loamy,flowering,MEDIUM
31.7,47.5,0.0,56.3,loamy,flowering,MEDIUM
21.2,80.9,2.9,53.4,loamy,fruiting,MEDIUM
24.0,73.6,0.0,95.0,sandy,vegetative,LOW
22.7,41.1,36.0,93.2,loamy,vegetative,LOW
34.0,92.0,7.7,60.7,loamy,seedling,LOW
27.3,75.2,0.0,43.5,loamy,seedling,MEDIUM
41.1,67.5,0.0,16.9,loamy,seedling,HIGH
26.3,87.5,0.0,26.5,loamy,vegetative,MEDIUM
38.6,65.4,0.0,57.9,sandy,seedling,HIGH
26.4,48.5,0.0,54.4,sandy,flowering,MEDIUM
21.3,72.2,0.0,63.8,sandy,vegetative,MEDIUM
39.9,59.2,0.0,35.2,loamy,vegetative,MEDIUM
28.7,37.5,0.0,95.0,clay,flowering,LOW
32.9,26.7,0.0,32.2,loamy,flowering,HIGH
40.0,39.2,0.0,18.1,clay,flowering,MEDIUM
36.7,40.4,0.0,35.7,sandy,vegetative,HIGH
18.5,77.7,4.1,39.4,clay,flowering,LOW
38.1,91.2,0.0,25.5,sandy,flowering,HIGH
22.2,29.3,0.0,49.0,loamy,flowering,MEDIUM
35.7,26.0,2.7,8.2,loamy,fruiting,HIGH
37.3,56.3,14.4,46.8,clay,seedling,LOW
29.4,27.8,0.0,95.0,loamy,vegetative,LOW
34.2,78.1,0.0,50.9,loamy,vegetative,MEDIUM
28.6,92.2,0.0,14.4,sandy,vegetative,HIGH
39.7,80.6,4.1,61.4,loamy,vegetative,MEDIUM
36.7,35.2,0.0,29.8,clay,fruiting,MEDIUM
36.4,26.3,38.4,56.9,clay,fruiting,LOW
29.4,39.3,0.0,73.3,loamy,seedling,LOW
39.8,34.7,1.6,19.2,loamy,vegetative,HIGH
29.2,84.8,0.0,61.5,loamy,fruiting,MEDIUM
40.0,41.1,0.0,65.8,sandy,fruiting,HIGH
30.3,33.4,2.5,42.3,loamy,seedling,MEDIUM
35.6,86.6,0.0,46.6,loamy,vegetative,MEDIUM
41.4,69.2,0.0,50.0,clay,vegetative,MEDIUM
40.1,45.5,0.0,48.8,loamy,seedling,HIGH
30.8,56.3,0.0,54.6,loamy,flowering,MEDIUM
34.6,71.0,0.0,30.2,loamy,vegetative,MEDIUM
38.2,72.6,13.3,53.0,loamy,fruiting,LOW
35.0,39.5,0.0,5.0,clay,fruiting,HIGH
23.5,89.6,0.0,31.9,clay,flowering,LOW
25.5,47.9,3.4,66.7,loamy,seedling,LOW
38.3,66.9,12.8,61.6,clay,seedling,LOW
26.6,86.8,0.0,50.6,sandy,vegetative,MEDIUM
24.2,85.0,3.5,38.2,loamy,fruiting,MEDIUM
37.5,25.2,3.2,54.2,loamy,vegetative,MEDIUM
26.1,56.6,9.7,20.7,loamy,seedling,MEDIUM
29.7,73.2,0.0,39.4,clay,fruiting,MEDIUM
26.5,28.4,0.0,67.3,sandy,fruiting,MEDIUM
33.2,63.0,0.0,40.3,sandy,flowering,HIGH
30.8,33.0,0.0,52.9,clay,fruiting,MEDIUM
39.7,62.0,0.0,41.7,clay,flowering,MEDIUM
41.9,86.5,1.9,24.7,sandy,vegetative,HIGH
35.9,57.1,0.0,44.6,sandy,vegetative,HIGH
33.6,85.7,0.0,35.9,sandy,fruiting,HIGH
34.6,54.8,2.3,5.0,sandy,vegetative,HIGH
26.2,37.1,2.0,76.3,sandy,seedling,MEDIUM
33.4,38.3,5.8,52.2,loamy,flowering,MEDIUM
41.0,77.3,2.7,45.3,sandy,vegetative,HIGH
20.9,90.4,0.0,32.1,loamy,seedling,MEDIUM
20.1,91.7,4.2,67.9,loamy,seedling,LOW
32.4,84.4,0.0,56.9,loamy,seedling,MEDIUM
32.4,35.3,0.0,32.8,sandy,flowering,HIGH
27.4,78.2,15.0,64.8,loamy,fruiting,LOW
18.1,46.6,4.7,50.3,sandy,seedling,MEDIUM
40.7,39.2,12.6,50.0,sandy,fruiting,MEDIUM
28.2,62.7,0.0,60.0,loamy,seedling,MEDIUM
35.7,75.6,38.7,76.4,loamy,vegetative,LOW
33.4,45.7,0.0,54.6,sandy,vegetative,MEDIUM
28.6,53.7,3.3,61.4,loamy,fruiting,MEDIUM
31.9,73.7,0.0,8.4,clay,fruiting,MEDIUM
30.5,76.0,0.0,53.2,sandy,flowering,MEDIUM
21.3,60.5,10.9,43.9,clay,vegetative,LOW
22.3,66.8,0.0,61.1,clay,fruiting,LOW
21.9,42.8,0.0,40.3,loamy,vegetative,MEDIUM
33.3,90.0,0.0,69.1,sandy,vegetative,LOW
40.8,31.6,7.0,32.8,loamy,seedling,HIGH
30.2,80.3,6.7,74.9,loamy,vegetative,LOW
36.9,31.3,0.0,33.0,clay,flowering,MEDIUM
25.5,44.9,0.0,55.7,clay,fruiting,LOW
32.2,75.1,1.5,34.0,loamy,fruiting,MEDIUM
20.2,66.8,0.0,64.6,clay,seedling,LOW
30.8,68.2,0.0,72.4,clay,seedling,LOW
26.6,75.2,0.0,48.9,loamy,fruiting,MEDIUM
41.4,29.5,0.0,32.0,loamy,flowering,HIGH
35.3,60.3,0.0,28.8,loamy,vegetative,HIGH
23.4,92.5,0.0,57.2,loamy,vegetative,LOW
40.4,46.8,0.0,7.0,sandy,fruiting,HIGH
19.5,34.8,14.8,55.9,loamy,fruiting,LOW
28.6,52.1,10.3,37.4,clay,vegetative,LOW
33.5,41.3,0.0,20.2,clay,seedling,HIGH
24.8,41.5,0.0,44.4,loamy,seedling,MEDIUM
25.3,77.3,3.3,27.1,sandy,vegetative,MEDIUM
34.3,67.8,0.9,34.2,loamy,flowering,MEDIUM
31.0,58.7,2.2,56.7,clay,seedling,LOW
29.1,27.4,0.0,47.6,clay,vegetative,MEDIUM
37.4,43.7,0.0,26.4,loamy,fruiting,HIGH
35.2,89.5,0.0,33.1,clay,seedling,MEDIUM
32.9,45.5,0.0,26.2,loamy,seedling,HIGH
18.9,60.6,0.0,23.4,sandy,flowering,MEDIUM
25.8,77.0,0.0,42.1,loamy,fruiting,MEDIUM
26.3,53.5,1.3,49.6,sandy,flowering,MEDIUM
25.4,51.7,2.7,46.2,sandy,seedling,MEDIUM
41.1,91.3,3.7,49.6,loamy,seedling,MEDIUM
33.1,38.5,2.1,33.9,sandy,fruiting,HIGH
19.8,82.3,8.7,58.7,loamy,flowering,LOW
29.4,84.4,0.0,6.8,clay,fruiting,MEDIUM
26.2,94.6,0.0,51.6,sandy,fruiting,MEDIUM
40.1,41.5,2.6,73.0,sandy,seedling,MEDIUM
27.2,46.8,30.0,71.7,loamy,seedling,LOW
23.8,72.2,0.0,24.1,clay,vegetative,MEDIUM
23.2,75.2,3.7,62.9,loamy,fruiting,LOW
29.5,26.4,2.1,21.2,loamy,fruiting,HIGH
25.5,57.6,0.0,42.0,sandy,seedling,HIGH
30.1,37.6,0.0,43.2,clay,vegetative,MEDIUM
28.5,45.2,0.0,81.2,clay,fruiting,LOW
37.1,67.6,9.5,84.9,sandy,fruiting,LOW
20.0,90.1,0.0,43.6,loamy,vegetative,LOW
29.8,83.4,2.9,54.2,sandy,seedling,MEDIUM
36.7,81.6,0.0,81.1,clay,seedling,LOW
21.2,57.0,31.4,72.1,sandy,flowering,LOW
19.3,28.2,14.8,76.3,sandy,fruiting,LOW
40.7,41.1,0.0,52.6,sandy,seedling,HIGH
18.3,89.0,0.0,71.2,clay,seedling,LOW
33.8,79.7,0.0,43.4,clay,flowering,MEDIUM
36.1,38.4,13.9,64.5,sandy,fruiting,MEDIUM
39.9,75.0,0.0,36.9,loamy,vegetative,MEDIUM
38.5,60.4,0.0,82.9,sandy,seedling,MEDIUM
33.9,25.1,0.0,30.5,clay,vegetative,MEDIUM
38.4,26.0,1.0,45.4,loamy,seedling,HIGH
41.4,62.0,2.2,22.7,clay,seedling,HIGH
31.4,50.0,0.0,60.2,loamy,flowering,MEDIUM
40.1,83.2,27.4,49.6,loamy,seedling,LOW
23.6,29.2,5.0,77.9,clay,seedling,LOW
38.3,41.3,2.6,60.5,sandy,fruiting,HIGH
27.1,51.5,4.0,63.7,sandy,vegetative,LOW
41.0,60.2,0.0,55.7,loamy,vegetative,MEDIUM
23.9,83.3,0.0,62.5,sandy,seedling,MEDIUM
40.3,43.0,0.0,29.7,sandy,fruiting,HIGH
40.3,42.0,2.1,18.4,sandy,seedling,HIGH
35.6,26.9,1.8,86.7,loamy,vegetative,LOW
32.3,51.1,0.0,21.2,clay,seedling,MEDIUM
29.6,38.2,0.0,58.5,sandy,seedling,HIGH
23.9,90.4,0.0,42.2,clay,vegetative,LOW
23.4,30.9,1.2,53.2,clay,vegetative,LOW
19.2,29.4,0.0,5.0,sandy,fruiting,HIGH
26.3,65.5,0.0,61.5,clay,seedling,MEDIUM
36.4,35.7,0.0,37.5,loamy,flowering,HIGH
22.4,59.3,8.3,30.8,clay,vegetative,LOW
41.8,38.1,2.9,28.7,clay,vegetative,MEDIUM
24.6,92.7,0.0,68.4,clay,fruiting,LOW
41.2,77.6,0.0,61.8,loamy,seedling,MEDIUM
25.7,27.8,0.0,48.1,sandy,vegetative,MEDIUM
26.8,49.3,0.0,41.1,sandy,flowering,HIGH
38.2,71.4,0.0,41.6,loamy,vegetative,MEDIUM
37.7,45.0,4.3,53.4,sandy,fruiting,MEDIUM
21.4,52.5,0.0,70.5,clay,flowering,LOW
22.5,49.3,0.0,50.5,sandy,fruiting,HIGH
20.1,68.9,0.0,26.6,sandy,fruiting,HIGH
31.9,74.9,4.4,38.5,sandy,seedling,MEDIUM
29.7,31.7,38.9,66.6,clay,flowering,LOW
38.8,86.3,0.0,39.6,clay,flowering,MEDIUM
18.5,88.5,0.0,47.7,sandy,seedling,MEDIUM
33.9,41.9,0.0,54.5,sandy,fruiting,HIGH
29.5,67.0,15.4,46.1,loamy,fruiting,LOW
34.4,41.5,0.0,53.6,sandy,vegetative,MEDIUM
25.8,53.8,0.0,37.5,loamy,seedling,MEDIUM
40.3,35.5,0.0,32.4,clay,flowering,MEDIUM
23.7,85.7,1.0,58.7,clay,fruiting,LOW
20.6,49.7,0.0,68.8,clay,vegetative,LOW
31.6,76.2,24.6,66.7,loamy,vegetative,LOW
22.7,56.4,0.0,37.7,clay,flowering,MEDIUM
33.8,33.0,1.0,67.3,clay,fruiting,MEDIUM
33.0,68.4,0.0,23.5,sandy,flowering,HIGH
28.8,49.7,0.0,46.9,sandy,fruiting,HIGH
36.6,35.6,0.0,49.8,loamy,vegetative,MEDIUM
22.4,48.0,0.0,72.4,clay,seedling,LOW
23.4,48.5,0.0,79.5,sandy,seedling,MEDIUM
20.1,60.9,0.0,42.2,clay,seedling,MEDIUM
22.6,57.6,4.4,42.7,loamy,vegetative,LOW
26.0,82.5,0.0,45.6,clay,fruiting,LOW
41.0,94.0,0.0,42.3,sandy,seedling,HIGH
36.3,43.9,0.0,40.1,sandy,vegetative,HIGH
22.9,42.0,0.0,52.1,loamy,fruiting,MEDIUM
36.9,89.7,0.0,50.5,loamy,vegetative,MEDIUM
21.7,61.1,0.0,71.6,sandy,fruiting,MEDIUM
20.1,66.6,35.7,36.8,sandy,seedling,LOW
30.0,75.6,16.6,74.2,sandy,fruiting,LOW
37.9,46.0,0.0,67.9,clay,flowering,LOW
37.0,33.5,2.5,18.1,sandy,flowering,HIGH
28.3,92.9,9.6,61.1,loamy,seedling,LOW
38.6,87.4,0.0,53.0,clay,fruiting,MEDIUM
39.4,53.0,2.2,36.8,clay,flowering,MEDIUM
23.3,79.1,0.0,49.3,sandy,vegetative,MEDIUM
32.4,76.2,0.0,22.0,clay,flowering,MEDIUM
39.7,92.9,2.1,51.9,loamy,vegetative,MEDIUM
40.2,92.5,0.0,71.2,sandy,seedling,MEDIUM
41.0,36.5,39.2,58.8,clay,vegetative,LOW
39.8,76.4,4.9,54.2,clay,vegetative,LOW
41.0,28.6,9.8,50.1,clay,fruiting,MEDIUM
24.2,26.8,0.0,45.2,clay,flowering,MEDIUM
25.4,60.6,0.0,26.9,sandy,fruiting,HIGH
23.7,29.0,0.0,64.6,clay,seedling,MEDIUM
22.1,55.6,0.0,49.1,sandy,fruiting,MEDIUM
22.5,92.7,13.7,38.8,sandy,vegetative,LOW
36.3,78.3,0.0,24.2,sandy,vegetative,HIGH
36.9,61.9,0.0,45.4,sandy,vegetative,HIGH
41.8,54.1,0.0,5.0,sandy,vegetative,HIGH
31.0,43.8,2.7,60.6,clay,vegetative,LOW
28.2,29.3,0.0,35.3,sandy,seedling,HIGH
18.1,92.2,10.6,44.3,loamy,fruiting,LOW
20.1,87.8,4.4,64.7,loamy,vegetative,LOW
32.8,41.2,0.0,55.6,clay,vegetative,LOW
27.3,64.4,0.0,29.7,sandy,fruiting,HIGH
38.2,84.2,0.0,47.0,sandy,vegetative,MEDIUM
34.3,68.0,0.0,40.6,loamy,flowering,MEDIUM
32.3,27.3,0.0,56.6,clay,fruiting,MEDIUM
36.3,55.7,0.0,62.0,clay,vegetative,LOW
24.2,34.2,1.5,63.1,loamy,fruiting,MEDIUM
28.8,61.0,31.5,39.0,sandy,flowering,LOW
25.6,64.1,0.0,69.9,loamy,fruiting,MEDIUM
37.4,90.2,17.5,52.4,sandy,fruiting,LOW
28.4,45.5,0.0,51.1,loamy,fruiting,MEDIUM
25.0,40.5,0.0,30.5,clay,fruiting,MEDIUM
23.3,76.4,3.6,41.9,sandy,fruiting,MEDIUM
25.3,93.0,4.8,52.4,sandy,fruiting,LOW
30.0,66.9,1.7,56.4,loamy,seedling,MEDIUM
28.1,49.7,10.1,73.7,loamy,vegetative,LOW
30.1,39.6,0.0,61.4,clay,vegetative,LOW
38.1,85.3,1.7,57.5,loamy,fruiting,MEDIUM
36.5,94.6,0.0,69.0,loamy,flowering,MEDIUM
39.8,42.1,0.0,27.8,loamy,flowering,HIGH
20.7,32.5,1.0,56.0,loamy,fruiting,MEDIUM
32.3,35.3,0.0,85.3,sandy,flowering,MEDIUM
38.3,84.0,0.0,40.3,sandy,fruiting,HIGH
26.9,88.5,0.0,24.5,sandy,vegetative,MEDIUM
35.8,40.9,2.6,78.1,sandy,seedling,MEDIUM
34.6,86.2,0.0,57.6,sandy,flowering,MEDIUM
39.1,89.7,0.0,51.5,loamy,fruiting,MEDIUM
39.6,80.8,0.0,48.7,loamy,fruiting,MEDIUM
21.1,28.6,35.9,71.7,clay,flowering,LOW
40.7,54.9,9.5,37.9,loamy,fruiting,MEDIUM
39.6,28.3,0.0,68.3,loamy,seedling,HIGH
40.3,59.4,0.0,15.4,loamy,seedling,HIGH
24.0,39.7,0.0,31.0,sandy,fruiting,HIGH
19.1,27.4,0.0,67.0,clay,vegetative,LOW
30.1,31.4,0.0,46.6,sandy,fruiting,HIGH
29.6,53.7,0.0,37.6,loamy,flowering,HIGH
25.1,84.7,0.0,22.4,clay,fruiting,MEDIUM
20.1,66.7,0.0,58.1,clay,flowering,LOW
22.1,54.2,0.0,34.8,clay,seedling,MEDIUM
38.3,77.0,0.0,29.8,clay,fruiting,MEDIUM
22.4,63.2,0.0,27.4,loamy,vegetative,MEDIUM
31.0,56.1,0.0,20.1,sandy,fruiting,HIGH
28.1,48.1,0.0,38.1,sandy,flowering,HIGH
25.9,87.1,14.5,55.2,clay,seedling,LOW
37.9,42.6,0.0,56.6,clay,vegetative,MEDIUM
30.3,70.3,1.1,47.9,loamy,fruiting,MEDIUM
30.2,33.2,13.5,42.4,clay,vegetative,LOW
31.1,35.5,7.9,59.9,loamy,vegetative,LOW
21.9,76.5,9.4,68.3,clay,vegetative,LOW
31.6,82.9,0.0,33.9,sandy,seedling,HIGH
26.1,45.2,3.2,68.0,sandy,fruiting,MEDIUM
22.2,48.9,0.0,52.3,loamy,seedling,MEDIUM
40.4,89.9,20.8,73.6,clay,vegetative,LOW
25.5,46.9,0.0,36.4,loamy,vegetative,MEDIUM
30.1,52.0,0.0,47.4,loamy,flowering,MEDIUM
30.5,61.3,0.0,75.2,clay,flowering,LOW
26.6,40.2,0.0,48.3,clay,fruiting,LOW
21.6,60.3,8.2,58.3,clay,flowering,LOW
32.2,87.7,0.0,66.1,clay,fruiting,LOW
33.8,50.6,0.0,63.1,clay,seedling,MEDIUM
28.1,81.0,4.1,75.2,sandy,flowering,LOW
32.3,35.6,0.0,25.6,sandy,flowering,HIGH
36.1,51.1,4.6,11.4,clay,vegetative,MEDIUM
26.5,35.6,5.3,51.0,clay,fruiting,MEDIUM
22.6,77.7,0.0,51.6,clay,flowering,LOW
29.3,56.3,0.0,66.8,sandy,vegetative,LOW
29.1,37.7,0.0,57.3,loamy,seedling,MEDIUM
28.1,56.1,0.0,39.3,sandy,seedling,HIGH
25.0,37.1,4.0,47.5,clay,fruiting,LOW
30.2,46.3,0.0,58.3,clay,fruiting,MEDIUM
18.1,51.6,21.3,88.7,clay,flowering,LOW
23.1,37.2,0.0,47.1,clay,fruiting,MEDIUM
21.7,72.8,4.1,37.4,sandy,vegetative,MEDIUM
27.4,40.4,0.0,31.8,loamy,vegetative,MEDIUM
33.5,78.9,0.0,50.3,clay,vegetative,LOW
18.4,38.7,0.0,69.5,sandy,fruiting,MEDIUM
34.2,90.6,2.5,40.0,sandy,seedling,HIGH
39.1,61.8,0.0,65.6,loamy,vegetative,MEDIUM
31.3,44.7,0.0,46.5,sandy,vegetative,HIGH
34.4,93.3,4.0,34.4,sandy,vegetative,MEDIUM
35.0,41.7,0.0,82.4,sandy,flowering,MEDIUM
34.2,94.7,0.0,46.4,loamy,fruiting,MEDIUM
26.6,31.8,0.0,15.9,clay,seedling,MEDIUM
34.0,63.5,0.0,65.5,clay,vegetative,LOW
39.9,52.9,7.8,24.8,sandy,flowering,HIGH
19.9,82.0,0.0,55.1,sandy,fruiting,MEDIUM
41.3,54.9,5.0,47.9,sandy,flowering,HIGH
38.3,88.4,2.9,56.4,sandy,flowering,HIGH
29.5,94.7,0.0,30.9,sandy,vegetative,MEDIUM
32.9,91.1,0.0,43.7,loamy,fruiting,MEDIUM
41.8,29.8,17.0,80.2,clay,seedling,LOW
23.8,78.3,29.3,70.1,sandy,seedling,LOW
33.9,79.9,39.6,88.8,loamy,seedling,LOW
38.6,32.9,14.2,37.1,clay,seedling,LOW
26.4,78.1,0.0,95.0,sandy,vegetative,LOW
31.9,51.2,5.5,43.3,clay,seedling,MEDIUM
33.0,30.3,0.0,5.0,loamy,flowering,HIGH
31.1,76.6,9.3,52.8,loamy,fruiting,LOW
30.5,62.0,0.0,20.2,loamy,fruiting,HIGH
40.8,43.6,0.0,77.5,loamy,flowering,MEDIUM
25.9,59.7,10.7,32.8,clay,flowering,LOW
32.2,33.6,1.2,5.0,loamy,vegetative,HIGH
39.5,25.7,0.0,54.4,loamy,fruiting,HIGH
19.6,64.5,7.7,79.0,loamy,seedling,LOW
32.4,73.8,0.0,10.0,loamy,flowering,HIGH
23.5,30.2,7.9,40.3,sandy,seedling,MEDIUM
37.2,42.9,0.0,39.9,loamy,fruiting,HIGH
24.6,94.8,2.3,43.1,clay,vegetative,LOW
30.3,86.7,0.0,71.4,sandy,seedling,MEDIUM
21.3,36.7,0.0,35.6,clay,flowering,MEDIUM
36.6,42.7,0.0,37.9,clay,vegetative,MEDIUM
34.1,80.9,0.0,26.4,loamy,fruiting,HIGH
18.1,43.2,0.0,62.4,clay,fruiting,LOW
27.6,83.2,2.8,39.7,clay,fruiting,LOW
19.2,66.1,0.0,57.5,clay,vegetative,LOW
38.4,78.6,0.0,37.0,sandy,flowering,HIGH
41.9,53.9,1.4,50.1,sandy,flowering,HIGH
37.7,83.5,9.0,25.6,sandy,flowering,MEDIUM
26.2,63.6,0.0,55.3,clay,fruiting,LOW
24.9,50.8,0.0,56.3,sandy,fruiting,MEDIUM
40.9,29.5,0.6,49.4,loamy,seedling,MEDIUM
37.9,90.0,0.0,46.6,loamy,fruiting,MEDIUM
34.4,29.6,0.0,47.0,loamy,seedling,HIGH
25.1,36.3,0.0,23.1,clay,fruiting,MEDIUM
34.2,69.3,0.0,31.1,loamy,vegetative,MEDIUM
42.0,61.3,0.0,74.0,clay,vegetative,MEDIUM
36.9,28.4,0.0,33.9,clay,seedling,HIGH
41.0,73.7,2.3,47.0,sandy,fruiting,HIGH
38.0,79.7,4.9,19.7,sandy,flowering,HIGH
23.7,71.1,0.0,16.8,clay,fruiting,MEDIUM
24.6,27.9,0.0,59.2,sandy,fruiting,MEDIUM
25.3,69.2,0.0,39.7,sandy,fruiting,MEDIUM
29.5,90.0,0.0,51.1,clay,vegetative,LOW
18.2,81.1,0.0,58.0,sandy,vegetative,MEDIUM
22.8,75.1,15.0,78.7,sandy,seedling,LOW
20.2,37.3,0.0,21.6,sandy,fruiting,HIGH
21.5,90.9,0.0,56.6,clay,seedling,LOW
30.2,61.5,3.0,38.1,sandy,flowering,MEDIUM
20.1,56.2,0.0,54.5,loamy,flowering,MEDIUM
36.9,83.5,3.1,53.6,sandy,flowering,MEDIUM
41.2,88.4,2.1,23.1,clay,fruiting,MEDIUM
38.0,65.6,2.5,87.2,clay,seedling,LOW
19.0,57.3,0.0,45.8,clay,vegetative,MEDIUM
34.7,31.1,15.3,95.0,clay,fruiting,LOW
20.0,50.6,1.2,49.4,sandy,flowering,MEDIUM
23.6,48.4,0.0,59.6,sandy,seedling,MEDIUM
29.0,59.5,3.5,44.6,clay,flowering,MEDIUM
34.1,68.4,0.0,81.9,loamy,fruiting,MEDIUM
40.1,77.0,6.2,64.1,clay,fruiting,MEDIUM
22.3,71.8,0.0,49.9,sandy,vegetative,MEDIUM
25.2,86.9,0.0,55.4,loamy,seedling,MEDIUM
31.4,28.2,4.5,27.7,loamy,seedling,HIGH
21.4,63.7,3.3,72.6,sandy,seedling,LOW
40.0,81.7,12.0,79.5,loamy,vegetative,LOW
21.5,57.9,0.0,49.1,clay,seedling,MEDIUM
25.7,54.4,0.0,77.3,clay,flowering,LOW
29.6,39.9,0.6,42.9,sandy,flowering,HIGH
37.1,94.5,0.0,69.6,loamy,seedling,MEDIUM
37.5,52.8,0.0,24.0,loamy,seedling,HIGH
26.3,38.0,0.0,29.7,clay,vegetative,MEDIUM
26.5,41.1,0.0,53.2,loamy,fruiting,HIGH
22.4,81.7,2.6,53.2,loamy,flowering,MEDIUM
25.3,57.2,0.0,31.8,clay,vegetative,MEDIUM
29.6,73.9,0.0,52.8,clay,vegetative,LOW
26.7,81.3,0.0,72.5,sandy,fruiting,LOW
21.1,82.4,0.0,63.3,sandy,fruiting,MEDIUM
24.0,30.2,0.0,54.9,loamy,vegetative,MEDIUM
22.9,36.7,0.0,54.5,loamy,vegetative,LOW
23.0,29.5,0.0,67.8,loamy,fruiting,MEDIUM
22.3,42.0,0.0,60.7,sandy,flowering,MEDIUM
22.7,58.6,0.0,46.5,sandy,seedling,MEDIUM
22.8,83.5,9.2,58.9,clay,flowering,LOW
28.3,44.3,0.0,41.7,loamy,seedling,MEDIUM
30.2,40.1,8.6,56.4,loamy,fruiting,MEDIUM
37.4,33.5,0.0,7.6,clay,vegetative,MEDIUM
18.8,33.1,3.0,44.1,loamy,flowering,MEDIUM
28.4,91.3,0.0,25.3,clay,fruiting,MEDIUM
29.3,63.3,0.0,41.4,sandy,flowering,HIGH
19.9,91.9,0.0,90.2,sandy,vegetative,LOW
38.9,25.2,17.4,73.4,clay,vegetative,LOW
19.4,33.4,0.0,62.0,clay,seedling,LOW
39.3,48.1,0.0,25.2,sandy,fruiting,HIGH
20.2,85.6,4.8,24.6,clay,fruiting,LOW
18.9,87.3,4.1,20.1,loamy,vegetative,MEDIUM
38.2,94.9,4.5,45.3,sandy,fruiting,HIGH
22.4,78.8,0.0,52.8,loamy,fruiting,MEDIUM
31.7,79.6,0.0,47.3,clay,fruiting,MEDIUM
40.7,46.5,0.5,28.6,loamy,fruiting,HIGH
33.9,30.2,0.0,43.5,loamy,seedling,HIGH
19.7,64.3,9.1,66.6,clay,flowering,LOW
31.7,73.6,1.1,76.1,loamy,vegetative,MEDIUM
39.1,45.7,0.0,32.7,clay,fruiting,HIGH
29.6,59.2,0.0,16.5,sandy,vegetative,HIGH
40.1,25.6,1.0,32.4,loamy,seedling,HIGH
22.6,35.2,1.4,55.2,clay,flowering,LOW
21.6,29.4,0.0,51.8,loamy,vegetative,MEDIUM
37.7,27.9,0.0,62.0,clay,vegetative,LOW
34.8,66.5,0.0,44.7,loamy,fruiting,MEDIUM
39.2,85.8,0.0,59.1,loamy,vegetative,MEDIUM
37.5,87.5,0.0,38.8,sandy,vegetative,MEDIUM
22.4,90.4,19.6,44.5,clay,vegetative,LOW
27.7,82.2,0.0,54.3,clay,seedling,LOW
21.1,68.1,11.6,60.3,loamy,seedling,LOW
32.5,64.6,0.0,47.9,clay,vegetative,MEDIUM
19.2,48.5,0.0,54.4,loamy,fruiting,MEDIUM
19.4,31.1,2.2,60.0,clay,vegetative,MEDIUM
27.1,34.1,0.0,77.0,sandy,seedling,MEDIUM
34.9,92.6,0.0,60.8,loamy,fruiting,MEDIUM
34.5,34.5,14.1,51.4,sandy,seedling,MEDIUM
36.2,58.0,0.0,43.3,sandy,flowering,HIGH
40.9,65.4,2.3,36.6,clay,fruiting,MEDIUM
31.2,74.5,0.8,26.1,sandy,fruiting,HIGH
37.5,27.1,1.4,40.8,sandy,seedling,HIGH
37.7,84.7,36.3,77.7,sandy,vegetative,LOW
40.7,54.4,4.0,57.3,loamy,fruiting,MEDIUM
27.9,63.1,0.0,37.1,loamy,vegetative,MEDIUM
26.3,75.1,0.0,35.0,clay,fruiting,MEDIUM
42.0,30.6,0.0,60.8,clay,seedling,MEDIUM
19.0,74.3,7.7,44.4,loamy,fruiting,LOW
34.4,40.2,0.0,56.3,loamy,fruiting,MEDIUM
25.9,55.2,0.9,37.3,loamy,seedling,MEDIUM
18.0,90.5,0.0,67.3,sandy,seedling,MEDIUM
35.4,50.6,5.7,24.0,sandy,seedling,HIGH
36.3,56.7,0.0,40.8,loamy,vegetative,MEDIUM
19.2,86.8,7.9,33.8,sandy,fruiting,MEDIUM
20.6,85.2,0.0,70.4,loamy,seedling,LOW
29.3,80.2,5.3,27.5,clay,vegetative,LOW
22.3,35.1,0.0,13.9,loamy,fruiting,HIGH
34.7,94.2,3.6,58.3,clay,fruiting,LOW
19.3,45.4,0.0,53.5,loamy,vegetative,LOW
41.9,50.5,0.0,74.5,sandy,flowering,HIGH
39.9,39.0,0.0,51.0,sandy,vegetative,HIGH
23.1,56.2,3.1,55.5,loamy,seedling,MEDIUM
31.8,68.4,12.6,67.7,loamy,fruiting,LOW
21.9,89.3,0.0,53.8,sandy,seedling,MEDIUM
36.9,31.3,11.0,36.4,sandy,seedling,HIGH
30.5,69.6,4.5,75.1,sandy,vegetative,LOW
31.3,81.9,0.0,62.8,sandy,fruiting,MEDIUM
31.0,66.3,0.0,68.9,loamy,seedling,MEDIUM
36.3,47.3,0.0,25.3,sandy,vegetative,HIGH
34.1,76.7,0.0,37.9,clay,vegetative,LOW
31.5,56.0,0.0,32.1,clay,vegetative,MEDIUM
35.0,82.4,3.7,37.6,sandy,flowering,MEDIUM
39.8,30.6,10.1,51.2,sandy,seedling,HIGH
34.3,31.2,0.0,38.7,sandy,flowering,HIGH
23.7,52.5,8.2,73.7,loamy,vegetative,LOW
32.6,52.8,0.0,25.2,loamy,seedling,HIGH
39.9,71.7,0.0,76.3,sandy,flowering,MEDIUM
19.7,56.0,1.9,68.0,sandy,flowering,MEDIUM
38.5,64.2,0.0,23.7,clay,fruiting,MEDIUM
32.9,65.9,0.0,47.7,sandy,fruiting,HIGH
24.8,52.6,3.5,50.2,clay,flowering,LOW
24.9,72.4,0.0,45.0,clay,flowering,LOW
33.1,58.7,27.0,50.5,clay,vegetative,LOW
22.4,46.8,0.0,49.5,clay,seedling,MEDIUM
26.0,90.5,1.0,62.6,clay,seedling,LOW
19.5,91.7,0.7,48.9,sandy,seedling,MEDIUM
36.2,75.9,0.0,40.9,sandy,vegetative,HIGH
39.0,83.4,0.0,16.7,loamy,vegetative,MEDIUM
19.0,43.3,0.9,43.4,sandy,vegetative,MEDIUM
37.5,88.6,0.0,12.7,clay,flowering,MEDIUM
34.2,66.9,0.0,53.4,loamy,vegetative,LOW
19.7,35.6,0.0,64.3,clay,fruiting,LOW
29.3,28.4,6.3,35.7,sandy,flowering,HIGH
38.8,82.0,0.0,30.7,loamy,fruiting,HIGH
20.6,94.2,4.6,37.5,clay,vegetative,LOW
27.5,67.1,2.1,53.6,loamy,fruiting,MEDIUM
24.1,56.8,0.0,60.0,sandy,flowering,MEDIUM
41.4,57.4,0.0,33.5,clay,fruiting,MEDIUM
24.2,76.0,22.8,66.4,clay,vegetative,LOW
34.0,74.2,33.1,75.8,clay,vegetative,LOW
35.1,91.2,0.0,34.5,sandy,flowering,HIGH
31.5,53.4,2.1,85.1,clay,vegetative,LOW
41.6,52.8,0.0,38.7,clay,flowering,MEDIUM
28.2,70.5,8.8,64.1,clay,vegetative,LOW
40.9,66.3,0.0,42.5,loamy,vegetative,MEDIUM
33.8,94.1,39.7,95.0,loamy,fruiting,LOW
25.8,90.4,0.0,41.7,loamy,seedling,MEDIUM
38.0,32.1,28.9,95.0,clay,vegetative,LOW
32.4,75.5,1.1,23.6,sandy,flowering,HIGH
19.0,34.7,0.0,61.0,sandy,seedling,MEDIUM
23.7,94.7,0.0,64.9,clay,fruiting,LOW
26.1,67.3,0.0,46.1,sandy,flowering,MEDIUM
34.6,92.5,0.0,37.1,clay,seedling,MEDIUM
22.8,40.0,0.0,30.7,loamy,flowering,HIGH
22.1,29.7,0.0,69.2,loamy,vegetative,MEDIUM
39.1,85.6,31.8,58.0,sandy,flowering,LOW
24.7,78.5,0.0,90.4,sandy,seedling,LOW
33.8,38.3,0.0,43.4,loamy,vegetative,MEDIUM
19.8,31.0,2.7,38.7,loamy,seedling,HIGH
33.4,46.3,0.0,45.1,sandy,vegetative,MEDIUM
30.9,48.5,0.0,45.1,clay,flowering,MEDIUM
23.8,40.6,4.1,63.6,clay,fruiting,LOW
34.9,49.5,2.7,26.3,sandy,flowering,HIGH
42.0,62.2,0.0,30.7,clay,flowering,HIGH
25.6,82.8,25.4,77.5,clay,flowering,LOW
40.4,30.8,1.0,65.3,clay,seedling,LOW
24.2,55.3,0.0,53.7,sandy,vegetative,MEDIUM
38.7,50.7,0.0,27.3,loamy,fruiting,HIGH
39.8,68.1,1.2,47.8,sandy,flowering,HIGH
19.5,32.9,3.4,20.4,clay,fruiting,MEDIUM
33.5,35.1,0.0,45.8,loamy,vegetative,MEDIUM
19.4,89.3,25.9,74.2,loamy,seedling,LOW
33.7,44.7,1.4,52.7,clay,vegetative,LOW
30.6,51.9,0.0,59.8,clay,vegetative,MEDIUM
36.0,74.9,0.0,60.7,sandy,fruiting,HIGH
31.6,94.7,0.0,51.2,clay,flowering,MEDIUM
28.6,48.2,0.0,44.1,sandy,flowering,HIGH
22.4,80.0,0.0,82.2,clay,vegetative,LOW
19.6,51.1,3.1,37.8,clay,fruiting,MEDIUM
21.3,61.9,0.0,52.3,clay,fruiting,MEDIUM
21.8,68.0,0.0,29.8,sandy,fruiting,MEDIUM
33.1,38.9,0.0,29.0,loamy,fruiting,MEDIUM
36.0,58.6,0.0,14.1,clay,flowering,HIGH
35.0,52.4,35.0,83.8,loamy,fruiting,LOW
25.7,75.8,0.0,63.4,clay,vegetative,LOW
25.3,57.1,1.1,22.7,loamy,seedling,MEDIUM
31.6,37.8,0.0,25.8,loamy,fruiting,HIGH
36.7,35.0,0.0,36.7,loamy,seedling,HIGH
32.0,26.6,0.0,51.7,clay,seedling,MEDIUM
28.8,66.0,0.0,38.3,sandy,vegetative,MEDIUM
18.9,37.2,30.3,55.6,sandy,vegetative,LOW
35.3,65.5,2.9,51.6,clay,seedling,MEDIUM
40.8,54.5,0.0,31.2,sandy,flowering,HIGH
33.0,38.3,2.8,61.3,clay,fruiting,MEDIUM
22.5,82.0,0.0,55.4,sandy,fruiting,MEDIUM
23.7,59.7,0.0,58.6,clay,vegetative,LOW
27.6,48.5,0.0,69.2,loamy,fruiting,MEDIUM
32.8,85.9,0.0,32.8,clay,seedling,MEDIUM
36.1,60.2,0.0,54.4,loamy,seedling,MEDIUM
40.4,28.6,1.7,30.9,clay,vegetative,MEDIUM
40.3,77.9,0.0,14.7,clay,seedling,HIGH
28.2,54.8,4.7,42.8,clay,fruiting,MEDIUM
26.7,89.3,0.0,70.4,clay,flowering,LOW
41.8,84.3,0.0,40.7,sandy,seedling,HIGH
40.8,78.5,0.0,77.6,clay,fruiting,LOW
28.5,28.9,0.0,39.5,sandy,vegetative,HIGH
34.3,71.3,8.2,30.4,sandy,seedling,MEDIUM
29.7,35.2,0.0,71.1,loamy,vegetative,MEDIUM
40.0,32.1,32.2,84.4,clay,flowering,LOW
34.2,47.6,0.0,62.6,sandy,fruiting,HIGH
30.7,60.1,9.3,35.9,loamy,fruiting,MEDIUM
29.2,79.3,1.2,67.9,sandy,flowering,MEDIUM
39.0,73.2,0.0,47.9,sandy,flowering,HIGH
28.1,55.8,0.0,49.1,clay,vegetative,LOW
24.4,60.8,0.0,53.7,clay,seedling,LOW
27.0,94.0,0.9,17.6,loamy,flowering,MEDIUM
25.4,48.7,0.0,56.4,loamy,flowering,MEDIUM
19.8,87.6,11.5,33.1,loamy,vegetative,LOW
24.2,78.6,5.7,27.9,sandy,fruiting,MEDIUM
22.5,49.3,23.3,82.8,sandy,flowering,LOW
23.1,82.9,0.0,20.9,clay,seedling,MEDIUM
20.0,65.2,2.3,53.8,loamy,fruiting,MEDIUM
26.1,48.1,7.6,61.6,sandy,flowering,MEDIUM
32.0,54.9,0.0,62.4,sandy,fruiting,HIGH
20.4,35.5,0.0,73.8,loamy,flowering,LOW
38.6,75.1,0.0,11.1,loamy,seedling,HIGH
34.4,34.3,9.6,56.9,sandy,flowering,MEDIUM
30.1,31.6,0.0,85.8,clay,vegetative,LOW
39.4,76.4,0.0,82.7,loamy,flowering,LOW
31.7,74.1,0.0,92.9,sandy,seedling,MEDIUM
18.8,61.1,0.0,38.4,loamy,fruiting,MEDIUM
29.5,87.4,0.0,21.0,sandy,seedling,HIGH
39.8,49.5,0.0,42.2,clay,vegetative,MEDIUM
38.2,61.8,0.0,24.4,loamy,seedling,HIGH
35.8,34.2,1.4,31.9,loamy,seedling,HIGH
25.7,59.9,0.0,42.8,sandy,flowering,HIGH
35.3,53.4,0.0,31.2,sandy,fruiting,HIGH
40.2,84.3,2.3,5.0,loamy,flowering,HIGH
19.4,92.6,0.0,70.7,loamy,flowering,LOW
40.4,43.8,0.0,51.3,loamy,vegetative,MEDIUM
38.7,86.4,8.5,26.2,clay,flowering,MEDIUM
40.1,83.5,14.0,42.9,sandy,fruiting,MEDIUM
33.3,57.9,16.4,51.2,clay,fruiting,LOW
28.0,76.2,1.5,48.3,sandy,vegetative,MEDIUM
40.7,43.9,0.0,71.5,loamy,fruiting,MEDIUM
40.5,28.4,0.0,45.6,sandy,flowering,HIGH
25.9,53.4,0.0,79.6,clay,vegetative,LOW
37.6,61.1,0.0,18.8,sandy,vegetative,HIGH
38.9,39.0,0.0,25.3,loamy,seedling,HIGH
36.3,34.0,8.1,46.1,sandy,fruiting,HIGH
29.4,36.8,0.0,43.9,loamy,flowering,HIGH
28.5,51.6,0.0,62.6,sandy,vegetative,MEDIUM
37.0,63.7,0.0,33.9,clay,vegetative,MEDIUM
25.2,84.9,17.3,79.3,loamy,flowering,LOW
37.3,34.3,3.4,41.9,sandy,fruiting,HIGH
24.0,54.5,12.5,43.6,loamy,fruiting,LOW
38.8,38.0,24.5,67.2,clay,vegetative,LOW
33.6,26.1,0.0,35.5,loamy,fruiting,HIGH
32.7,51.5,0.0,40.3,clay,fruiting,MEDIUM
26.0,51.0,0.0,27.7,sandy,seedling,HIGH
38.8,42.8,13.9,41.8,sandy,seedling,MEDIUM
18.8,30.8,0.0,24.5,sandy,vegetative,HIGH
23.6,36.3,0.0,13.9,loamy,seedling,HIGH
18.7,57.3,0.0,58.8,clay,vegetative,MEDIUM
38.9,63.3,34.6,72.7,sandy,flowering,LOW
29.8,72.0,0.0,28.7,loamy,seedling,MEDIUM
18.9,44.9,1.3,5.0,loamy,fruiting,HIGH
23.6,84.7,0.0,41.3,loamy,flowering,MEDIUM
31.3,34.1,0.0,60.1,loamy,seedling,HIGH
29.4,32.1,27.0,53.7,loamy,vegetative,LOW
24.1,94.1,12.1,38.6,clay,vegetative,LOW
22.2,59.5,0.0,38.4,clay,vegetative,MEDIUM
20.9,50.9,4.8,66.9,sandy,flowering,LOW
19.3,40.4,36.3,95.0,sandy,flowering,LOW
24.3,61.4,3.8,48.9,clay,vegetative,LOW
29.5,30.2,21.4,50.9,clay,fruiting,LOW
36.0,81.1,0.0,21.7,sandy,fruiting,HIGH
20.6,70.6,5.0,58.4,clay,seedling,LOW
25.0,30.8,0.0,32.7,clay,vegetative,MEDIUM
23.7,72.1,0.0,41.2,sandy,vegetative,MEDIUM
31.1,56.2,0.0,26.1,sandy,seedling,HIGH
33.4,92.0,9.2,73.9,sandy,fruiting,LOW
28.4,82.3,0.0,15.1,sandy,flowering,HIGH
21.5,29.8,0.0,30.2,sandy,vegetative,HIGH
23.1,33.5,0.0,46.4,loamy,seedling,MEDIUM
26.2,85.2,0.0,46.9,clay,vegetative,LOW
31.3,51.5,34.6,60.8,sandy,seedling,LOW
34.6,28.1,0.0,48.4,loamy,fruiting,HIGH
21.0,49.8,0.0,76.6,clay,flowering,LOW
36.5,33.9,0.0,5.0,clay,vegetative,HIGH
24.0,94.0,0.0,20.8,sandy,flowering,MEDIUM
29.2,85.0,0.0,33.2,loamy,fruiting,MEDIUM
31.1,46.7,0.0,61.7,sandy,fruiting,HIGH
21.8,53.1,19.6,77.0,clay,seedling,LOW
35.6,74.8,0.0,9.2,loamy,seedling,HIGH
39.1,73.8,0.0,48.1,loamy,flowering,MEDIUM
35.9,57.8,3.2,20.5,loamy,flowering,MEDIUM
22.7,66.6,9.7,56.8,clay,fruiting,LOW
24.3,90.5,0.0,58.2,sandy,flowering,LOW
29.8,69.4,0.0,33.9,sandy,vegetative,MEDIUM
33.2,29.1,10.2,45.9,sandy,seedling,HIGH
40.2,74.2,0.0,60.4,sandy,flowering,HIGH
40.2,94.6,0.0,24.6,sandy,flowering,HIGH
34.0,62.2,0.0,92.8,loamy,flowering,MEDIUM
36.3,78.3,0.0,22.4,clay,seedling,MEDIUM
20.9,45.7,0.0,49.9,loamy,vegetative,MEDIUM
28.2,28.4,11.0,66.2,loamy,fruiting,LOW
19.4,47.3,1.9,27.9,loamy,flowering,MEDIUM
25.0,37.8,1.4,45.6,loamy,seedling,MEDIUM
26.9,88.4,28.5,60.0,sandy,seedling,LOW
34.8,94.1,0.0,39.5,clay,vegetative,LOW
24.2,52.2,0.0,32.9,loamy,flowering,MEDIUM
23.9,91.0,0.0,37.3,clay,flowering,LOW
21.0,75.5,0.0,43.7,clay,flowering,LOW
31.4,27.9,0.0,47.3,sandy,flowering,HIGH
30.6,45.9,0.0,43.6,sandy,fruiting,HIGH
28.6,71.8,38.6,95.0,sandy,seedling,LOW
31.3,59.0,7.4,64.5,sandy,seedling,LOW
22.9,92.2,0.0,84.8,sandy,vegetative,LOW
37.3,41.9,0.0,5.0,sandy,fruiting,HIGH
20.5,49.3,0.0,65.0,sandy,seedling,MEDIUM
36.1,26.6,14.9,29.9,clay,flowering,MEDIUM
33.7,73.7,1.8,54.8,loamy,fruiting,MEDIUM
39.6,45.7,0.0,19.2,sandy,vegetative,HIGH
38.2,76.6,0.0,74.9,sandy,vegetative,MEDIUM
27.4,90.6,0.0,33.0,sandy,fruiting,HIGH
32.3,53.2,0.0,45.5,clay,flowering,MEDIUM
26.3,60.3,0.0,51.6,clay,flowering,MEDIUM
21.3,52.2,0.0,41.7,loamy,fruiting,MEDIUM
20.5,84.9,8.3,71.2,clay,seedling,LOW
19.1,61.6,8.8,58.1,loamy,seedling,LOW
27.5,71.6,29.7,75.9,loamy,fruiting,LOW
28.1,78.3,0.0,45.8,clay,seedling,MEDIUM
37.7,34.7,14.5,62.7,sandy,flowering,MEDIUM
25.6,31.3,0.0,40.2,clay,vegetative,MEDIUM
21.4,55.6,0.0,30.6,loamy,seedling,MEDIUM
18.9,43.5,0.0,52.9,clay,seedling,MEDIUM
38.2,81.3,0.0,39.7,clay,vegetative,MEDIUM
18.4,70.0,0.0,56.1,clay,fruiting,LOW
37.8,78.3,0.0,43.8,loamy,seedling,MEDIUM
26.6,64.3,0.0,61.2,sandy,fruiting,MEDIUM
38.5,25.5,1.7,23.8,clay,fruiting,HIGH
29.8,55.9,0.0,45.7,clay,fruiting,MEDIUM
26.3,63.9,5.4,77.0,loamy,flowering,LOW
29.7,52.3,1.0,58.5,sandy,vegetative,MEDIUM
35.3,28.3,0.0,45.5,sandy,vegetative,HIGH
20.8,58.5,0.0,41.7,clay,vegetative,LOW
37.1,84.5,1.5,47.5,clay,seedling,MEDIUM
38.9,29.9,0.0,52.0,clay,fruiting,MEDIUM
31.5,33.1,26.3,64.8,clay,flowering,LOW
28.1,31.7,4.7,38.2,loamy,vegetative,MEDIUM
32.7,42.9,0.0,23.5,loamy,flowering,HIGH
33.1,54.0,0.0,66.9,clay,seedling,LOW
35.8,36.2,0.0,61.0,sandy,vegetative,MEDIUM
40.9,35.4,0.0,46.4,sandy,vegetative,HIGH
34.1,71.5,15.9,50.0,loamy,seedling,LOW
40.6,83.1,3.9,44.2,clay,vegetative,LOW
36.1,55.4,0.0,36.3,loamy,vegetative,MEDIUM
22.8,26.7,1.2,58.1,loamy,seedling,MEDIUM
23.0,86.5,0.0,48.9,clay,vegetative,LOW
26.6,71.0,4.7,7.6,sandy,seedling,HIGH
37.5,87.4,0.0,13.4,sandy,flowering,HIGH
29.3,56.3,1.4,18.3,clay,flowering,MEDIUM
35.2,67.6,6.2,44.4,loamy,seedling,MEDIUM
30.2,73.0,13.7,64.9,clay,flowering,LOW
41.6,33.1,0.0,45.8,clay,vegetative,MEDIUM
33.0,38.9,37.6,65.7,loamy,flowering,LOW
31.7,50.2,0.0,53.0,loamy,seedling,MEDIUM
19.9,71.1,3.5,64.0,clay,seedling,LOW
20.6,53.5,4.5,17.7,loamy,vegetative,MEDIUM
33.1,63.9,0.0,21.3,clay,flowering,MEDIUM
34.4,67.2,0.0,48.0,sandy,flowering,MEDIUM
26.1,84.6,2.7,45.3,sandy,seedling,MEDIUM
21.3,57.0,4.8,52.7,clay,fruiting,LOW
19.9,47.1,0.0,72.3,clay,flowering,LOW
23.2,35.8,0.0,58.8,clay,vegetative,LOW
24.7,31.6,0.0,44.6,loamy,vegetative,MEDIUM
28.3,53.6,0.0,59.8,loamy,flowering,MEDIUM
40.8,73.6,1.4,47.9,sandy,fruiting,HIGH
38.8,75.9,0.0,40.4,sandy,fruiting,HIGH
33.9,73.4,0.0,44.5,sandy,fruiting,HIGH
25.9,53.6,0.0,63.4,loamy,vegetative,LOW
37.4,63.5,0.0,47.7,loamy,seedling,HIGH
25.0,68.2,0.0,58.1,loamy,vegetative,MEDIUM
37.8,39.0,0.0,43.0,loamy,vegetative,MEDIUM
21.6,64.7,0.0,27.4,sandy,vegetative,MEDIUM
39.0,90.3,8.1,61.4,clay,fruiting,LOW
20.8,58.3,0.0,5.0,clay,vegetative,MEDIUM
21.5,52.6,3.8,67.3,clay,flowering,LOW
34.6,88.0,12.6,32.5,sandy,flowering,MEDIUM
37.2,49.9,0.0,61.2,sandy,vegetative,MEDIUM
28.8,68.8,0.0,26.0,loamy,vegetative,MEDIUM
41.5,30.3,0.0,20.8,sandy,vegetative,HIGH
22.4,79.8,0.0,28.1,sandy,fruiting,HIGH
34.9,82.6,0.0,70.2,sandy,fruiting,MEDIUM
29.0,53.4,2.1,57.3,clay,fruiting,LOW
28.8,79.1,0.0,39.1,sandy,vegetative,MEDIUM
21.1,57.9,0.0,64.7,clay,seedling,LOW
31.4,50.2,17.1,73.6,clay,seedling,LOW
32.5,54.4,0.0,47.8,loamy,fruiting,MEDIUM
21.6,58.4,0.0,24.6,sandy,seedling,HIGH
37.6,86.6,3.7,82.6,sandy,seedling,LOW
20.7,34.5,0.0,69.4,sandy,vegetative,MEDIUM
22.5,89.4,0.0,35.4,sandy,flowering,MEDIUM
28.9,60.4,0.0,58.2,sandy,seedling,MEDIUM
34.0,47.8,32.3,89.2,sandy,seedling,LOW
38.8,28.4,0.0,50.3,clay,flowering,MEDIUM
22.2,72.2,0.0,52.4,clay,seedling,LOW
25.3,52.8,0.0,55.3,sandy,vegetative,MEDIUM
23.8,59.5,0.0,37.7,loamy,fruiting,MEDIUM
40.3,68.2,10.6,32.2,sandy,flowering,MEDIUM
32.3,68.6,0.0,62.6,loamy,fruiting,MEDIUM
41.5,93.0,0.0,10.3,sandy,vegetative,HIGH
24.7,41.1,0.0,41.3,sandy,flowering,HIGH
21.8,72.6,16.8,57.6,clay,seedling,LOW
40.3,81.2,0.0,46.9,sandy,seedling,HIGH
31.7,94.6,0.0,65.3,sandy,flowering,MEDIUM
38.6,86.5,0.0,49.1,sandy,fruiting,MEDIUM
33.8,66.3,4.8,28.7,sandy,seedling,HIGH
38.2,85.6,0.0,28.3,sandy,seedling,HIGH
29.5,47.4,35.4,65.5,sandy,fruiting,LOW
23.7,32.1,0.0,41.1,loamy,vegetative,MEDIUM
23.5,72.3,11.8,60.8,loamy,flowering,LOW
28.1,94.4,0.0,28.3,sandy,fruiting,MEDIUM
24.9,84.7,13.2,84.0,clay,seedling,LOW
30.8,80.1,1.2,41.6,loamy,vegetative,LOW
25.4,46.7,0.0,41.7,sandy,vegetative,MEDIUM
30.2,80.4,18.7,61.3,sandy,flowering,LOW
22.0,67.0,0.0,50.0,loamy,seedling,MEDIUM
24.5,68.4,30.7,77.6,clay,flowering,LOW
21.8,62.6,0.0,38.2,sandy,flowering,MEDIUM
21.2,81.7,0.0,44.6,sandy,seedling,MEDIUM
21.4,32.6,0.0,38.0,clay,vegetative,MEDIUM
36.6,44.3,0.0,74.2,sandy,fruiting,HIGH
21.8,86.0,0.0,49.0,clay,flowering,LOW
22.6,79.0,29.1,48.0,clay,vegetative,LOW
21.1,27.3,0.0,69.6,clay,fruiting,MEDIUM
38.1,71.1,6.6,39.9,sandy,flowering,HIGH
18.7,43.6,0.0,57.4,clay,flowering,LOW
39.6,27.1,2.7,54.2,loamy,seedling,HIGH
29.4,94.4,0.6,55.2,loamy,fruiting,MEDIUM
28.0,54.2,4.6,24.7,clay,flowering,MEDIUM
25.2,52.7,0.0,73.7,loamy,seedling,MEDIUM
35.7,51.3,10.4,62.2,sandy,vegetative,LOW
30.9,88.0,1.4,57.4,clay,vegetative,LOW
28.7,59.9,4.0,54.0,loamy,vegetative,LOW
33.0,62.7,0.0,19.8,loamy,fruiting,HIGH
36.1,69.8,0.0,53.0,clay,fruiting,MEDIUM
41.8,41.6,0.0,84.6,sandy,seedling,HIGH
25.9,89.8,0.0,86.4,clay,fruiting,LOW
36.8,30.7,0.0,52.0,clay,flowering,MEDIUM
27.3,50.1,0.0,28.7,sandy,seedling,HIGH
34.0,94.4,0.0,49.9,loamy,vegetative,LOW
36.1,86.5,0.0,88.4,sandy,fruiting,LOW
18.2,29.7,0.0,52.0,loamy,flowering,MEDIUM
37.4,34.2,0.0,75.9,loamy,fruiting,MEDIUM
36.5,61.7,0.0,33.6,loamy,fruiting,HIGH
25.5,85.4,0.0,16.3,clay,flowering,MEDIUM
25.3,87.8,0.0,36.3,sandy,vegetative,MEDIUM
33.7,82.2,0.0,47.9,loamy,fruiting,MEDIUM
40.9,83.6,4.0,17.5,clay,fruiting,MEDIUM
20.4,57.3,4.7,67.4,clay,fruiting,LOW
21.9,74.8,14.8,83.3,clay,vegetative,LOW
28.8,39.2,0.0,50.5,loamy,seedling,MEDIUM
24.3,73.1,10.1,36.3,clay,fruiting,LOW
37.5,53.6,0.0,57.9,clay,vegetative,MEDIUM
33.6,54.0,0.0,23.0,clay,seedling,MEDIUM
32.7,80.0,3.5,20.4,sandy,flowering,HIGH
38.2,35.0,0.0,38.4,sandy,vegetative,HIGH
18.1,40.1,9.1,39.0,sandy,flowering,MEDIUM
23.4,82.6,0.0,47.1,clay,fruiting,MEDIUM
40.0,82.2,0.0,46.3,sandy,seedling,HIGH
19.3,93.0,0.0,49.8,sandy,flowering,LOW
28.5,58.2,7.3,43.7,loamy,vegetative,LOW
41.1,73.5,24.1,78.1,loamy,fruiting,LOW
28.0,62.1,0.0,67.7,sandy,fruiting,MEDIUM
22.9,45.9,11.4,89.8,sandy,vegetative,LOW
35.1,86.5,3.3,53.5,sandy,seedling,MEDIUM
30.7,52.0,0.0,49.7,clay,vegetative,MEDIUM
34.6,27.7,0.0,56.1,sandy,vegetative,HIGH
24.7,35.8,3.9,60.1,loamy,seedling,MEDIUM
39.2,39.8,0.0,30.8,clay,fruiting,HIGH
19.3,61.3,0.0,34.0,loamy,seedling,MEDIUM
20.7,82.9,0.0,59.6,clay,seedling,LOW
25.6,58.3,30.5,83.9,clay,seedling,LOW
23.3,48.2,0.0,57.5,loamy,vegetative,MEDIUM
37.6,82.5,0.0,24.6,sandy,vegetative,HIGH
29.9,35.5,0.0,49.9,loamy,vegetative,MEDIUM
38.4,33.9,8.9,33.0,sandy,vegetative,MEDIUM
40.5,38.0,4.5,59.8,sandy,seedling,HIGH
29.1,44.2,0.0,69.0,clay,fruiting,MEDIUM
36.0,32.4,0.0,36.4,sandy,vegetative,HIGH
24.5,79.8,0.7,67.2,loamy,vegetative,LOW
23.3,65.7,0.0,56.1,clay,flowering,LOW
28.3,51.1,0.0,5.0,loamy,fruiting,HIGH
34.9,60.3,0.0,60.1,clay,flowering,MEDIUM
30.1,92.9,0.0,71.8,loamy,seedling,LOW
29.3,86.3,3.4,65.1,loamy,seedling,MEDIUM
31.2,64.7,0.0,61.2,sandy,seedling,MEDIUM
41.4,81.1,0.0,21.0,clay,seedling,MEDIUM
40.7,54.8,0.0,13.7,clay,vegetative,MEDIUM
35.2,45.7,0.0,19.2,clay,vegetative,MEDIUM
30.8,69.4,0.0,38.1,sandy,fruiting,HIGH
30.8,28.3,0.0,41.8,loamy,fruiting,HIGH
33.3,91.2,16.7,61.4,clay,flowering,LOW
34.8,49.0,0.0,27.6,clay,flowering,MEDIUM
25.4,69.7,1.0,57.4,clay,vegetative,LOW
39.5,58.7,0.0,16.4,loamy,vegetative,HIGH
35.8,74.4,0.0,65.7,loamy,seedling,MEDIUM
26.3,80.7,0.0,29.1,clay,fruiting,LOW
41.0,64.6,0.0,53.7,sandy,vegetative,HIGH
27.9,63.4,1.9,95.0,loamy,seedling,LOW
18.9,68.6,0.0,59.8,sandy,fruiting,MEDIUM
28.3,67.8,11.1,50.8,sandy,seedling,MEDIUM
33.3,32.2,0.9,29.0,clay,fruiting,MEDIUM
28.9,53.1,6.4,63.0,loamy,flowering,LOW
37.3,84.6,0.0,53.4,clay,fruiting,MEDIUM
25.9,72.9,0.0,51.3,loamy,vegetative,MEDIUM
33.9,70.8,0.5,55.0,sandy,flowering,MEDIUM
41.1,44.5,8.4,50.5,clay,fruiting,MEDIUM
36.3,71.8,11.3,50.9,sandy,flowering,LOW
27.5,77.6,0.0,57.3,sandy,seedling,MEDIUM
20.7,26.3,1.1,25.6,sandy,flowering,HIGH
21.2,59.5,0.0,35.5,clay,flowering,MEDIUM
18.7,60.6,2.9,36.3,sandy,vegetative,MEDIUM
27.1,35.9,0.0,46.8,loamy,vegetative,MEDIUM
25.8,70.1,10.2,41.1,clay,seedling,LOW
36.4,87.9,0.0,36.3,sandy,vegetative,MEDIUM
27.1,81.0,2.3,43.4,clay,seedling,MEDIUM
20.1,63.7,0.0,87.5,loamy,vegetative,LOW
27.6,28.6,1.6,36.9,clay,vegetative,MEDIUM
20.8,81.9,0.0,45.9,clay,seedling,LOW
36.5,57.8,0.0,52.9,sandy,flowering,HIGH
22.0,51.9,7.9,93.8,sandy,seedling,LOW
33.7,43.1,2.1,47.7,clay,fruiting,MEDIUM
26.2,82.1,0.0,34.2,sandy,seedling,MEDIUM
32.9,69.7,11.7,58.0,loamy,seedling,LOW
30.3,90.9,3.3,39.6,loamy,seedling,MEDIUM
38.4,73.4,0.0,24.8,loamy,flowering,HIGH
28.1,83.4,1.0,30.5,loamy,vegetative,MEDIUM
35.4,53.3,0.0,23.8,loamy,fruiting,HIGH
18.1,30.6,2.9,62.9,clay,flowering,LOW
38.2,91.0,0.0,20.5,sandy,seedling,HIGH
34.1,26.7,0.0,20.5,loamy,fruiting,HIGH
25.6,94.9,1.5,14.2,clay,seedling,MEDIUM
32.3,67.1,0.0,30.0,clay,vegetative,MEDIUM
32.7,29.5,0.0,40.1,sandy,fruiting,HIGH
29.3,70.1,36.4,82.6,loamy,seedling,LOW
18.1,28.4,0.0,25.6,loamy,vegetative,MEDIUM
25.5,86.4,26.6,58.3,sandy,fruiting,LOW
28.5,45.2,0.0,64.5,sandy,seedling,MEDIUM
23.4,27.5,7.8,64.1,clay,vegetative,LOW
29.8,44.9,5.1,19.8,sandy,vegetative,HIGH
18.8,95.0,3.9,49.9,clay,vegetative,LOW
20.6,88.9,0.0,66.1,clay,flowering,LOW
22.8,54.3,0.0,68.1,loamy,vegetative,LOW
38.8,66.0,5.0,21.6,loamy,flowering,MEDIUM
23.1,45.2,9.3,56.8,loamy,fruiting,LOW
27.1,64.9,0.0,41.3,sandy,fruiting,HIGH
29.4,42.2,0.0,36.3,sandy,vegetative,HIGH
32.6,49.4,3.8,51.9,clay,seedling,MEDIUM
35.4,82.7,38.3,48.3,sandy,fruiting,LOW
39.4,74.6,0.0,48.4,sandy,seedling,HIGH
22.4,41.2,0.0,32.8,sandy,flowering,HIGH
19.0,28.5,6.1,28.9,clay,seedling,MEDIUM
39.0,85.5,10.7,82.9,loamy,seedling,LOW
20.9,63.6,0.0,94.6,loamy,flowering,LOW
25.3,80.5,11.4,76.5,sandy,flowering,LOW
21.8,51.6,7.2,21.1,sandy,seedling,HIGH
35.9,26.4,2.2,33.8,loamy,flowering,HIGH
40.4,93.2,0.0,40.9,loamy,seedling,HIGH
38.4,69.0,33.7,46.9,sandy,vegetative,LOW
41.4,45.3,0.0,78.1,clay,fruiting,MEDIUM
32.5,65.9,0.0,41.7,loamy,fruiting,MEDIUM
18.6,86.8,0.0,48.5,loamy,fruiting,MEDIUM
24.2,56.4,0.0,50.2,clay,vegetative,LOW
20.8,73.9,0.0,43.6,sandy,fruiting,MEDIUM
33.2,42.9,2.2,45.0,sandy,flowering,HIGH
40.0,86.8,0.0,17.8,loamy,fruiting,HIGH
28.4,73.3,0.9,59.5,loamy,vegetative,LOW
37.7,64.4,35.3,76.3,loamy,flowering,LOW
32.9,91.0,7.6,53.4,clay,flowering,MEDIUM
35.6,71.3,25.2,62.9,loamy,seedling,LOW
41.3,46.8,5.8,46.3,clay,fruiting,MEDIUM
26.2,56.6,4.4,62.6,clay,fruiting,LOW
23.5,77.9,3.8,50.0,loamy,seedling,LOW
20.9,46.5,0.0,66.9,clay,seedling,LOW
34.8,31.6,0.0,60.9,clay,vegetative,MEDIUM
27.1,61.3,0.0,70.9,clay,seedling,LOW
41.0,55.9,1.8,50.0,sandy,seedling,HIGH
22.3,28.1,4.1,63.8,loamy,fruiting,MEDIUM
24.8,26.8,0.0,37.5,sandy,fruiting,HIGH
24.7,90.9,0.0,20.1,sandy,vegetative,MEDIUM
38.0,67.0,0.0,43.7,loamy,fruiting,HIGH
28.6,50.2,10.7,66.3,clay,seedling,LOW
25.4,40.8,0.0,64.7,loamy,fruiting,MEDIUM
35.4,74.9,0.0,32.0,loamy,fruiting,HIGH
28.1,26.2,0.0,47.3,sandy,seedling,HIGH
22.1,33.2,35.5,65.7,sandy,seedling,LOW
36.0,62.6,2.5,33.6,loamy,fruiting,HIGH
25.0,28.7,11.7,51.5,sandy,fruiting,MEDIUM
27.1,47.9,26.3,87.6,loamy,seedling,LOW
30.4,37.6,0.0,38.4,loamy,flowering,MEDIUM
23.4,51.9,0.0,23.7,clay,fruiting,MEDIUM
18.5,30.9,0.0,42.7,sandy,fruiting,HIGH
40.7,55.4,1.4,18.1,sandy,flowering,HIGH
39.9,52.0,0.0,24.2,loamy,seedling,HIGH
29.7,46.9,1.2,42.4,clay,vegetative,MEDIUM
36.7,50.7,3.3,72.0,loamy,vegetative,MEDIUM
34.7,78.9,0.0,16.8,clay,vegetative,MEDIUM
18.2,36.9,13.5,51.1,loamy,seedling,LOW
29.8,88.5,0.0,38.2,clay,fruiting,LOW
39.4,70.8,0.0,15.5,sandy,flowering,HIGH
29.5,26.7,0.0,73.1,loamy,fruiting,MEDIUM
19.9,28.0,4.1,41.3,sandy,seedling,HIGH
32.2,81.4,0.0,24.8,sandy,seedling,HIGH
18.8,27.0,0.0,28.8,clay,fruiting,MEDIUM
37.1,77.5,0.0,36.1,loamy,flowering,HIGH
22.3,35.4,12.0,69.4,clay,vegetative,LOW
37.1,70.1,0.0,39.9,sandy,vegetative,HIGH
25.6,79.0,0.0,48.1,sandy,flowering,MEDIUM
41.6,87.1,26.9,65.8,loamy,seedling,LOW
26.3,52.2,4.5,79.0,loamy,fruiting,LOW
41.3,92.7,0.0,27.6,loamy,vegetative,MEDIUM
21.1,40.7,0.9,72.8,clay,flowering,LOW
39.2,31.0,0.0,45.6,sandy,seedling,HIGH
24.9,90.8,4.0,64.9,sandy,fruiting,LOW
38.2,37.7,0.0,48.8,loamy,flowering,HIGH
21.6,74.4,0.0,33.8,sandy,vegetative,MEDIUM
24.7,26.6,26.8,89.7,loamy,fruiting,LOW
25.3,47.0,0.0,72.6,loamy,fruiting,LOW
20.4,72.0,0.0,69.7,clay,vegetative,LOW
28.7,39.3,0.0,84.6,clay,fruiting,LOW
30.8,39.3,0.0,15.2,loamy,fruiting,HIGH
31.2,61.1,0.0,33.9,sandy,vegetative,HIGH
36.3,70.4,0.0,47.2,sandy,vegetative,MEDIUM
38.3,53.4,0.0,47.7,loamy,flowering,MEDIUM
29.4,39.6,2.9,61.8,sandy,vegetative,MEDIUM
33.5,68.7,0.0,30.5,loamy,vegetative,MEDIUM
25.0,44.6,0.0,59.7,loamy,flowering,MEDIUM
21.6,36.3,0.0,62.8,sandy,fruiting,MEDIUM
27.3,72.8,0.0,71.6,loamy,seedling,LOW
34.0,69.2,5.3,49.5,loamy,vegetative,LOW
26.4,28.6,2.4,46.0,clay,fruiting,MEDIUM
32.9,50.4,0.0,24.6,clay,seedling,MEDIUM
36.7,59.3,4.8,16.5,sandy,vegetative,HIGH
26.7,93.0,0.0,57.2,clay,vegetative,LOW
19.7,44.5,0.0,58.8,loamy,vegetative,MEDIUM
24.9,49.1,0.0,52.7,clay,fruiting,MEDIUM
21.5,59.9,0.0,43.6,sandy,flowering,MEDIUM
27.3,78.3,0.0,67.7,sandy,vegetative,LOW
21.7,88.9,2.0,54.1,clay,seedling,LOW
25.4,60.6,0.0,49.4,loamy,flowering,MEDIUM
29.5,70.1,2.8,63.1,sandy,flowering,MEDIUM
22.6,41.3,0.0,34.0,loamy,seedling,HIGH
35.2,55.7,0.0,60.2,clay,fruiting,MEDIUM
33.5,38.4,0.0,72.9,clay,fruiting,MEDIUM
21.0,89.9,0.0,76.7,loamy,fruiting,LOW
24.8,77.2,0.0,44.2,loamy,flowering,MEDIUM
29.7,57.3,0.0,50.9,clay,fruiting,MEDIUM
33.7,78.1,0.0,57.6,clay,flowering,MEDIUM
24.4,84.3,0.0,10.3,sandy,vegetative,MEDIUM
31.3,54.1,0.0,55.2,loamy,fruiting,HIGH
19.4,54.6,0.0,66.8,loamy,vegetative,LOW
26.2,93.8,0.0,58.8,clay,vegetative,LOW
26.8,31.8,0.0,48.0,clay,fruiting,MEDIUM
31.6,35.8,1.4,30.7,loamy,flowering,HIGH
38.4,32.4,1.0,21.3,clay,fruiting,HIGH
18.7,57.7,2.0,45.5,clay,flowering,LOW
34.9,29.9,2.0,48.6,clay,seedling,MEDIUM
20.4,85.3,1.0,58.4,sandy,seedling,MEDIUM
27.3,74.4,1.1,42.6,sandy,seedling,MEDIUM
22.0,68.9,0.0,58.1,clay,fruiting,LOW
31.9,34.0,0.0,53.5,sandy,fruiting,HIGH
33.8,82.5,0.0,26.5,clay,seedling,MEDIUM
25.3,47.5,3.8,38.5,clay,fruiting,MEDIUM
20.4,78.3,0.0,57.1,clay,seedling,LOW
35.6,77.9,0.0,45.7,clay,flowering,LOW
22.5,35.9,0.0,61.9,loamy,vegetative,LOW
35.0,81.4,3.3,52.8,sandy,fruiting,MEDIUM
20.5,85.3,2.8,5.0,clay,fruiting,MEDIUM
24.9,34.0,1.4,5.0,sandy,vegetative,HIGH
36.6,53.2,24.1,66.4,loamy,seedling,LOW
24.7,85.9,25.0,55.4,loamy,fruiting,LOW
20.2,71.7,28.7,51.3,loamy,fruiting,LOW
39.7,33.2,0.0,40.4,sandy,flowering,HIGH
34.9,59.1,29.3,74.9,sandy,flowering,LOW
23.8,75.0,0.0,26.5,loamy,flowering,MEDIUM
23.3,57.9,6.9,60.5,loamy,fruiting,LOW
24.5,56.0,14.9,59.9,clay,vegetative,LOW
34.4,94.5,0.0,44.9,sandy,fruiting,HIGH
18.7,59.4,0.0,57.1,sandy,seedling,MEDIUM
33.0,73.6,2.3,54.4,sandy,vegetative,MEDIUM
41.5,83.0,37.6,95.0,loamy,flowering,LOW
27.9,33.7,0.0,46.5,loamy,vegetative,MEDIUM
19.8,38.3,0.0,43.1,clay,fruiting,MEDIUM
32.2,35.5,38.7,85.4,sandy,fruiting,LOW
35.3,57.9,0.0,21.8,sandy,fruiting,HIGH
28.1,45.4,0.0,34.6,sandy,fruiting,HIGH
19.0,85.3,0.0,43.6,sandy,fruiting,MEDIUM
37.5,65.9,0.0,61.1,clay,vegetative,MEDIUM
19.1,51.6,17.8,78.5,loamy,flowering,LOW
37.6,38.4,0.0,41.6,clay,vegetative,MEDIUM
25.2,61.2,0.0,58.1,loamy,vegetative,MEDIUM
27.6,71.5,0.0,52.8,sandy,vegetative,MEDIUM
21.9,62.3,13.9,55.2,clay,seedling,LOW
19.9,92.1,0.0,44.0,clay,fruiting,LOW
22.9,91.1,0.0,35.8,clay,flowering,LOW
21.3,86.8,6.6,56.4,clay,vegetative,LOW
23.9,62.3,0.0,34.1,loamy,vegetative,MEDIUM
41.3,37.2,0.0,52.2,sandy,seedling,HIGH
24.8,62.3,0.0,45.9,sandy,fruiting,MEDIUM
18.5,31.7,0.0,54.3,sandy,vegetative,MEDIUM
20.4,26.8,0.7,27.4,sandy,seedling,HIGH
38.2,47.9,8.8,79.4,clay,fruiting,LOW
27.8,87.1,4.6,54.3,sandy,vegetative,LOW
40.9,49.1,0.0,16.9,loamy,flowering,HIGH
40.2,88.2,0.0,32.5,sandy,vegetative,HIGH
33.4,61.9,0.0,48.2,clay,vegetative,MEDIUM
25.9,94.0,23.1,84.2,loamy,vegetative,LOW
39.4,71.5,4.4,55.2,clay,vegetative,LOW
40.7,87.9,0.0,27.5,clay,fruiting,MEDIUM
31.8,28.3,1.4,61.7,loamy,seedling,MEDIUM
23.7,41.1,0.0,58.1,loamy,seedling,MEDIUM
40.6,80.9,0.0,33.1,sandy,seedling,HIGH
38.8,49.4,0.0,35.3,clay,seedling,MEDIUM
38.4,87.1,0.0,17.6,sandy,fruiting,HIGH
24.2,64.3,1.3,68.3,clay,seedling,LOW
28.0,45.9,0.0,35.7,sandy,vegetative,HIGH
23.5,92.0,0.0,75.0,loamy,flowering,LOW
22.6,86.1,3.7,40.6,sandy,seedling,MEDIUM
26.4,40.2,1.8,37.7,sandy,fruiting,HIGH
18.0,29.1,0.0,54.6,loamy,vegetative,MEDIUM
20.6,78.6,7.9,72.7,loamy,seedling,LOW
19.0,60.0,0.0,44.6,loamy,seedling,MEDIUM
39.4,78.6,0.0,14.8,loamy,seedling,HIGH
37.7,49.1,0.0,43.3,loamy,seedling,HIGH
39.8,40.1,0.0,25.2,sandy,fruiting,HIGH
21.3,44.9,22.9,75.7,loamy,flowering,LOW
40.3,77.6,1.6,36.4,clay,fruiting,MEDIUM
32.6,51.3,0.0,50.0,sandy,vegetative,HIGH
32.9,83.0,0.0,13.0,loamy,seedling,HIGH
32.4,55.8,0.0,46.5,sandy,seedling,HIGH
31.4,50.7,0.0,51.3,sandy,flowering,HIGH
24.8,55.3,0.0,66.8,loamy,fruiting,MEDIUM
38.3,42.8,2.1,48.5,clay,seedling,MEDIUM
28.5,84.0,0.0,44.7,sandy,flowering,MEDIUM
38.5,83.5,0.0,58.1,sandy,vegetative,MEDIUM
20.4,85.2,0.0,41.1,clay,seedling,MEDIUM
18.4,66.0,0.0,31.1,clay,seedling,MEDIUM
25.1,90.4,3.7,66.5,clay,vegetative,LOW
34.4,38.2,0.0,42.6,sandy,flowering,HIGH
18.6,58.6,5.0,46.4,sandy,vegetative,MEDIUM
18.7,89.3,0.0,39.4,sandy,flowering,MEDIUM
36.2,27.7,0.0,15.9,sandy,vegetative,HIGH
33.6,92.9,0.5,49.5,sandy,vegetative,MEDIUM
20.3,34.8,0.0,67.9,loamy,flowering,MEDIUM
35.5,70.2,7.3,57.3,loamy,vegetative,LOW
18.4,94.9,0.0,61.5,sandy,flowering,MEDIUM
26.0,47.7,0.0,55.0,clay,flowering,MEDIUM
27.3,29.0,3.7,30.8,loamy,fruiting,MEDIUM
29.5,75.2,0.0,47.9,loamy,fruiting,MEDIUM
33.8,44.3,0.0,49.5,sandy,flowering,HIGH
19.5,81.3,0.0,31.5,sandy,vegetative,MEDIUM
20.7,85.2,0.0,23.8,clay,flowering,MEDIUM
32.4,68.0,26.6,70.0,loamy,seedling,LOW
24.3,78.0,3.6,6.4,clay,flowering,MEDIUM
19.1,85.6,0.0,29.7,sandy,vegetative,MEDIUM
24.4,74.0,26.6,67.8,clay,fruiting,LOW
25.7,42.0,1.2,64.7,loamy,fruiting,MEDIUM
24.9,66.5,0.0,58.2,loamy,flowering,LOW
19.8,61.3,0.0,64.0,loamy,seedling,LOW
35.8,42.8,0.0,56.1,clay,fruiting,MEDIUM
29.1,47.2,0.0,36.3,loamy,vegetative,MEDIUM
35.7,91.9,0.0,59.3,clay,flowering,MEDIUM
39.7,34.8,8.4,61.0,loamy,seedling,MEDIUM
27.2,90.2,1.5,43.3,loamy,vegetative,MEDIUM
39.2,72.4,0.0,43.6,sandy,flowering,HIGH
36.0,35.8,0.0,27.9,clay,fruiting,MEDIUM
29.4,50.3,0.0,37.8,loamy,flowering,MEDIUM
40.2,40.6,0.0,25.7,loamy,seedling,HIGH
37.3,59.1,0.0,14.5,sandy,vegetative,HIGH
40.8,50.3,0.0,29.6,loamy,fruiting,HIGH
26.0,89.0,2.9,60.0,sandy,flowering,LOW
28.0,49.8,0.0,46.0,sandy,seedling,HIGH
37.1,29.2,2.9,61.8,sandy,flowering,MEDIUM
38.9,38.4,0.0,26.3,loamy,vegetative,MEDIUM
29.5,35.0,0.0,49.8,loamy,seedling,MEDIUM
22.8,77.8,0.0,45.8,sandy,flowering,MEDIUM
28.0,55.1,0.0,54.8,clay,seedling,MEDIUM
18.1,94.4,0.0,32.6,clay,flowering,MEDIUM
19.8,27.2,1.7,74.5,sandy,fruiting,MEDIUM
39.6,63.2,0.0,47.3,clay,flowering,MEDIUM
38.6,64.7,0.0,54.9,sandy,seedling,HIGH
36.1,76.0,0.0,41.6,loamy,flowering,HIGH
37.6,57.6,0.0,26.9,clay,vegetative,MEDIUM
35.3,45.6,1.8,28.6,clay,vegetative,MEDIUM
25.3,48.0,0.0,40.6,sandy,flowering,MEDIUM
19.4,91.7,0.0,60.9,clay,seedling,LOW
41.2,37.8,8.9,34.4,clay,fruiting,MEDIUM
40.1,51.1,0.0,34.1,clay,fruiting,MEDIUM
32.8,67.8,0.0,53.0,loamy,flowering,MEDIUM
18.2,84.8,0.6,38.0,sandy,vegetative,MEDIUM
26.6,60.7,3.1,66.7,sandy,fruiting,LOW
28.4,85.2,16.2,38.8,loamy,seedling,LOW
29.8,45.4,0.0,59.2,loamy,fruiting,MEDIUM
25.7,64.9,0.0,79.5,sandy,seedling,LOW
33.1,53.9,0.0,42.8,loamy,vegetative,MEDIUM
27.9,46.4,21.2,61.8,clay,flowering,LOW
36.0,46.9,0.0,62.9,clay,fruiting,MEDIUM
18.6,47.2,0.0,44.2,sandy,seedling,MEDIUM
37.7,61.4,2.8,31.2,loamy,seedling,HIGH
36.9,50.0,0.0,42.1,clay,seedling,MEDIUM
29.0,35.9,0.0,19.2,loamy,flowering,HIGH
41.8,52.9,0.0,33.0,sandy,fruiting,HIGH
30.7,73.0,0.0,55.3,sandy,seedling,MEDIUM
23.6,31.1,0.0,48.9,loamy,seedling,MEDIUM
31.2,57.7,0.0,25.4,sandy,fruiting,HIGH
35.1,40.5,0.0,51.2,sandy,fruiting,HIGH
41.5,77.0,0.0,30.3,clay,flowering,MEDIUM
24.8,39.0,0.0,41.4,loamy,flowering,MEDIUM
39.7,66.1,14.0,60.1,loamy,fruiting,LOW
39.0,50.8,0.0,22.8,sandy,flowering,HIGH
37.8,35.4,8.0,59.8,loamy,seedling,MEDIUM
25.1,90.4,0.0,48.0,loamy,flowering,LOW
19.8,48.1,0.0,66.0,clay,fruiting,LOW
22.1,74.7,0.0,64.0,loamy,seedling,MEDIUM
37.2,43.4,0.0,29.1,loamy,seedling,HIGH
21.1,44.4,0.0,45.2,sandy,vegetative,MEDIUM
28.8,80.8,0.0,62.0,sandy,seedling,MEDIUM
27.4,39.7,0.0,57.3,sandy,seedling,HIGH
34.0,85.4,4.4,51.1,loamy,fruiting,MEDIUM
22.3,80.9,0.0,42.1,sandy,vegetative,MEDIUM
41.6,32.5,0.0,47.0,sandy,vegetative,HIGH
39.8,82.8,0.0,7.8,clay,flowering,MEDIUM
19.1,83.1,0.0,32.8,clay,seedling,LOW
41.2,71.3,0.0,29.0,clay,seedling,HIGH
32.3,74.0,0.0,72.8,loamy,seedling,MEDIUM
26.6,36.4,0.0,48.8,sandy,seedling,HIGH
26.3,83.9,0.0,30.7,loamy,seedling,MEDIUM
19.3,36.2,0.0,53.8,loamy,flowering,MEDIUM
29.4,31.6,4.3,65.1,clay,fruiting,LOW
19.2,82.3,0.0,41.7,loamy,vegetative,MEDIUM
37.4,78.3,0.0,46.9,sandy,fruiting,HIGH
29.1,32.6,0.0,50.4,sandy,vegetative,MEDIUM
40.1,59.7,4.7,56.6,loamy,vegetative,MEDIUM
34.1,36.3,0.7,42.3,clay,fruiting,MEDIUM
28.5,36.0,0.0,49.0,clay,fruiting,MEDIUM
21.1,94.3,0.0,38.4,clay,seedling,LOW
27.2,39.0,12.1,40.0,clay,vegetative,LOW
32.8,38.0,0.0,35.3,clay,fruiting,MEDIUM
35.2,94.1,0.0,27.1,clay,fruiting,MEDIUM
27.3,74.2,0.0,49.5,loamy,flowering,MEDIUM
38.7,62.7,0.0,30.1,clay,fruiting,MEDIUM
28.6,81.7,0.0,82.1,sandy,seedling,MEDIUM
24.7,89.3,0.0,30.6,loamy,flowering,MEDIUM
34.1,84.2,5.2,39.3,clay,seedling,MEDIUM
20.7,41.8,0.0,62.2,loamy,vegetative,MEDIUM
31.9,40.4,0.0,49.0,clay,vegetative,MEDIUM
37.1,77.5,1.7,66.0,clay,seedling,LOW
41.7,48.1,0.0,33.9,sandy,fruiting,HIGH
27.9,71.1,0.0,69.1,sandy,vegetative,MEDIUM
41.6,63.5,8.6,47.8,sandy,vegetative,MEDIUM
20.5,25.5,1.7,54.0,loamy,fruiting,MEDIUM
37.0,50.5,3.1,29.5,sandy,fruiting,HIGH
26.8,85.9,0.0,81.5,sandy,flowering,LOW
41.8,63.8,0.0,33.3,sandy,flowering,HIGH
35.9,56.3,0.0,28.8,loamy,fruiting,HIGH
25.8,91.9,27.6,95.0,clay,vegetative,LOW
25.5,58.0,1.3,42.6,clay,seedling,LOW
29.3,36.7,0.8,48.2,sandy,vegetative,MEDIUM
31.0,60.8,0.0,54.7,loamy,fruiting,MEDIUM
23.3,39.5,0.0,39.4,loamy,vegetative,MEDIUM
34.1,69.8,0.0,28.8,loamy,vegetative,MEDIUM
41.7,40.1,0.0,5.0,sandy,flowering,HIGH
26.3,42.3,1.1,50.8,loamy,vegetative,MEDIUM
35.4,52.6,2.2,33.6,clay,flowering,MEDIUM
34.1,25.0,0.0,31.0,clay,seedling,MEDIUM
34.4,67.9,3.4,34.2,sandy,fruiting,HIGH
41.0,48.8,0.0,23.8,sandy,seedling,HIGH
30.4,43.3,0.0,71.2,sandy,seedling,MEDIUM
18.7,43.1,0.0,55.9,loamy,vegetative,LOW
41.2,87.1,0.0,51.4,loamy,seedling,MEDIUM
23.1,51.5,0.0,79.1,loamy,fruiting,LOW
31.7,51.9,0.0,48.5,loamy,flowering,HIGH
22.2,43.3,0.0,52.0,sandy,seedling,MEDIUM
24.1,47.7,0.0,53.7,loamy,fruiting,MEDIUM
33.2,86.9,0.0,54.0,sandy,vegetative,MEDIUM
34.5,73.1,4.6,67.9,loamy,fruiting,LOW
38.4,35.1,6.7,53.5,clay,flowering,MEDIUM
37.4,35.7,7.1,58.2,sandy,fruiting,MEDIUM
35.5,64.5,0.0,52.8,loamy,flowering,MEDIUM
40.7,49.9,10.5,12.8,sandy,seedling,HIGH
18.4,25.9,3.3,85.2,clay,fruiting,LOW
41.8,42.2,0.0,89.3,clay,fruiting,MEDIUM
20.1,53.5,2.8,9.9,sandy,flowering,HIGH
34.9,63.9,0.0,39.1,sandy,fruiting,HIGH
35.3,55.1,0.0,25.2,sandy,flowering,HIGH
21.0,76.0,0.0,26.0,clay,fruiting,MEDIUM
22.5,86.1,0.0,62.8,clay,fruiting,LOW
30.7,73.3,0.0,51.5,sandy,seedling,HIGH
37.9,57.0,2.6,5.0,clay,vegetative,MEDIUM
37.9,77.7,0.0,31.4,sandy,vegetative,HIGH
36.0,69.0,0.0,42.4,sandy,seedling,HIGH
20.8,33.8,1.7,58.4,sandy,flowering,MEDIUM
20.9,85.6,0.0,76.6,sandy,seedling,LOW
39.0,92.4,11.2,37.9,clay,seedling,LOW
34.4,55.2,31.3,62.8,loamy,vegetative,LOW
34.6,58.3,0.0,12.1,clay,fruiting,HIGH
37.5,49.3,0.0,30.6,loamy,fruiting,HIGH
22.7,67.3,0.0,32.7,sandy,vegetative,MEDIUM
26.4,67.2,0.0,41.0,clay,flowering,MEDIUM
34.0,57.2,3.1,33.5,loamy,vegetative,MEDIUM
26.5,25.3,0.9,76.2,sandy,vegetative,MEDIUM
36.1,66.1,0.0,29.1,loamy,flowering,HIGH
37.7,80.5,0.0,39.9,clay,flowering,MEDIUM
39.4,65.8,5.0,12.2,clay,seedling,MEDIUM
29.7,45.0,0.0,56.2,sandy,vegetative,MEDIUM
23.1,85.7,0.0,69.2,clay,fruiting,LOW
40.5,74.6,0.0,72.2,clay,flowering,MEDIUM
33.8,56.8,0.0,25.2,clay,vegetative,MEDIUM
37.4,79.3,0.0,35.9,sandy,flowering,HIGH
18.3,54.9,0.0,36.4,clay,seedling,MEDIUM
29.2,73.8,2.1,38.8,sandy,vegetative,MEDIUM
30.7,39.6,12.8,37.1,loamy,fruiting,MEDIUM
30.6,68.0,1.4,34.0,sandy,seedling,HIGH
40.2,73.6,25.0,68.0,clay,fruiting,LOW
28.1,86.7,10.6,66.6,loamy,flowering,LOW
28.3,27.7,0.0,61.2,sandy,vegetative,MEDIUM
29.7,27.4,0.0,54.3,loamy,seedling,MEDIUM
26.7,94.3,0.0,40.9,sandy,seedling,MEDIUM
20.4,45.4,3.1,40.3,clay,flowering,MEDIUM
32.7,67.4,2.8,41.3,loamy,seedling,MEDIUM
19.6,82.3,38.6,84.9,loamy,vegetative,LOW
27.8,62.3,32.7,38.1,loamy,seedling,LOW
40.5,50.5,4.6,61.9,sandy,seedling,HIGH
21.9,73.5,0.0,42.8,clay,flowering,MEDIUM
29.7,26.9,0.0,46.3,sandy,vegetative,MEDIUM
30.5,65.0,2.6,95.0,sandy,seedling,LOW
22.6,42.7,4.0,39.2,sandy,flowering,MEDIUM
29.7,71.5,0.0,54.6,clay,flowering,LOW
38.0,64.6,0.0,61.9,loamy,fruiting,MEDIUM
19.1,67.5,0.0,42.9,clay,flowering,MEDIUM
28.6,94.9,0.0,38.4,clay,flowering,LOW
30.3,80.3,4.9,37.0,clay,fruiting,MEDIUM
22.4,46.4,0.0,45.6,loamy,flowering,MEDIUM
25.9,66.4,3.8,65.3,loamy,seedling,LOW
34.7,77.7,4.6,59.8,loamy,flowering,MEDIUM
26.5,89.5,2.8,70.6,clay,flowering,LOW
20.6,74.6,0.0,59.7,clay,fruiting,LOW
36.1,46.0,4.7,31.3,sandy,flowering,HIGH
37.3,38.4,0.0,71.0,clay,seedling,MEDIUM
36.7,89.5,0.5,51.6,sandy,fruiting,MEDIUM
24.9,64.0,0.0,83.1,sandy,vegetative,LOW
37.0,29.9,0.0,15.9,loamy,fruiting,HIGH
19.2,78.5,1.8,29.9,sandy,vegetative,MEDIUM
29.4,49.8,4.6,54.4,clay,fruiting,MEDIUM
33.1,92.4,0.0,67.2,loamy,vegetative,LOW
26.7,74.2,0.0,52.1,clay,seedling,MEDIUM
25.2,56.0,0.0,30.9,sandy,fruiting,HIGH
18.4,89.3,0.0,58.8,clay,seedling,MEDIUM
23.2,33.5,0.0,57.1,loamy,fruiting,MEDIUM
33.0,30.1,0.0,59.6,clay,vegetative,LOW
35.4,51.0,0.0,45.2,loamy,flowering,MEDIUM
34.9,26.8,0.0,25.6,loamy,fruiting,HIGH
36.0,85.8,0.0,29.9,clay,fruiting,MEDIUM
39.8,54.9,0.0,39.8,loamy,flowering,HIGH
39.1,82.4,0.0,23.7,sandy,seedling,HIGH
27.1,44.2,0.0,57.6,clay,flowering,LOW
38.7,42.4,0.0,49.9,clay,seedling,HIGH
34.8,41.1,0.0,64.8,loamy,fruiting,MEDIUM
32.0,29.5,0.0,49.2,clay,flowering,MEDIUM
35.1,49.3,6.0,35.5,loamy,seedling,MEDIUM
38.3,72.6,0.0,54.0,sandy,fruiting,HIGH
19.6,51.2,0.0,43.7,clay,vegetative,LOW
27.2,34.2,0.0,76.9,loamy,vegetative,LOW
20.9,58.6,8.8,69.1,clay,flowering,LOW
34.2,84.0,39.6,95.0,clay,vegetative,LOW
34.0,51.2,10.1,43.6,loamy,fruiting,MEDIUM
32.1,60.0,3.0,78.8,loamy,seedling,LOW
41.2,30.6,33.5,77.4,loamy,seedling,LOW
32.3,28.6,2.9,19.0,loamy,seedling,HIGH
32.4,30.8,9.0,72.2,sandy,flowering,MEDIUM
21.0,92.5,0.0,58.1,clay,seedling,LOW
22.6,58.7,0.0,32.3,sandy,fruiting,HIGH
34.8,70.7,8.1,52.9,loamy,seedling,LOW
36.0,81.2,4.7,43.2,loamy,flowering,MEDIUM
33.1,73.4,0.0,50.2,clay,seedling,MEDIUM
39.8,64.2,3.2,53.8,sandy,flowering,HIGH
22.5,46.1,0.0,55.3,sandy,flowering,MEDIUM
28.8,65.1,3.0,57.4,loamy,vegetative,LOW
23.9,66.2,0.0,46.2,sandy,flowering,MEDIUM
41.9,57.4,0.0,23.9,sandy,vegetative,HIGH
20.7,55.7,11.4,95.0,loamy,seedling,LOW
18.9,64.1,2.2,63.8,loamy,vegetative,LOW
18.4,74.2,0.0,12.6,sandy,fruiting,HIGH
34.7,61.6,8.6,66.3,loamy,vegetative,LOW
27.4,34.0,0.0,9.4,clay,fruiting,MEDIUM
34.6,32.5,9.0,67.0,loamy,fruiting,MEDIUM
23.2,66.7,0.0,68.0,sandy,flowering,MEDIUM
22.2,27.6,24.9,93.6,loamy,flowering,LOW
24.0,46.2,1.6,37.4,sandy,fruiting,HIGH
18.6,26.6,0.0,46.5,clay,flowering,MEDIUM
26.6,64.6,0.0,51.4,clay,vegetative,LOW
31.2,93.9,0.0,64.5,clay,vegetative,LOW
32.1,56.0,3.1,5.6,loamy,vegetative,HIGH
31.4,41.9,2.4,68.5,loamy,vegetative,MEDIUM
38.3,59.6,0.0,47.0,loamy,flowering,MEDIUM
27.0,48.4,4.9,57.7,sandy,flowering,MEDIUM
25.8,80.9,3.2,87.4,clay,fruiting,LOW
21.8,80.1,0.0,26.4,clay,vegetative,MEDIUM
39.1,71.3,0.0,30.0,loamy,fruiting,HIGH
34.3,74.0,0.0,32.4,sandy,vegetative,MEDIUM
35.0,79.4,11.9,77.7,clay,fruiting,LOW
29.5,41.0,0.0,42.6,clay,flowering,MEDIUM
39.3,37.3,25.0,67.4,clay,flowering,LOW
19.9,36.3,0.0,47.0,loamy,flowering,MEDIUM
38.7,71.8,4.8,54.8,loamy,fruiting,MEDIUM
21.9,70.4,16.6,42.2,loamy,fruiting,LOW
40.5,28.2,0.0,44.2,loamy,seedling,HIGH
20.5,36.0,0.0,67.9,clay,seedling,LOW
21.9,40.1,0.0,29.3,loamy,seedling,MEDIUM
26.4,83.9,0.0,60.8,sandy,flowering,MEDIUM
19.2,38.9,6.7,52.9,sandy,flowering,MEDIUM
27.7,52.1,3.2,48.7,sandy,flowering,MEDIUM
18.5,44.2,0.0,28.8,sandy,fruiting,HIGH
31.6,35.6,4.9,59.1,sandy,fruiting,MEDIUM
28.2,41.8,0.0,26.8,clay,seedling,HIGH
39.3,64.1,0.0,44.7,loamy,fruiting,HIGH
36.4,55.4,7.8,66.8,sandy,seedling,MEDIUM
36.9,26.5,0.0,41.2,sandy,flowering,HIGH
26.0,34.0,0.0,57.2,clay,seedling,MEDIUM
37.7,38.4,13.6,48.5,loamy,seedling,MEDIUM
36.9,53.5,12.1,38.4,loamy,fruiting,MEDIUM
23.5,85.4,0.0,60.1,clay,flowering,LOW
32.3,75.1,4.3,33.5,sandy,seedling,HIGH
40.5,80.7,1.6,18.6,clay,seedling,MEDIUM
24.4,64.7,4.3,24.8,clay,vegetative,LOW
41.1,41.7,3.8,19.7,clay,vegetative,MEDIUM
36.2,90.0,0.0,25.1,clay,fruiting,MEDIUM
39.6,81.1,4.4,58.5,sandy,vegetative,MEDIUM
28.6,60.0,0.0,45.9,clay,vegetative,LOW
24.6,76.9,0.0,41.1,loamy,flowering,MEDIUM
20.7,92.3,0.0,53.9,clay,seedling,LOW
22.1,32.8,0.0,48.5,loamy,vegetative,MEDIUM
32.2,92.0,0.0,44.9,sandy,seedling,MEDIUM
28.0,93.6,0.0,38.2,sandy,vegetative,MEDIUM
23.9,31.4,18.8,94.2,clay,seedling,LOW
25.9,62.3,0.0,73.7,clay,seedling,LOW
30.0,69.5,0.0,61.2,sandy,vegetative,MEDIUM
39.6,40.7,6.0,67.7,sandy,fruiting,MEDIUM
22.6,33.0,17.9,67.9,sandy,fruiting,LOW
40.1,68.9,0.0,21.1,loamy,seedling,HIGH
30.1,41.7,3.8,54.4,sandy,flowering,MEDIUM
32.5,69.1,0.0,12.2,loamy,fruiting,HIGH
28.1,67.8,0.0,66.0,sandy,vegetative,MEDIUM
36.5,28.7,24.0,94.0,clay,flowering,LOW
41.2,35.6,0.0,59.6,clay,fruiting,MEDIUM
21.4,66.7,1.2,79.7,clay,seedling,LOW
26.2,35.3,0.0,74.7,loamy,vegetative,MEDIUM
37.3,52.7,13.1,52.9,clay,seedling,MEDIUM
42.0,57.3,0.0,45.7,sandy,vegetative,HIGH
28.8,71.3,0.0,53.9,clay,vegetative,LOW
41.3,27.8,8.1,38.5,sandy,vegetative,MEDIUM
26.2,80.2,0.0,46.9,loamy,fruiting,MEDIUM
25.8,65.9,3.2,47.7,loamy,flowering,MEDIUM
39.4,66.3,0.0,53.0,clay,seedling,MEDIUM
35.5,57.2,14.3,70.1,clay,fruiting,LOW
28.1,44.1,0.0,43.4,loamy,flowering,MEDIUM
25.6,83.1,30.6,84.1,loamy,fruiting,LOW
24.2,87.9,0.0,53.4,clay,seedling,LOW
36.4,38.1,0.0,42.0,loamy,fruiting,HIGH
33.8,87.4,4.7,53.5,loamy,vegetative,MEDIUM
29.2,32.3,0.0,55.2,sandy,flowering,MEDIUM
25.1,36.9,9.9,92.6,loamy,seedling,LOW
22.3,74.9,0.0,80.7,clay,fruiting,LOW
34.6,88.6,0.0,37.3,sandy,flowering,HIGH
23.4,51.7,0.0,71.9,sandy,fruiting,MEDIUM
25.2,90.3,0.0,50.4,sandy,flowering,MEDIUM
31.3,72.8,0.0,62.6,sandy,fruiting,MEDIUM
23.1,39.0,4.0,53.7,clay,fruiting,LOW
24.3,51.1,12.0,66.4,loamy,seedling,LOW
28.8,72.6,0.0,42.4,sandy,flowering,HIGH
37.3,51.4,0.0,24.3,clay,vegetative,MEDIUM
30.7,82.5,5.5,41.9,loamy,fruiting,MEDIUM
25.8,64.0,0.0,73.6,clay,seedling,LOW
27.0,42.3,35.8,76.2,sandy,vegetative,LOW
33.0,85.0,5.3,95.0,loamy,flowering,LOW
34.6,65.2,0.7,47.6,loamy,vegetative,MEDIUM
39.6,57.5,2.8,36.9,loamy,flowering,MEDIUM
18.5,45.7,0.0,59.2,loamy,seedling,MEDIUM
35.0,85.7,4.9,72.7,clay,fruiting,LOW
40.6,94.6,0.0,49.6,loamy,fruiting,MEDIUM
41.0,58.4,13.1,50.0,clay,vegetative,LOW
29.6,72.9,0.0,67.2,clay,flowering,LOW
28.0,83.3,28.1,50.5,sandy,flowering,LOW
41.3,76.6,0.0,44.7,clay,flowering,MEDIUM
41.7,40.0,0.0,59.3,clay,fruiting,MEDIUM
25.1,52.5,0.0,49.3,sandy,seedling,MEDIUM
22.6,37.3,19.9,91.7,sandy,vegetative,LOW
37.7,71.7,11.3,40.8,sandy,seedling,MEDIUM
20.2,83.6,0.0,88.7,clay,seedling,LOW
36.4,49.6,0.0,35.1,loamy,fruiting,HIGH
38.3,25.0,2.7,55.8,loamy,vegetative,MEDIUM
33.4,70.3,2.2,5.0,clay,vegetative,MEDIUM
30.9,77.3,3.7,49.6,sandy,vegetative,MEDIUM
32.7,29.9,11.5,81.1,clay,fruiting,LOW
25.3,37.9,0.0,34.5,loamy,seedling,MEDIUM
35.1,36.1,0.0,73.3,sandy,flowering,MEDIUM
30.5,64.6,3.1,31.6,sandy,seedling,HIGH
41.5,35.1,11.8,41.0,clay,seedling,MEDIUM
34.9,28.5,0.0,11.3,loamy,flowering,HIGH
27.1,65.8,27.7,63.2,clay,seedling,LOW
39.2,54.6,0.0,73.3,sandy,flowering,MEDIUM
38.7,67.7,0.0,75.5,sandy,fruiting,MEDIUM
28.8,86.0,0.0,35.1,loamy,vegetative,MEDIUM
24.7,28.1,0.0,48.7,clay,vegetative,MEDIUM
27.7,43.7,0.0,52.5,sandy,flowering,HIGH
39.1,33.3,0.0,88.7,loamy,fruiting,MEDIUM
35.8,76.1,0.0,62.5,clay,flowering,LOW
29.8,73.6,0.0,25.8,sandy,vegetative,MEDIUM
20.5,53.3,0.0,50.2,clay,vegetative,MEDIUM
22.9,59.9,4.3,19.5,loamy,vegetative,MEDIUM
18.3,67.7,10.2,67.5,sandy,seedling,LOW
34.3,39.7,12.4,54.9,clay,seedling,LOW
21.0,62.6,1.3,39.9,sandy,seedling,HIGH
40.4,50.8,0.0,44.0,sandy,seedling,HIGH
40.6,65.8,0.0,13.3,loamy,fruiting,HIGH
34.5,44.9,0.0,57.6,clay,seedling,MEDIUM
26.4,77.3,11.1,50.4,loamy,vegetative,LOW
41.8,27.0,7.5,31.8,clay,fruiting,MEDIUM
33.4,74.4,0.0,23.5,sandy,vegetative,HIGH
25.8,74.9,4.4,53.3,clay,fruiting,LOW
29.8,94.4,0.0,64.2,clay,flowering,LOW
28.9,53.3,0.0,31.6,loamy,vegetative,MEDIUM
30.1,55.7,0.0,12.8,sandy,fruiting,HIGH
31.2,57.3,0.0,65.2,loamy,fruiting,MEDIUM
24.6,71.8,0.0,54.9,sandy,seedling,MEDIUM
19.5,48.4,0.0,35.2,sandy,flowering,HIGH
37.9,94.0,5.8,50.2,sandy,seedling,MEDIUM
30.2,68.4,0.6,79.3,loamy,vegetative,LOW
33.3,33.1,0.0,45.1,sandy,flowering,HIGH
34.3,91.7,19.1,95.0,sandy,vegetative,LOW
20.2,38.3,14.6,58.5,loamy,flowering,LOW
27.7,91.3,0.0,50.0,loamy,flowering,MEDIUM
34.7,31.2,0.0,38.5,sandy,vegetative,HIGH
21.4,44.0,0.0,5.0,loamy,seedling,HIGH
30.8,37.9,0.0,49.9,clay,vegetative,MEDIUM
25.3,68.8,0.0,61.2,clay,flowering,LOW
39.3,51.9,0.0,21.2,loamy,seedling,HIGH
33.9,69.7,4.6,52.6,clay,seedling,LOW
19.8,28.3,0.0,37.2,clay,fruiting,MEDIUM
29.9,79.1,35.8,38.5,loamy,seedling,LOW
34.8,29.1,0.0,19.5,sandy,flowering,HIGH
